resref,name,game,material_family,material_target,wiki_url,stackable,category
drk000im_mw_piece_1,Amulet Piece,da2,,,,0,accessories.amulets
drk000im_mw_piece_2,Amulet Piece,da2,,,,0,accessories.amulets
drk000im_mw_piece_3,Amulet Piece,da2,,,,0,accessories.amulets
drk_im_acc_amu_01,Chain of the Penitent,da2,,,https://dragonage.fandom.com/wiki/Chain_of_the_Penitent,0,accessories.amulets
drk_im_acc_amu_02,Doomward,da2,,,https://dragonage.fandom.com/wiki/Doomward,0,accessories.amulets
drk_im_acc_amu_03,Eye of Blue,da2,,,https://dragonage.fandom.com/wiki/Eye_of_Blue,0,accessories.amulets
drk_im_acc_amu_04,Smite,da2,,,https://dragonage.fandom.com/wiki/Smite,0,accessories.amulets
drk_im_acc_amu_anders,Seal of Dumat,da2,,,https://dragonage.fandom.com/wiki/Seal_of_Dumat,0,accessories.amulets
eye_im_acc_amu_and,Birds of a Feather,da2,,,https://dragonage.fandom.com/wiki/Birds_of_a_Feather,0,accessories.amulets
eye_im_acc_amu_ave,True Love's Course,da2,,,https://dragonage.fandom.com/wiki/True_Love%27s_Course,0,accessories.amulets
eye_im_acc_amu_bet,Miniature Family Portrait,da2,,,https://dragonage.fandom.com/wiki/Miniature_Family_Portrait,0,accessories.amulets
eye_im_acc_amu_car,Amulet of the Enthusiast,da2,,,https://dragonage.fandom.com/wiki/Amulet_of_the_Enthusiast,0,accessories.amulets
eye_im_acc_amu_fen,The Fog Warrior's Gift,da2,,,https://dragonage.fandom.com/wiki/The_Fog_Warrior%27s_Gift,0,accessories.amulets
eye_im_acc_amu_heart,Heart of the Many (amulet),da2,,,https://dragonage.fandom.com/wiki/Heart_of_the_Many_(amulet),0,accessories.amulets
eye_im_acc_amu_isa,Badge of the Felicisima Armada,da2,,,https://dragonage.fandom.com/wiki/Badge_of_the_Felicisima_Armada,0,accessories.amulets
eye_im_acc_amu_mer,Blood of Val Foret,da2,,,https://dragonage.fandom.com/wiki/Blood_of_Val_Foret,0,accessories.amulets
eye_im_acc_amu_seb,Gift of the Epicurean,da2,,,https://dragonage.fandom.com/wiki/Gift_of_the_Epicurean,0,accessories.amulets
eye_im_acc_amu_sneak,Skepticism,da2,,,https://dragonage.fandom.com/wiki/Skepticism,0,accessories.amulets
eye_im_acc_amu_var,The True Author's Token,da2,,,https://dragonage.fandom.com/wiki/The_True_Author%27s_Token,0,accessories.amulets
gen_im_acc_amu_act1_01,Lifestone,da2,,,https://dragonage.fandom.com/wiki/Lifestone_(Dragon_Age_II),0,accessories.amulets
gen_im_acc_amu_act1_02,Pewter Pendant of Wolves Howling at the Moon,da2,,,https://dragonage.fandom.com/wiki/Pewter_Pendant_of_Wolves_Howling_at_the_Moon,0,accessories.amulets
gen_im_acc_amu_act1_03,The Liar's Charm,da2,,,https://dragonage.fandom.com/wiki/The_Liar%27s_Charm,0,accessories.amulets
gen_im_acc_amu_act1_04,Meraas,da2,,,https://dragonage.fandom.com/wiki/Meraas,0,accessories.amulets
gen_im_acc_amu_act1_05,Amulet of Serenity,da2,,,https://dragonage.fandom.com/wiki/Amulet_of_Serenity,0,accessories.amulets
gen_im_acc_amu_act1_06,Amulet of Influence,da2,,,https://dragonage.fandom.com/wiki/Amulet_of_Influence,0,accessories.amulets
gen_im_acc_amu_act2_01,Polished Whitewood Amulet,da2,,,https://dragonage.fandom.com/wiki/Polished_Whitewood_Amulet,0,accessories.amulets
gen_im_acc_amu_act2_02,Moonstone Amulet,da2,,,https://dragonage.fandom.com/wiki/Moonstone_Amulet,0,accessories.amulets
gen_im_acc_amu_act2_03,Poisonwood Locket,da2,,,https://dragonage.fandom.com/wiki/Poisonwood_Locket,0,accessories.amulets
gen_im_acc_amu_act2_04,Brass Nug Charm,da2,,,https://dragonage.fandom.com/wiki/Brass_Nug_Charm,0,accessories.amulets
gen_im_acc_amu_act2_05,Gaudy Amethyst Pendant,da2,,,https://dragonage.fandom.com/wiki/Gaudy_Amethyst_Pendant,0,accessories.amulets
gen_im_acc_amu_act2_06,Magister's Lifestone,da2,,,https://dragonage.fandom.com/wiki/Magister%27s_Lifestone,0,accessories.amulets
gen_im_acc_amu_act2_07,Split Bone Necklace,da2,,,https://dragonage.fandom.com/wiki/Split_Bone_Necklace,0,accessories.amulets
gen_im_acc_amu_act2_08,Fen'Harel's Tooth,da2,,,https://dragonage.fandom.com/wiki/Fen%27Harel%27s_Tooth,0,accessories.amulets
gen_im_acc_amu_act3_01,White Scapular of the Defender,da2,,,https://dragonage.fandom.com/wiki/White_Scapular_of_the_Defender,0,accessories.amulets
gen_im_acc_amu_act3_02,Dreamcatcher,da2,,,https://dragonage.fandom.com/wiki/Dreamcatcher,0,accessories.amulets
gen_im_acc_amu_act3_03,Four-Fingered Eddie's Lucky Talisman,da2,,,https://dragonage.fandom.com/wiki/Four-Fingered_Eddie%27s_Lucky_Talisman,0,accessories.amulets
gen_im_acc_amu_act3_04,Warden's Oath,da2,,,https://dragonage.fandom.com/wiki/Warden%27s_Oath_(Dragon_Age_II),0,accessories.amulets
gen_im_acc_amu_act3_05,Rhinestone-Studded Symbol of Andraste,da2,,,https://dragonage.fandom.com/wiki/Rhinestone-Studded_Symbol_of_Andraste,0,accessories.amulets
gen_im_acc_amu_act3_06,Filigreed Orlesian Pendant,da2,,,https://dragonage.fandom.com/wiki/Filigreed_Orlesian_Pendant,0,accessories.amulets
gen_im_acc_amu_act3_07,The Sacred Heart,da2,,,https://dragonage.fandom.com/wiki/The_Sacred_Heart,0,accessories.amulets
gen_im_acc_amu_act3_08,Van Markham's Heirloom,da2,,,https://dragonage.fandom.com/wiki/Van_Markham%27s_Heirloom,0,accessories.amulets
gen_im_acc_amu_act3_09,Chantry Amulet,da2,,,https://dragonage.fandom.com/wiki/Chantry_Amulet_(Dragon_Age_II),0,accessories.amulets
gen_im_acc_amu_act3_10,Amulet of the Tempest,da2,,,https://dragonage.fandom.com/wiki/Amulet_of_the_Tempest,0,accessories.amulets
gen_im_acc_amu_lore_01,Urzara's Tooth,da2,,,https://dragonage.fandom.com/wiki/Urzara%27s_Tooth,0,accessories.amulets
gen_im_acc_amu_lore_02,Tranquility,da2,,,https://dragonage.fandom.com/wiki/Tranquility_(amulet),0,accessories.amulets
gen_im_acc_amu_lore_03,Gem of Keroshek,da2,,,https://dragonage.fandom.com/wiki/Gem_of_Keroshek,0,accessories.amulets
gen_im_acc_amu_lore_04,Talisman of Saarebas,da2,,,https://dragonage.fandom.com/wiki/Talisman_of_Saarebas,0,accessories.amulets
prm000im_ashes_amulet,Amulet of Ashes,da2,,,https://dragonage.fandom.com/wiki/Amulet_of_Ashes,0,accessories.amulets
prm000im_fut01,Pendant of the Morning Frost,da2,,,https://dragonage.fandom.com/wiki/Pendant_of_the_Morning_Frost,0,accessories.amulets
rgb000im_isabela_gift,The Pearl,da2,,,https://dragonage.fandom.com/wiki/The_Pearl_(amulet),0,accessories.amulets
rog000im_isabela_gift_2,The Pearl,da2,,,https://dragonage.fandom.com/wiki/The_Pearl_(amulet),0,accessories.amulets
tbe200im_dull_amulet,Dull Brass Amulet,da2,,,https://dragonage.fandom.com/wiki/Dull_Brass_Amulet,0,accessories.amulets
drk_im_acc_blt_01,Bloodstained Girdle,da2,,,https://dragonage.fandom.com/wiki/Bloodstained_Girdle,0,accessories.belts
drk_im_acc_blt_02,Buckled Cinch of the Imperium,da2,,,https://dragonage.fandom.com/wiki/Buckled_Cinch_of_the_Imperium,0,accessories.belts
drk_im_acc_blt_03,Ties That Bind,da2,,,https://dragonage.fandom.com/wiki/Ties_That_Bind,0,accessories.belts
drk_im_acc_blt_hawke,Belt of the Hawke,da2,,,https://dragonage.fandom.com/wiki/Belt_of_the_Hawke,0,accessories.belts
eye_im_acc_blt_01,Wyvern Hunter's Belt,da2,,,https://dragonage.fandom.com/wiki/Wyvern_Hunter%27s_Belt,0,accessories.belts
eye_im_acc_blt_02,Girdle of the Skies,da2,,,https://dragonage.fandom.com/wiki/Girdle_of_the_Skies,0,accessories.belts
eye_im_acc_blt_03,Master Wyvern Hunter's Belt,da2,,,https://dragonage.fandom.com/wiki/Master_Wyvern_Hunter%27s_Belt,0,accessories.belts
gen_im_acc_blt_act1_01,Enchanted Silverite Chain Belt,da2,,,https://dragonage.fandom.com/wiki/Enchanted_Silverite_Chain_Belt,0,accessories.belts
gen_im_acc_blt_act1_02,Sailors' Rope Belt,da2,,,https://dragonage.fandom.com/wiki/Sailors%27_Rope_Belt,0,accessories.belts
gen_im_acc_blt_act1_03,Handlers' Whip,da2,,,https://dragonage.fandom.com/wiki/Handlers%27_Whip,0,accessories.belts
gen_im_acc_blt_act1_04,String of Pearls,da2,,,https://dragonage.fandom.com/wiki/String_of_Pearls,0,accessories.belts
gen_im_acc_blt_act1_05,Pirate Sash,da2,,,https://dragonage.fandom.com/wiki/Pirate_Sash,0,accessories.belts
gen_im_acc_blt_act1_06,Belt of the Brigand,da2,,,https://dragonage.fandom.com/wiki/Belt_of_the_Brigand,0,accessories.belts
gen_im_acc_blt_act1_07,Belt of the Chastened,da2,,,https://dragonage.fandom.com/wiki/Belt_of_the_Chastened,0,accessories.belts
gen_im_acc_blt_act2_01,Belt of Unknowing,da2,,,https://dragonage.fandom.com/wiki/Belt_of_Unknowing,0,accessories.belts
gen_im_acc_blt_act2_02,Belt of the Primevals,da2,,,https://dragonage.fandom.com/wiki/Belt_of_the_Primevals,0,accessories.belts
gen_im_acc_blt_act2_03,Seneschals' Leather Strap,da2,,,https://dragonage.fandom.com/wiki/Seneschals%27_Leather_Strap,0,accessories.belts
gen_im_acc_blt_act2_04,Dalish Embossed Belt,da2,,,https://dragonage.fandom.com/wiki/Dalish_Embossed_Belt,0,accessories.belts
gen_im_acc_blt_act2_05,Cord of the Weyr-Beast,da2,,,https://dragonage.fandom.com/wiki/Cord_of_the_Weyr-Beast,0,accessories.belts
gen_im_acc_blt_act2_06,Sash of the Tirashan,da2,,,https://dragonage.fandom.com/wiki/Sash_of_the_Tirashan,0,accessories.belts
gen_im_acc_blt_act2_07,Belt of Vigor,da2,,,https://dragonage.fandom.com/wiki/Belt_of_Vigor,0,accessories.belts
gen_im_acc_blt_act3_01,Andruil's Braid,da2,,,https://dragonage.fandom.com/wiki/Andruil%27s_Braid,0,accessories.belts
gen_im_acc_blt_act3_02,Seven Deadly Cinch,da2,,,https://dragonage.fandom.com/wiki/Seven_Deadly_Cinch,0,accessories.belts
gen_im_acc_blt_act3_03,Griffon-Feather Belt,da2,,,https://dragonage.fandom.com/wiki/Griffon-Feather_Belt,0,accessories.belts
gen_im_acc_blt_act3_04,Belt of Woven Elf Hair,da2,,,https://dragonage.fandom.com/wiki/Belt_of_Woven_Elf_Hair,0,accessories.belts
gen_im_acc_blt_act3_05,Rock Band,da2,,,https://dragonage.fandom.com/wiki/Rock_Band,0,accessories.belts
gen_im_acc_blt_act3_06,Fereldan Circle Sash,da2,,,https://dragonage.fandom.com/wiki/Fereldan_Circle_Sash,0,accessories.belts
gen_im_acc_blt_act3_07,The Hanged Man's Girdle,da2,,,https://dragonage.fandom.com/wiki/The_Hanged_Man%27s_Girdle,0,accessories.belts
gen_im_acc_blt_act3_08,Belt of the Silent Sisters,da2,,,https://dragonage.fandom.com/wiki/Belt_of_the_Silent_Sisters,0,accessories.belts
gen_im_acc_blt_act3_09,Deepstalker's Belt,da2,,,https://dragonage.fandom.com/wiki/Deepstalker%27s_Belt,0,accessories.belts
gen_im_acc_blt_act3_10,Sash of the Halla,da2,,,https://dragonage.fandom.com/wiki/Sash_of_the_Halla,0,accessories.belts
gen_im_acc_blt_act3_11,Concealer's Sash,da2,,,https://dragonage.fandom.com/wiki/Concealer%27s_Sash,0,accessories.belts
gen_im_acc_blt_lore_01,Templar Ceremonial Cummerbund,da2,,,https://dragonage.fandom.com/wiki/Templar_Ceremonial_Cummerbund,0,accessories.belts
gen_im_acc_blt_lore_02,Karasten's Belt,da2,,,https://dragonage.fandom.com/wiki/Karasten%27s_Belt,0,accessories.belts
gen_im_acc_blt_lore_03,Girdle of the Elders,da2,,,https://dragonage.fandom.com/wiki/Girdle_of_the_Elders,0,accessories.belts
mag000im_anders_gift_2,Visionary's Girdle,da2,,,https://dragonage.fandom.com/wiki/Visionary%27s_Girdle,0,accessories.belts
mgb000im_anders_gift,Visionary's Girdle,da2,,,https://dragonage.fandom.com/wiki/Visionary%27s_Girdle,0,accessories.belts
prm000im_evra_belt,Evra's Trophy Belt,da2,,,https://dragonage.fandom.com/wiki/Evra%27s_Trophy_Belt,0,accessories.belts
prm000im_fut04,The High Lords' Belt,da2,,,https://dragonage.fandom.com/wiki/The_High_Lords%27_Belt,0,accessories.belts
rgb000im_sebastian_gift,The Adherent's Belt,da2,,,https://dragonage.fandom.com/wiki/The_Adherent%27s_Belt,0,accessories.belts
rgb000im_varric_gift,The Refined Gentleman's Sash,da2,,,https://dragonage.fandom.com/wiki/The_Refined_Gentleman%27s_Sash,0,accessories.belts
rog000im_sebastian_gift_2,The Adherent's Belt,da2,,,https://dragonage.fandom.com/wiki/The_Adherent%27s_Belt,0,accessories.belts
rog000im_varric_gift_2,The Refined Gentleman's Sash,da2,,,https://dragonage.fandom.com/wiki/The_Refined_Gentleman%27s_Sash,0,accessories.belts
seb200im_twilight_belt,Twilight Belt,da2,,,https://dragonage.fandom.com/wiki/Twilight_Belt,0,accessories.belts
tbe100im_sturdy_belt,Sturdy Belt,da2,,,https://dragonage.fandom.com/wiki/Sturdy_Belt,0,accessories.belts
tbe300im_promise_belt,The Belt of Promise,da2,,,https://dragonage.fandom.com/wiki/The_Belt_of_Promise,0,accessories.belts
dae010_wandering_priest_f,Wandering Priest,da2,,,,0,accessories.rings
drk_im_acc_rng_01,Twisted Steel Ring,da2,,,https://dragonage.fandom.com/wiki/Twisted_Steel_Ring,0,accessories.rings
drk_im_acc_rng_02,The Skylark's Golden Ring,da2,,,https://dragonage.fandom.com/wiki/The_Skylark%27s_Golden_Ring,0,accessories.rings
drk_im_acc_rng_03,The Graven Circle,da2,,,https://dragonage.fandom.com/wiki/The_Graven_Circle,0,accessories.rings
drk_im_acc_rng_04,Unity,da2,,,https://dragonage.fandom.com/wiki/Unity_(ring),0,accessories.rings
drk_im_acc_rng_05,Ichor,da2,,,https://dragonage.fandom.com/wiki/Ichor,0,accessories.rings
drk_im_acc_rng_varric,Turquoise Ring of the Archon,da2,,,https://dragonage.fandom.com/wiki/Turquoise_Ring_of_the_Archon,0,accessories.rings
eye_im_acc_rng_01,Gnawed Shiny Ring,da2,,,https://dragonage.fandom.com/wiki/Gnawed_Shiny_Ring,0,accessories.rings
eye_im_acc_rng_ave,Signet of the Red,da2,,,https://dragonage.fandom.com/wiki/Signet_of_the_Red,0,accessories.rings
eye_im_acc_rng_sneak,Uncertainty,da2,,,https://dragonage.fandom.com/wiki/Uncertainty,0,accessories.rings
eye_im_acc_rng_sneak2,Anxiety,da2,,,https://dragonage.fandom.com/wiki/Anxiety,0,accessories.rings
gen_im_acc_rng_act1_01,Ring of the Magister,da2,,,https://dragonage.fandom.com/wiki/Ring_of_the_Magister,0,accessories.rings
gen_im_acc_rng_act1_02,Runed Silverite Ring,da2,,,https://dragonage.fandom.com/wiki/Runed_Silverite_Ring,0,accessories.rings
gen_im_acc_rng_act1_03,Gentleman's Puzzle Ring,da2,,,https://dragonage.fandom.com/wiki/Gentleman%27s_Puzzle_Ring,0,accessories.rings
gen_im_acc_rng_act1_04,Gallows Slave Finger-Cuffs,da2,,,https://dragonage.fandom.com/wiki/Gallows_Slave_Finger-Cuffs,0,accessories.rings
gen_im_acc_rng_act1_05,Guild Ring,da2,,,https://dragonage.fandom.com/wiki/Guild_Ring,0,accessories.rings
gen_im_acc_rng_act1_06,Dirthamen's Secret,da2,,,https://dragonage.fandom.com/wiki/Dirthamen%27s_Secret,0,accessories.rings
gen_im_acc_rng_act2_01,Rivaini Seer's Brand,da2,,,https://dragonage.fandom.com/wiki/Rivaini_Seer%27s_Brand,0,accessories.rings
gen_im_acc_rng_act2_02,Ring of Incandescence,da2,,,https://dragonage.fandom.com/wiki/Ring_of_Incandescence,0,accessories.rings
gen_im_acc_rng_act2_03,Carved Ring of the Vhenadahl,da2,,,https://dragonage.fandom.com/wiki/Carved_Ring_of_the_Vhenadahl,0,accessories.rings
gen_im_acc_rng_act2_04,The Seal of Kirkwall,da2,,,https://dragonage.fandom.com/wiki/The_Seal_of_Kirkwall,0,accessories.rings
gen_im_acc_rng_act2_05,Etched Ring of the Twins,da2,,,https://dragonage.fandom.com/wiki/Etched_Ring_of_the_Twins,0,accessories.rings
gen_im_acc_rng_act2_06,Twice-Blessed Ring,da2,,,https://dragonage.fandom.com/wiki/Twice-Blessed_Ring,0,accessories.rings
gen_im_acc_rng_act2_07,Ring of the Seven Watchers,da2,,,https://dragonage.fandom.com/wiki/Ring_of_the_Seven_Watchers,0,accessories.rings
gen_im_acc_rng_act2_08,Ring of the Faithful,da2,,,https://dragonage.fandom.com/wiki/Ring_of_the_Faithful,0,accessories.rings
gen_im_acc_rng_act2_09,Ring of Ruin,da2,,,https://dragonage.fandom.com/wiki/Ring_of_Ruin,0,accessories.rings
gen_im_acc_rng_act2_10,Tear of Ferelden,da2,,,https://dragonage.fandom.com/wiki/Tear_of_Ferelden,0,accessories.rings
gen_im_acc_rng_act3_01,The Jade Serpent,da2,,,https://dragonage.fandom.com/wiki/The_Jade_Serpent,0,accessories.rings
gen_im_acc_rng_act3_02,Onyx Ring of the Dales,da2,,,https://dragonage.fandom.com/wiki/Onyx_Ring_of_the_Dales,0,accessories.rings
gen_im_acc_rng_act3_03,Orsino's Signet Ring,da2,,,https://dragonage.fandom.com/wiki/Orsino%27s_Signet_Ring,0,accessories.rings
gen_im_acc_rng_act3_04,Mark of the Fallen,da2,,,https://dragonage.fandom.com/wiki/Mark_of_the_Fallen,0,accessories.rings
gen_im_acc_rng_act3_05,Three Wolf Boon,da2,,,https://dragonage.fandom.com/wiki/Three_Wolf_Boon,0,accessories.rings
gen_im_acc_rng_act3_06,Ring of the Shadow Hunter,da2,,,https://dragonage.fandom.com/wiki/Ring_of_the_Shadow_Hunter,0,accessories.rings
gen_im_acc_rng_act3_07,Warden's Promise,da2,,,https://dragonage.fandom.com/wiki/Warden%27s_Promise,0,accessories.rings
gen_im_acc_rng_act3_08,Band of Silvery Gold,da2,,,https://dragonage.fandom.com/wiki/Band_of_Silvery_Gold,0,accessories.rings
gen_im_acc_rng_act3_09,Ring of the Archmage,da2,,,https://dragonage.fandom.com/wiki/Ring_of_the_Archmage,0,accessories.rings
gen_im_acc_rng_act3_10,Ring of the Emerald Knights,da2,,,https://dragonage.fandom.com/wiki/Ring_of_the_Emerald_Knights,0,accessories.rings
gen_im_acc_rng_act3_11,Demon's Eye,da2,,,https://dragonage.fandom.com/wiki/Demon%27s_Eye,0,accessories.rings
gen_im_acc_rng_act3_12,Pretty Little Thing,da2,,,https://dragonage.fandom.com/wiki/Pretty_Little_Thing,0,accessories.rings
gen_im_acc_rng_act3_13,Awakened's Might,da2,,,https://dragonage.fandom.com/wiki/Awakened%27s_Might,0,accessories.rings
gen_im_acc_rng_act3_14,Ring of the Wounded Coast,da2,,,https://dragonage.fandom.com/wiki/Ring_of_the_Wounded_Coast,0,accessories.rings
gen_im_acc_rng_lore_01,Ring of the Ferryman,da2,,,https://dragonage.fandom.com/wiki/Ring_of_the_Ferryman,0,accessories.rings
gen_im_acc_rng_lore_02,Bardin's Folly,da2,,,https://dragonage.fandom.com/wiki/Bardin%27s_Folly,0,accessories.rings
gen_im_acc_rng_lore_03,Puzzle Ring of the Black Fox,da2,,,https://dragonage.fandom.com/wiki/Puzzle_Ring_of_the_Black_Fox,0,accessories.rings
gen_im_acc_rng_mrl1,Sylvanwood Ring,da2,,,https://dragonage.fandom.com/wiki/Sylvanwood_Ring_(ring),0,accessories.rings
mag000im_anders_gift,Ring of the Awakened,da2,,,https://dragonage.fandom.com/wiki/Ring_of_the_Awakened,0,accessories.rings
mrl251ip_bosshorde_d,Glittering Treasure,da2,,,,0,accessories.rings
one100ar_ironwood,Ironwood Clearing,da2,,,,0,accessories.rings
prm000im_lothering_tome,Lothering's Lament,da2,,,https://dragonage.fandom.com/wiki/Lothering%27s_Lament,0,accessories.rings
pro000ar_blightlands_fake,Outside Lothering,da2,,,,0,accessories.rings
pro000ar_blightlands_real,Outside Lothering,da2,,,,0,accessories.rings
pro000ip_wesleys_ring,Wesley's Ring,da2,,,https://dragonage.fandom.com/wiki/Wesley_Vallen,0,accessories.rings
tbe000im_wisdom_ring,Ring of Unheeded Wisdom,da2,,,https://dragonage.fandom.com/wiki/Ring_of_Unheeded_Wisdom,0,accessories.rings
tbe300im_nowish_ring,Ring of No Wishes,da2,,,https://dragonage.fandom.com/wiki/Ring_of_No_Wishes,0,accessories.rings
drk_im_arm_boo_hvy_01,Boots of the Fortress,da2,,,https://dragonage.fandom.com/wiki/Boots_of_the_Fortress,0,armor.boots.heavy
eye_im_arm_boo_hvy_vault,Orlesian Lancer Boots,da2,,,https://dragonage.fandom.com/wiki/Orlesian_Lancer_Boots,0,armor.boots.heavy
fake_im_arm_boo_hvy_champ,Boots of the Champion,da2,,,,0,armor.boots.heavy
gen_im_arm_boo_hvy_act1_01,The March of Thunder,da2,,,https://dragonage.fandom.com/wiki/The_March_of_Thunder,0,armor.boots.heavy
gen_im_arm_boo_hvy_act1_02,Qunari War Boots,da2,,,https://dragonage.fandom.com/wiki/Qunari_War_Boots,0,armor.boots.heavy
gen_im_arm_boo_hvy_act1_03,Surfacer Stone Boots,da2,,,https://dragonage.fandom.com/wiki/Surfacer_Stone_Boots,0,armor.boots.heavy
gen_im_arm_boo_hvy_act2_01,Blackened Greaves,da2,,,https://dragonage.fandom.com/wiki/Blackened_Greaves,0,armor.boots.heavy
gen_im_arm_boo_hvy_act2_02,Avvarian War Boots,da2,,,https://dragonage.fandom.com/wiki/Avvarian_War_Boots,0,armor.boots.heavy
gen_im_arm_boo_hvy_act2_03,Golem's Leg,da2,,,https://dragonage.fandom.com/wiki/Golem%27s_Leg,0,armor.boots.heavy
gen_im_arm_boo_hvy_act3_01,Boots of the White Spire,da2,,,https://dragonage.fandom.com/wiki/Boots_of_the_White_Spire,0,armor.boots.heavy
gen_im_arm_boo_hvy_act3_02,Dragonscale Boots,da2,,,https://dragonage.fandom.com/wiki/Dragonscale_Boots,0,armor.boots.heavy
gen_im_arm_boo_hvy_champion,Boots of the Champion,da2,,,https://dragonage.fandom.com/wiki/Boots_of_the_Champion_(warrior),0,armor.boots.heavy
gen_im_arm_boo_hvy_set_high,Stonehammer Boots,da2,,,https://dragonage.fandom.com/wiki/Stonehammer_Boots,0,armor.boots.heavy
gen_im_arm_boo_hvy_set_med,Boots of the Fallen,da2,,,https://dragonage.fandom.com/wiki/Boots_of_the_Fallen,0,armor.boots.heavy
gen_im_arm_boo_hvy_start,Fereldan Field Boots,da2,,,https://dragonage.fandom.com/wiki/Fereldan_Field_Boots,0,armor.boots.heavy
drk_im_arm_boo_lgt_01,Footwraps of the Silent One,da2,,,https://dragonage.fandom.com/wiki/Footwraps_of_the_Silent_One,0,armor.boots.light
eye_im_arm_boo_lgt_vault,Boots of Enchanter Illana,da2,,,https://dragonage.fandom.com/wiki/Boots_of_Enchanter_Illana,0,armor.boots.light
fake_im_arm_boo_lgt_champ,Boots of the Champion,da2,,,,0,armor.boots.light
gen_im_arm_boo_lgt_act1_01,Formari Work Boots,da2,,,https://dragonage.fandom.com/wiki/Formari_Work_Boots,0,armor.boots.light
gen_im_arm_boo_lgt_act1_02,Boots of the Isolationist,da2,,,https://dragonage.fandom.com/wiki/Boots_of_the_Isolationist,0,armor.boots.light
gen_im_arm_boo_lgt_act1_03,Boots of the Elder,da2,,,https://dragonage.fandom.com/wiki/Boots_of_the_Elder,0,armor.boots.light
gen_im_arm_boo_lgt_act2_01,Enchanter's Spatterdashes,da2,,,https://dragonage.fandom.com/wiki/Enchanter%27s_Spatterdashes,0,armor.boots.light
gen_im_arm_boo_lgt_act2_02,Ghillie Brogues,da2,,,https://dragonage.fandom.com/wiki/Ghillie_Brogues,0,armor.boots.light
gen_im_arm_boo_lgt_act2_03,Boots of the Redd,da2,,,https://dragonage.fandom.com/wiki/Boots_of_the_Redd,0,armor.boots.light
gen_im_arm_boo_lgt_act3_01,Embroidered Dancing Shoes,da2,,,https://dragonage.fandom.com/wiki/Embroidered_Dancing_Shoes,0,armor.boots.light
gen_im_arm_boo_lgt_act3_02,Boots of the Void,da2,,,https://dragonage.fandom.com/wiki/Boots_of_the_Void,0,armor.boots.light
gen_im_arm_boo_lgt_act3_03,Harlan's Jackboots,da2,,,https://dragonage.fandom.com/wiki/Harlan%27s_Jackboots,0,armor.boots.light
gen_im_arm_boo_lgt_champion,Boots of the Champion,da2,,,https://dragonage.fandom.com/wiki/Boots_of_the_Champion_(mage),0,armor.boots.light
gen_im_arm_boo_lgt_set_high,Boots of the Overseer,da2,,,https://dragonage.fandom.com/wiki/Boots_of_the_Overseer,0,armor.boots.light
gen_im_arm_boo_lgt_set_med,Boots of the Spiral Eye,da2,,,https://dragonage.fandom.com/wiki/Boots_of_the_Spiral_Eye,0,armor.boots.light
gen_im_arm_boo_lgt_start,Apostate's Boots,da2,,,https://dragonage.fandom.com/wiki/Apostate%27s_Boots,0,armor.boots.light
drk_im_arm_boo_med_01,Warden Scout's Boots,da2,,,https://dragonage.fandom.com/wiki/Warden_Scout%27s_Boots,0,armor.boots.medium
eye_im_arm_boo_med_vault,Boots of the Messenger,da2,,,https://dragonage.fandom.com/wiki/Boots_of_the_Messenger,0,armor.boots.medium
fake_im_arm_boo_med_champ,Boots of the Champion,da2,,,,0,armor.boots.medium
gen_im_arm_boo_med_act1_01,Lowtown Stompers,da2,,,https://dragonage.fandom.com/wiki/Lowtown_Stompers,0,armor.boots.medium
gen_im_arm_boo_med_act1_02,Footpad's Secret,da2,,,https://dragonage.fandom.com/wiki/Footpad%27s_Secret,0,armor.boots.medium
gen_im_arm_boo_med_act1_03,Hunter's Boots,da2,,,https://dragonage.fandom.com/wiki/Hunter%27s_Boots,0,armor.boots.medium
gen_im_arm_boo_med_act2_01,Zoey's Battered Horde-Kickers,da2,,,https://dragonage.fandom.com/wiki/Zoey%27s_Battered_Horde-Kickers,0,armor.boots.medium
gen_im_arm_boo_med_act2_02,Highwayman's Lambskin Boots,da2,,,https://dragonage.fandom.com/wiki/Highwayman%27s_Lambskin_Boots,0,armor.boots.medium
gen_im_arm_boo_med_act2_03,Worn Leather Boots,da2,,,https://dragonage.fandom.com/wiki/Worn_Leather_Boots,0,armor.boots.medium
gen_im_arm_boo_med_act3_01,Boots of Free Marching,da2,,,https://dragonage.fandom.com/wiki/Boots_of_Free_Marching,0,armor.boots.medium
gen_im_arm_boo_med_act3_02,Windstrider Boots,da2,,,https://dragonage.fandom.com/wiki/Windstrider_Boots,0,armor.boots.medium
gen_im_arm_boo_med_champion,Boots of the Champion,da2,,,https://dragonage.fandom.com/wiki/Boots_of_the_Champion_(rogue),0,armor.boots.medium
gen_im_arm_boo_med_lore_01,Blackfeather Boots,da2,,,https://dragonage.fandom.com/wiki/Blackfeather_Boots,0,armor.boots.medium
gen_im_arm_boo_med_set_high,Boots of Enasalin,da2,,,https://dragonage.fandom.com/wiki/Boots_of_Enasalin,0,armor.boots.medium
gen_im_arm_boo_med_set_med,Last Descent Boots,da2,,,https://dragonage.fandom.com/wiki/Last_Descent_Boots,0,armor.boots.medium
gen_im_arm_boo_med_start,Rough Leather Boots,da2,,,https://dragonage.fandom.com/wiki/Rough_Leather_Boots,0,armor.boots.medium
gen_im_delete_me_04,Splintmail Boots,da2,,,,0,armor.boots.medium
gen_im_delete_me_09,Splintmail Boots,da2,,,,0,armor.boots.medium
gen_im_delete_me_10,Heavy Chain Mail Boots,da2,,,,0,armor.boots.medium
mag300im_mage_boots,Orlesian Silk Boots,da2,,,https://dragonage.fandom.com/wiki/Orlesian_Silk_Boots,0,armor.boots.medium
prm000im_frozen_boots,Boots of the Frozen Wastes,da2,,,https://dragonage.fandom.com/wiki/Boots_of_the_Frozen_Wastes,0,armor.boots.medium
prm000im_isaac_boots,Ser Isaac's Boots,da2,,,https://dragonage.fandom.com/wiki/Ser_Isaac%27s_Boots,0,armor.boots.medium
rog300im_rogue_boots,Rat Red's Longboots,da2,,,https://dragonage.fandom.com/wiki/Rat_Red%27s_Longboots,0,armor.boots.medium
tbe100im_weight_boots,Boots of Tremendous Weight,da2,,,https://dragonage.fandom.com/wiki/Boots_of_Tremendous_Weight,0,armor.boots.medium
tbe200im_stealth_boots,Stealth Boots,da2,,,https://dragonage.fandom.com/wiki/Stealth_Boots,0,armor.boots.medium
wrb300im_warrior_boots,Boots of Faith,da2,,,https://dragonage.fandom.com/wiki/Boots_of_Faith,0,armor.boots.medium
dae000cr_merchant_armor,Armorer,da2,,,,0,armor.chestpieces.heavy
dae020ip_merch_armor,Olaf's Armory,da2,,,,0,armor.chestpieces.heavy
dae110ip_store_armor,Armor Stand,da2,,,,0,armor.chestpieces.heavy
dae170ip_armor_store,Armor Shop,da2,,,,0,armor.chestpieces.heavy
dae210ip_store_armor,Armor Merchant,da2,,,,0,armor.chestpieces.heavy
dae270ip_armor_store,Armor Shop,da2,,,,0,armor.chestpieces.heavy
dae310ip_store_armor,Armor Store,da2,,,,0,armor.chestpieces.heavy
dae370ip_armor_store,Armor Shop,da2,,,,0,armor.chestpieces.heavy
drk_im_arm_cht_hvy_01,Chestplate of the Fortress,da2,,,https://dragonage.fandom.com/wiki/Chestplate_of_the_Fortress,0,armor.chestpieces.heavy
eye_im_arm_cht_hvy_vault,Orlesian Lancer Armor,da2,,,https://dragonage.fandom.com/wiki/Orlesian_Lancer_Armor,0,armor.chestpieces.heavy
fake_im_arm_cht_hvy_champ,Warplate of the Champion,da2,,,,0,armor.chestpieces.heavy
gen_im_arm_cht_hvy_act0_01,Mercenary's Reinforced Plate,da2,,,https://dragonage.fandom.com/wiki/Mercenary%27s_Reinforced_Plate,0,armor.chestpieces.heavy
gen_im_arm_cht_hvy_act0_02,Smuggler's Plate and Mail,da2,,,https://dragonage.fandom.com/wiki/Smuggler%27s_Plate_and_Mail,0,armor.chestpieces.heavy
gen_im_arm_cht_hvy_act1_01,Dragon Hunter's Hauberk,da2,,,https://dragonage.fandom.com/wiki/Dragon_Hunter%27s_Hauberk,0,armor.chestpieces.heavy
gen_im_arm_cht_hvy_act1_02,Marcher Battle Plate,da2,,,https://dragonage.fandom.com/wiki/Marcher_Battle_Plate,0,armor.chestpieces.heavy
gen_im_arm_cht_hvy_act1_03,Armor of the Wall,da2,,,https://dragonage.fandom.com/wiki/Armor_of_the_Wall,0,armor.chestpieces.heavy
gen_im_arm_cht_hvy_act1_04,Surfacer Stone Armor,da2,,,https://dragonage.fandom.com/wiki/Surfacer_Stone_Armor,0,armor.chestpieces.heavy
gen_im_arm_cht_hvy_act2_01,Trevisian Breastplate,da2,,,https://dragonage.fandom.com/wiki/Trevisian_Breastplate,0,armor.chestpieces.heavy
gen_im_arm_cht_hvy_act2_02,Dissension,da2,,,https://dragonage.fandom.com/wiki/Dissension,0,armor.chestpieces.heavy
gen_im_arm_cht_hvy_act2_03,Monolith's Heart,da2,,,https://dragonage.fandom.com/wiki/Monolith%27s_Heart,0,armor.chestpieces.heavy
gen_im_arm_cht_hvy_act3_01,Red Breastplate,da2,,,https://dragonage.fandom.com/wiki/Red_Breastplate,0,armor.chestpieces.heavy
gen_im_arm_cht_hvy_act3_02,Knight-Templar Regalia,da2,,,https://dragonage.fandom.com/wiki/Knight-Templar_Regalia,0,armor.chestpieces.heavy
gen_im_arm_cht_hvy_act3_03,Proving Battle Tunic,da2,,,https://dragonage.fandom.com/wiki/Proving_Battle_Tunic,0,armor.chestpieces.heavy
gen_im_arm_cht_hvy_act3_04,Chains of the Vaarad,da2,,,https://dragonage.fandom.com/wiki/Chains_of_the_Vaarad,0,armor.chestpieces.heavy
gen_im_arm_cht_hvy_champion,Warplate of the Champion,da2,,,https://dragonage.fandom.com/wiki/Warplate_of_the_Champion,0,armor.chestpieces.heavy
gen_im_arm_cht_hvy_lore_01,Cuirass of the Centurion,da2,,,https://dragonage.fandom.com/wiki/Cuirass_of_the_Centurion,0,armor.chestpieces.heavy
gen_im_arm_cht_hvy_set_high,Stonehammer Plate,da2,,,https://dragonage.fandom.com/wiki/Stonehammer_Plate,0,armor.chestpieces.heavy
gen_im_arm_cht_hvy_set_med,Warplate of the Fallen,da2,,,https://dragonage.fandom.com/wiki/Warplate_of_the_Fallen,0,armor.chestpieces.heavy
gen_im_arm_cht_hvy_start,Fereldan Field Armor,da2,,,https://dragonage.fandom.com/wiki/Fereldan_Field_Armor,0,armor.chestpieces.heavy
gen_im_delete_me_07,Splintmail,da2,,,,0,armor.chestpieces.heavy
gen_im_delete_me_08,Heavy Chain Mail,da2,,,,0,armor.chestpieces.heavy
mrl251ip_bosshorde_c,Suit of Armor,da2,,,,0,armor.chestpieces.heavy
prm000im_blood_chest,Blood Dragon Armor,da2,,,https://dragonage.fandom.com/wiki/Blood_Dragon_Armor,0,armor.chestpieces.heavy
prm000im_isaac_chest,Ser Isaac's Armor,da2,,,https://dragonage.fandom.com/wiki/Ser_Isaac%27s_Armor,0,armor.chestpieces.heavy
tbe100ip_free_weapons,Discarded Weapons and Armor,da2,,,,0,armor.chestpieces.heavy
tbe200im_forgotten_chest,King Something the Forgotten's Armor,da2,,,https://dragonage.fandom.com/wiki/King_Something_the_Forgotten%27s_Armor,0,armor.chestpieces.heavy
war100im_warrior_chest,Beregrand's Breastplate,da2,,,https://dragonage.fandom.com/wiki/Beregrand%27s_Breastplate,0,armor.chestpieces.heavy
war200im_warrior_chest,Beregrand's Breastplate,da2,,,https://dragonage.fandom.com/wiki/Beregrand%27s_Breastplate,0,armor.chestpieces.heavy
drk_im_arm_cht_lgt_01,Robe of the Silent One,da2,,,https://dragonage.fandom.com/wiki/Robe_of_the_Silent_One,0,armor.chestpieces.light
eye_im_arm_cht_lgt_vault,Robes of Enchanter Illana,da2,,,https://dragonage.fandom.com/wiki/Robes_of_Enchanter_Illana,0,armor.chestpieces.light
fake_im_arm_cht_lgt_champ,Robes of the Champion,da2,,,,0,armor.chestpieces.light
gen_im_arm_cht_lgt_act0_01,Mercenary's Light Strapping,da2,,,https://dragonage.fandom.com/wiki/Mercenary%27s_Light_Strapping,0,armor.chestpieces.light
gen_im_arm_cht_lgt_act0_02,Smuggler's Robes and Strapping,da2,,,https://dragonage.fandom.com/wiki/Smuggler%27s_Robes_and_Strapping,0,armor.chestpieces.light
gen_im_arm_cht_lgt_act1_01,Robe of Hidden Pockets,da2,,,https://dragonage.fandom.com/wiki/Robe_of_Hidden_Pockets,0,armor.chestpieces.light
gen_im_arm_cht_lgt_act1_02,Flocked Wool Robe,da2,,,https://dragonage.fandom.com/wiki/Flocked_Wool_Robe,0,armor.chestpieces.light
gen_im_arm_cht_lgt_act1_03,Apostate's Robes,da2,,,https://dragonage.fandom.com/wiki/Apostate%27s_Robes,0,armor.chestpieces.light
gen_im_arm_cht_lgt_act2_01,Heavy Velvet Robes,da2,,,https://dragonage.fandom.com/wiki/Heavy_Velvet_Robes,0,armor.chestpieces.light
gen_im_arm_cht_lgt_act2_02,Robe of the Notorious Pirate,da2,,,https://dragonage.fandom.com/wiki/Robe_of_the_Notorious_Pirate,0,armor.chestpieces.light
gen_im_arm_cht_lgt_act2_03,Shadow's Reach,da2,,,https://dragonage.fandom.com/wiki/Shadow%27s_Reach,0,armor.chestpieces.light
gen_im_arm_cht_lgt_act2_04,Robes of the Void,da2,,,https://dragonage.fandom.com/wiki/Robes_of_the_Void,0,armor.chestpieces.light
gen_im_arm_cht_lgt_act3_01,Aequitarian Robes,da2,,,https://dragonage.fandom.com/wiki/Aequitarian_Robes,0,armor.chestpieces.light
gen_im_arm_cht_lgt_act3_02,Cumberland Circle Robes,da2,,,https://dragonage.fandom.com/wiki/Cumberland_Circle_Robes,0,armor.chestpieces.light
gen_im_arm_cht_lgt_act3_03,Battlemage Armaments,da2,,,https://dragonage.fandom.com/wiki/Battlemage_Armaments,0,armor.chestpieces.light
gen_im_arm_cht_lgt_act3_04,Circle Robes,da2,,,https://dragonage.fandom.com/wiki/Circle_Robes,0,armor.chestpieces.light
gen_im_arm_cht_lgt_champion,Robes of the Champion,da2,,,https://dragonage.fandom.com/wiki/Robes_of_the_Champion,0,armor.chestpieces.light
gen_im_arm_cht_lgt_lore_01,Vestments of Sacrifice,da2,,,https://dragonage.fandom.com/wiki/Vestments_of_Sacrifice,0,armor.chestpieces.light
gen_im_arm_cht_lgt_set_high,Robes of the Overseer,da2,,,https://dragonage.fandom.com/wiki/Robes_of_the_Overseer,0,armor.chestpieces.light
gen_im_arm_cht_lgt_set_med,Robes of the Spiral Eye,da2,,,https://dragonage.fandom.com/wiki/Robes_of_the_Spiral_Eye,0,armor.chestpieces.light
gen_im_arm_cht_lgt_start,Apostate's Robe,da2,,,https://dragonage.fandom.com/wiki/Apostate%27s_Robe,0,armor.chestpieces.light
drk_im_arm_cht_med_01,Warden Scout's Tunic,da2,,,https://dragonage.fandom.com/wiki/Warden_Scout%27s_Tunic,0,armor.chestpieces.medium
eye_im_arm_cht_med_vault,Coat of the Messenger,da2,,,https://dragonage.fandom.com/wiki/Coat_of_the_Messenger,0,armor.chestpieces.medium
fake_im_arm_cht_med_champ,Arms of the Champion,da2,,,,0,armor.chestpieces.medium
gen_im_arm_cht_med_act0_01,Mercenary's Layered Tunic,da2,,,https://dragonage.fandom.com/wiki/Mercenary%27s_Layered_Tunic,0,armor.chestpieces.medium
gen_im_arm_cht_med_act0_02,Smuggler's Scale and Banding,da2,,,https://dragonage.fandom.com/wiki/Smuggler%27s_Scale_and_Banding,0,armor.chestpieces.medium
gen_im_arm_cht_med_act1_01,Stalker's Boar Hides,da2,,,https://dragonage.fandom.com/wiki/Stalker%27s_Boar_Hides,0,armor.chestpieces.medium
gen_im_arm_cht_med_act1_02,Kirkwall Squire's Jerkin,da2,,,https://dragonage.fandom.com/wiki/Kirkwall_Squire%27s_Jerkin,0,armor.chestpieces.medium
gen_im_arm_cht_med_act2_01,Quickstring's Tunic,da2,,,https://dragonage.fandom.com/wiki/Quickstring%27s_Tunic,0,armor.chestpieces.medium
gen_im_arm_cht_med_act2_02,Chestguard of the Scoundrel,da2,,,https://dragonage.fandom.com/wiki/Chestguard_of_the_Scoundrel,0,armor.chestpieces.medium
gen_im_arm_cht_med_act2_03,Vain,da2,,,https://dragonage.fandom.com/wiki/Vain,0,armor.chestpieces.medium
gen_im_arm_cht_med_act3_01,Dragonhide Mantle of the Predator,da2,,,https://dragonage.fandom.com/wiki/Dragonhide_Mantle_of_the_Predator,0,armor.chestpieces.medium
gen_im_arm_cht_med_act3_02,Nightingale's Lamellar Armor,da2,,,https://dragonage.fandom.com/wiki/Nightingale%27s_Lamellar_Armor,0,armor.chestpieces.medium
gen_im_arm_cht_med_act3_03,Longshadow Hauberk,da2,,,https://dragonage.fandom.com/wiki/Longshadow_Hauberk,0,armor.chestpieces.medium
gen_im_arm_cht_med_champion,Arms of the Champion,da2,,,https://dragonage.fandom.com/wiki/Arms_of_the_Champion,0,armor.chestpieces.medium
gen_im_arm_cht_med_lore_01,Cuirass of the Winds,da2,,,https://dragonage.fandom.com/wiki/Cuirass_of_the_Winds,0,armor.chestpieces.medium
gen_im_arm_cht_med_set_high,Guardian of Enasalin,da2,,,https://dragonage.fandom.com/wiki/Guardian_of_Enasalin,0,armor.chestpieces.medium
gen_im_arm_cht_med_set_med,Last Descent Armor,da2,,,https://dragonage.fandom.com/wiki/Last_Descent_Armor,0,armor.chestpieces.medium
gen_im_arm_cht_med_start,Rough Leather Armor,da2,,,https://dragonage.fandom.com/wiki/Rough_Leather_Armor,0,armor.chestpieces.medium
drk_im_arm_glv_hvy_01,Gauntlets of the Fortress,da2,,,https://dragonage.fandom.com/wiki/Gauntlets_of_the_Fortress,0,armor.gloves.heavy
eye_im_arm_glv_hvy_vault,Orlesian Lancer Gloves,da2,,,https://dragonage.fandom.com/wiki/Orlesian_Lancer_Gloves,0,armor.gloves.heavy
fake_im_arm_glv_hvy_champ,Gauntlets of the Champion,da2,,,,0,armor.gloves.heavy
gen_im_arm_glv_hvy_act1_01,Wyvernscale Gauntlets,da2,,,https://dragonage.fandom.com/wiki/Wyvernscale_Gauntlets,0,armor.gloves.heavy
gen_im_arm_glv_hvy_act1_02,Hands of Stone,da2,,,https://dragonage.fandom.com/wiki/Hands_of_Stone,0,armor.gloves.heavy
gen_im_arm_glv_hvy_act2_01,Handcrafted Dwarven Cuffs,da2,,,https://dragonage.fandom.com/wiki/Handcrafted_Dwarven_Cuffs,0,armor.gloves.heavy
gen_im_arm_glv_hvy_act2_02,Alunduris,da2,,,https://dragonage.fandom.com/wiki/Alunduris,0,armor.gloves.heavy
gen_im_arm_glv_hvy_act2_03,Surfacer Stone Gauntlets,da2,,,https://dragonage.fandom.com/wiki/Surfacer_Stone_Gauntlets,0,armor.gloves.heavy
gen_im_arm_glv_hvy_act3_01,Gauntlets of the Dark Breath,da2,,,https://dragonage.fandom.com/wiki/Gauntlets_of_the_Dark_Breath,0,armor.gloves.heavy
gen_im_arm_glv_hvy_act3_02,Ashen Gauntlets,da2,,,https://dragonage.fandom.com/wiki/Ashen_Gauntlets,0,armor.gloves.heavy
gen_im_arm_glv_hvy_champion,Gauntlets of the Champion,da2,,,https://dragonage.fandom.com/wiki/Gauntlets_of_the_Champion,0,armor.gloves.heavy
gen_im_arm_glv_hvy_set_high,Stonehammer Gauntlets,da2,,,https://dragonage.fandom.com/wiki/Stonehammer_Gauntlets,0,armor.gloves.heavy
gen_im_arm_glv_hvy_set_med,Gauntlets of the Fallen,da2,,,https://dragonage.fandom.com/wiki/Gauntlets_of_the_Fallen,0,armor.gloves.heavy
gen_im_arm_glv_hvy_start,Fereldan Field Gloves,da2,,,https://dragonage.fandom.com/wiki/Fereldan_Field_Gloves,0,armor.gloves.heavy
drk_im_arm_glv_lgt_01,Gloves of the Silent One,da2,,,https://dragonage.fandom.com/wiki/Gloves_of_the_Silent_One,0,armor.gloves.light
eye_im_arm_glv_lgt_vault,Gloves of Enchanter Illana,da2,,,https://dragonage.fandom.com/wiki/Gloves_of_Enchanter_Illana,0,armor.gloves.light
fake_im_arm_glv_lgt_champ,Gloves of the Champion,da2,,,,0,armor.gloves.light
gen_im_arm_glv_lgt_act1_01,Rune-Covered Gloves,da2,,,https://dragonage.fandom.com/wiki/Rune-Covered_Gloves,0,armor.gloves.light
gen_im_arm_glv_lgt_act1_02,Silverite-Threaded Gloves,da2,,,https://dragonage.fandom.com/wiki/Silverite-Threaded_Gloves,0,armor.gloves.light
gen_im_arm_glv_lgt_act2_01,Gloves of the Void,da2,,,https://dragonage.fandom.com/wiki/Gloves_of_the_Void,0,armor.gloves.light
gen_im_arm_glv_lgt_act2_02,Gauntlets of the Magister,da2,,,https://dragonage.fandom.com/wiki/Gauntlets_of_the_Magister,0,armor.gloves.light
gen_im_arm_glv_lgt_act3_01,Lyrium Embroidered Gloves,da2,,,https://dragonage.fandom.com/wiki/Lyrium_Embroidered_Gloves,0,armor.gloves.light
gen_im_arm_glv_lgt_act3_02,Gauntlets,da2,,,https://dragonage.fandom.com/wiki/Gauntlets,0,armor.gloves.light
gen_im_arm_glv_lgt_act3_03,Gloves of June,da2,,,https://dragonage.fandom.com/wiki/Gloves_of_June,0,armor.gloves.light
gen_im_arm_glv_lgt_champion,Gloves of the Champion,da2,,,https://dragonage.fandom.com/wiki/Gloves_of_the_Champion_(mage),0,armor.gloves.light
gen_im_arm_glv_lgt_lore_01,Vir Atish'an,da2,,,https://dragonage.fandom.com/wiki/Vir_Atish%27an,0,armor.gloves.light
gen_im_arm_glv_lgt_set_high,Gloves of the Overseer,da2,,,https://dragonage.fandom.com/wiki/Gloves_of_the_Overseer,0,armor.gloves.light
gen_im_arm_glv_lgt_set_med,Gloves of the Spiral Eye,da2,,,https://dragonage.fandom.com/wiki/Gloves_of_the_Spiral_Eye,0,armor.gloves.light
gen_im_arm_glv_lgt_start,Apostate's Cuffs,da2,,,https://dragonage.fandom.com/wiki/Apostate%27s_Cuffs,0,armor.gloves.light
drk_im_arm_glv_med_01,Warden Scout's Gloves,da2,,,https://dragonage.fandom.com/wiki/Warden_Scout%27s_Gloves,0,armor.gloves.medium
eye_im_arm_glv_med_vault,Gloves of the Messenger,da2,,,https://dragonage.fandom.com/wiki/Gloves_of_the_Messenger,0,armor.gloves.medium
fake_im_arm_glv_med_champ,Gloves of the Champion,da2,,,,0,armor.gloves.medium
gen_im_arm_glv_med_act1_01,Alchemist's Protective Handguards,da2,,,https://dragonage.fandom.com/wiki/Alchemist%27s_Protective_Handguards,0,armor.gloves.medium
gen_im_arm_glv_med_act1_02,Bloody Butcher's Gloves,da2,,,https://dragonage.fandom.com/wiki/Bloody_Butcher%27s_Gloves,0,armor.gloves.medium
gen_im_arm_glv_med_act1_03,Raider Gloves,da2,,,https://dragonage.fandom.com/wiki/Raider_Gloves,0,armor.gloves.medium
gen_im_arm_glv_med_act2_01,Stoneclutcher's Gloves,da2,,,https://dragonage.fandom.com/wiki/Stoneclutcher%27s_Gloves,0,armor.gloves.medium
gen_im_arm_glv_med_act2_02,Gauntlets of the Ashaad,da2,,,https://dragonage.fandom.com/wiki/Gauntlets_of_the_Ashaad,0,armor.gloves.medium
gen_im_arm_glv_med_act2_03,Rat-Nibbled Gloves,da2,,,https://dragonage.fandom.com/wiki/Rat-Nibbled_Gloves,0,armor.gloves.medium
gen_im_arm_glv_med_act3_01,Gloves of the Wilder,da2,,,https://dragonage.fandom.com/wiki/Gloves_of_the_Wilder,0,armor.gloves.medium
gen_im_arm_glv_med_act3_02,Hands of Glory,da2,,,https://dragonage.fandom.com/wiki/Hands_of_Glory,0,armor.gloves.medium
gen_im_arm_glv_med_act3_03,Quick Hands,da2,,,https://dragonage.fandom.com/wiki/Quick_Hands,0,armor.gloves.medium
gen_im_arm_glv_med_champion,Gloves of the Champion,da2,,,https://dragonage.fandom.com/wiki/Gloves_of_the_Champion_(rogue),0,armor.gloves.medium
gen_im_arm_glv_med_set_high,Gloves of Enasalin,da2,,,https://dragonage.fandom.com/wiki/Gloves_of_Enasalin,0,armor.gloves.medium
gen_im_arm_glv_med_set_med,Last Descent Gauntlets,da2,,,https://dragonage.fandom.com/wiki/Last_Descent_Gauntlets,0,armor.gloves.medium
gen_im_arm_glv_med_start,Rough Leather Handwraps,da2,,,https://dragonage.fandom.com/wiki/Rough_Leather_Handwraps,0,armor.gloves.medium
gen_im_delete_me_01,Splintmail Gloves,da2,,,,0,armor.gloves.medium
gen_im_delete_me_05,Heavy Chain Mail Gloves,da2,,,,0,armor.gloves.medium
gen_im_delete_me_06,Splintmail Gloves,da2,,,,0,armor.gloves.medium
mag100im_mage_gloves,The Fugitive's Gauntlets,da2,,,https://dragonage.fandom.com/wiki/The_Fugitive%27s_Gauntlets,0,armor.gloves.medium
mag200im_mage_gloves,The Fugitive's Gauntlets,da2,,,https://dragonage.fandom.com/wiki/The_Fugitive%27s_Gauntlets,0,armor.gloves.medium
mag300im_mage_gloves,Black Silk Gauntlets,da2,,,https://dragonage.fandom.com/wiki/Black_Silk_Gauntlets,0,armor.gloves.medium
mgb100im_mage_gloves,The Elusive Gloves,da2,,,https://dragonage.fandom.com/wiki/The_Elusive_Gloves,0,armor.gloves.medium
mgb300im_mage_gloves,Gloves of the Winter Crossing,da2,,,https://dragonage.fandom.com/wiki/Gloves_of_the_Winter_Crossing,0,armor.gloves.medium
prm000im_blood_gloves,Blood Dragon Gauntlets,da2,,,https://dragonage.fandom.com/wiki/Blood_Dragon_Gauntlets,0,armor.gloves.medium
prm000im_isaac_gloves,Ser Isaac's Gauntlets,da2,,,https://dragonage.fandom.com/wiki/Ser_Isaac%27s_Gauntlets,0,armor.gloves.medium
rgb100im_rogue_gloves,Freeman's Gauntlets,da2,,,https://dragonage.fandom.com/wiki/Freeman%27s_Gauntlets,0,armor.gloves.medium
rog100im_rogue_gloves,Caster's Skeleton Gloves,da2,,,https://dragonage.fandom.com/wiki/Caster%27s_Skeleton_Gloves,0,armor.gloves.medium
rog200im_rogue_gloves,Caster's Skeleton Gloves,da2,,,https://dragonage.fandom.com/wiki/Caster%27s_Skeleton_Gloves,0,armor.gloves.medium
seb300im_maura_gloves,Ser Maura's Gauntlets,da2,,,https://dragonage.fandom.com/wiki/Ser_Maura%27s_Gauntlets,0,armor.gloves.medium
tbe000im_unknown_gloves,Gloves of the Unknowable Unknown,da2,,,https://dragonage.fandom.com/wiki/Gloves_of_the_Unknowable_Unknown,0,armor.gloves.medium
tbe100im_invisible_gloves,Invisible Gloves,da2,,,https://dragonage.fandom.com/wiki/Invisible_Gloves,0,armor.gloves.medium
tbe100im_nug_gloves,Gauntlets of the Nug,da2,,,https://dragonage.fandom.com/wiki/Gauntlets_of_the_Nug,0,armor.gloves.medium
war100im_warrior_gloves,The Exile's Gauntlets,da2,,,https://dragonage.fandom.com/wiki/The_Exile%27s_Gauntlets,0,armor.gloves.medium
war200im_warrior_gloves,The Exile's Gauntlets,da2,,,https://dragonage.fandom.com/wiki/The_Exile%27s_Gauntlets,0,armor.gloves.medium
war300im_warrior_gloves,The Gauntlets of Summer,da2,,,https://dragonage.fandom.com/wiki/The_Gauntlets_of_Summer,0,armor.gloves.medium
wrb100im_warrior_gloves,Coldsteel Gauntlets,da2,,,https://dragonage.fandom.com/wiki/Coldsteel_Gauntlets,0,armor.gloves.medium
wrb300im_warrior_gloves,Gauntlets of Faith,da2,,,https://dragonage.fandom.com/wiki/Gauntlets_of_Faith,0,armor.gloves.medium
drk_im_arm_hlm_hvy_01,Helm of the Fortress,da2,,,https://dragonage.fandom.com/wiki/Helm_of_the_Fortress,0,armor.helmets.heavy
eye_im_arm_hlm_hvy_vault,Orlesian Lancer Helm,da2,,,https://dragonage.fandom.com/wiki/Orlesian_Lancer_Helm,0,armor.helmets.heavy
fake_im_arm_hlm_hvy_champ,Helm of the Champion,da2,,,,0,armor.helmets.heavy
gen_im_arm_hlm_hvy_act1_01,Imperial Bloodhelm,da2,,,https://dragonage.fandom.com/wiki/Imperial_Bloodhelm,0,armor.helmets.heavy
gen_im_arm_hlm_hvy_act1_02,Helm of Victory,da2,,,https://dragonage.fandom.com/wiki/Helm_of_Victory,0,armor.helmets.heavy
gen_im_arm_hlm_hvy_act1_03,Roar,da2,,,https://dragonage.fandom.com/wiki/Roar_(helmet),0,armor.helmets.heavy
gen_im_arm_hlm_hvy_act2_01,Chevalier Silverite Helm,da2,,,https://dragonage.fandom.com/wiki/Chevalier_Silverite_Helm,0,armor.helmets.heavy
gen_im_arm_hlm_hvy_act2_02,Helm of the Emerald Knights,da2,,,https://dragonage.fandom.com/wiki/Helm_of_the_Emerald_Knights,0,armor.helmets.heavy
gen_im_arm_hlm_hvy_act3_01,Warden's Coif,da2,,,https://dragonage.fandom.com/wiki/Warden%27s_Coif,0,armor.helmets.heavy
gen_im_arm_hlm_hvy_act3_02,Dwarven Battle Helm,da2,,,https://dragonage.fandom.com/wiki/Dwarven_Battle_Helm,0,armor.helmets.heavy
gen_im_arm_hlm_hvy_act3_03,King's Bounty,da2,,,https://dragonage.fandom.com/wiki/King%27s_Bounty,0,armor.helmets.heavy
gen_im_arm_hlm_hvy_champion,Helm of the Champion,da2,,,https://dragonage.fandom.com/wiki/Helm_of_the_Champion_(warrior),0,armor.helmets.heavy
gen_im_arm_hlm_hvy_lore_01,Garahel's Helm,da2,,,https://dragonage.fandom.com/wiki/Garahel%27s_Helm,0,armor.helmets.heavy
gen_im_arm_hlm_hvy_set_high,Stonehammer Helm,da2,,,https://dragonage.fandom.com/wiki/Stonehammer_Helm,0,armor.helmets.heavy
gen_im_arm_hlm_hvy_set_med,Helmet of the Fallen,da2,,,https://dragonage.fandom.com/wiki/Helmet_of_the_Fallen,0,armor.helmets.heavy
mgb100im_mage_helm,The Helm of Marterel,da2,,,https://dragonage.fandom.com/wiki/The_Helm_of_Marterel,0,armor.helmets.heavy
prm000im_blood_helm,Blood Dragon Helmet,da2,,,https://dragonage.fandom.com/wiki/Blood_Dragon_Helmet,0,armor.helmets.heavy
prm000im_isaac_helm,Ser Isaac's Helm,da2,,,https://dragonage.fandom.com/wiki/Ser_Isaac%27s_Helm,0,armor.helmets.heavy
rgb100im_rogue_helm,Helm of the Vanguard,da2,,,https://dragonage.fandom.com/wiki/Helm_of_the_Vanguard,0,armor.helmets.heavy
rgb300im_rogue_helm,King Maric's Helm,da2,,,https://dragonage.fandom.com/wiki/King_Maric%27s_Helm,0,armor.helmets.heavy
tbe000im_apprec_helm,Helm of Appreciation,da2,,,https://dragonage.fandom.com/wiki/Helm_of_Appreciation,0,armor.helmets.heavy
tbe300im_battle_helm,Helm of a Thousand Battles,da2,,,https://dragonage.fandom.com/wiki/Helm_of_a_Thousand_Battles,0,armor.helmets.heavy
war100im_warrior_helm,Helm of the Exile,da2,,,https://dragonage.fandom.com/wiki/Helm_of_the_Exile,0,armor.helmets.heavy
war200im_warrior_helm,Helm of the Exile,da2,,,https://dragonage.fandom.com/wiki/Helm_of_the_Exile,0,armor.helmets.heavy
wrb100im_warrior_helm,Helm of the Reborn,da2,,,https://dragonage.fandom.com/wiki/Helm_of_the_Reborn,0,armor.helmets.heavy
drk_im_arm_hlm_lgt_01,Cowl of the Silent One,da2,,,https://dragonage.fandom.com/wiki/Cowl_of_the_Silent_One,0,armor.helmets.light
eye_im_arm_hlm_lgt_vault,Headdress of Enchanter Illana,da2,,,https://dragonage.fandom.com/wiki/Headdress_of_Enchanter_Illana,0,armor.helmets.light
fake_im_arm_hlm_lgt_champ,Hood of the Champion,da2,,,,0,armor.helmets.light
gen_im_arm_hlm_lgt_act1_01,Slaver Lord's Cowl,da2,,,https://dragonage.fandom.com/wiki/Slaver_Lord%27s_Cowl,0,armor.helmets.light
gen_im_arm_hlm_lgt_act1_02,Thinking Cap,da2,,,https://dragonage.fandom.com/wiki/Thinking_Cap,0,armor.helmets.light
gen_im_arm_hlm_lgt_act1_03,Illwan's Hood,da2,,,https://dragonage.fandom.com/wiki/Illwan%27s_Hood,0,armor.helmets.light
gen_im_arm_hlm_lgt_act2_01,Gascard DuPuis's Favorite Hat,da2,,,https://dragonage.fandom.com/wiki/Gascard_DuPuis%27s_Favorite_Hat,0,armor.helmets.light
gen_im_arm_hlm_lgt_act2_02,Tevinter Enchanter's Cap,da2,,,https://dragonage.fandom.com/wiki/Tevinter_Enchanter%27s_Cap,0,armor.helmets.light
gen_im_arm_hlm_lgt_act3_01,Circlet of the Dreamer,da2,,,https://dragonage.fandom.com/wiki/Circlet_of_the_Dreamer,0,armor.helmets.light
gen_im_arm_hlm_lgt_act3_02,Hood of the Formari,da2,,,https://dragonage.fandom.com/wiki/Hood_of_the_Formari,0,armor.helmets.light
gen_im_arm_hlm_lgt_act3_03,Regret,da2,,,https://dragonage.fandom.com/wiki/Regret,0,armor.helmets.light
gen_im_arm_hlm_lgt_champion,Hood of the Champion,da2,,,https://dragonage.fandom.com/wiki/Hood_of_the_Champion,0,armor.helmets.light
gen_im_arm_hlm_lgt_set_high,Cowl of the Overseer,da2,,,https://dragonage.fandom.com/wiki/Cowl_of_the_Overseer_(Dragon_Age_II),0,armor.helmets.light
gen_im_arm_hlm_lgt_set_med,Hood of the Spiral Eye,da2,,,https://dragonage.fandom.com/wiki/Hood_of_the_Spiral_Eye,0,armor.helmets.light
drk_im_arm_hlm_med_01,Warden Scout's Cap,da2,,,https://dragonage.fandom.com/wiki/Warden_Scout%27s_Cap,0,armor.helmets.medium
eye_im_arm_hlm_med_vault,Helm of the Messenger,da2,,,https://dragonage.fandom.com/wiki/Helm_of_the_Messenger,0,armor.helmets.medium
fake_im_arm_hlm_med_champ,Helm of the Champion,da2,,,,0,armor.helmets.medium
gen_im_arm_hlm_med_act1_01,Mask of the Imperium,da2,,,https://dragonage.fandom.com/wiki/Mask_of_the_Imperium,0,armor.helmets.medium
gen_im_arm_hlm_med_act1_02,Henchman Cowl,da2,,,https://dragonage.fandom.com/wiki/Henchman_Cowl,0,armor.helmets.medium
gen_im_arm_hlm_med_act2_01,DuPuis Family Chapeaux,da2,,,https://dragonage.fandom.com/wiki/DuPuis_Family_Chapeaux,0,armor.helmets.medium
gen_im_arm_hlm_med_act2_02,Blackguard Shroud,da2,,,https://dragonage.fandom.com/wiki/Blackguard_Shroud,0,armor.helmets.medium
gen_im_arm_hlm_med_act2_03,Mariner's Trust,da2,,,https://dragonage.fandom.com/wiki/Mariner%27s_Trust,0,armor.helmets.medium
gen_im_arm_hlm_med_act3_01,Cap of Kings,da2,,,https://dragonage.fandom.com/wiki/Cap_of_Kings,0,armor.helmets.medium
gen_im_arm_hlm_med_act3_02,Tenebral Cowl,da2,,,https://dragonage.fandom.com/wiki/Tenebral_Cowl,0,armor.helmets.medium
gen_im_arm_hlm_med_champion,Helm of the Champion,da2,,,https://dragonage.fandom.com/wiki/Helm_of_the_Champion_(rogue),0,armor.helmets.medium
gen_im_arm_hlm_med_set_high,Helm of Enasalin,da2,,,https://dragonage.fandom.com/wiki/Helm_of_Enasalin,0,armor.helmets.medium
gen_im_arm_hlm_med_set_med,Last Descent Helmet,da2,,,https://dragonage.fandom.com/wiki/Last_Descent_Helmet,0,armor.helmets.medium
gen_im_fla_acc_isabela_01,Rivaini Fertility Talisman,da2,,,https://dragonage.fandom.com/wiki/Rivaini_Fertility_Talisman,0,companion_items.armor
gen_im_fla_anders_01,Renegade's Coat,da2,,,https://dragonage.fandom.com/wiki/Renegade%27s_Coat,0,companion_items.armor
gen_im_fla_anders_02,Renegade's Coat,da2,,,https://dragonage.fandom.com/wiki/Renegade%27s_Coat,0,companion_items.armor
gen_im_fla_aveline_01,Modified Officers' Issue,da2,,,https://dragonage.fandom.com/wiki/Modified_Officers%27_Issue,0,companion_items.armor
gen_im_fla_aveline_02,Guardsman Plate and Chain,da2,,,https://dragonage.fandom.com/wiki/Guardsman_Plate_and_Chain,0,companion_items.armor
gen_im_fla_aveline_03,Guard-Captain's Ranked Plate,da2,,,https://dragonage.fandom.com/wiki/Guard-Captain%27s_Ranked_Plate,0,companion_items.armor
gen_im_fla_bethany_01,Hawke's Pinions,da2,,,https://dragonage.fandom.com/wiki/Hawke%27s_Pinions,0,companion_items.armor
gen_im_fla_bethany_02,Bethany's Circle Mage Robes,da2,,,https://dragonage.fandom.com/wiki/Bethany%27s_Circle_Mage_Robes,0,companion_items.armor
gen_im_fla_bethany_03,Bethany's Grey Warden Robes,da2,,,https://dragonage.fandom.com/wiki/Bethany%27s_Grey_Warden_Robes,0,companion_items.armor
gen_im_fla_carver_01,Fereldan Man-at-Arms Issue,da2,,,https://dragonage.fandom.com/wiki/Fereldan_Man-at-Arms_Issue,0,companion_items.armor
gen_im_fla_carver_02,Knight-Corporal Plate,da2,,,https://dragonage.fandom.com/wiki/Knight-Corporal_Plate,0,companion_items.armor
gen_im_fla_carver_03,Plate of the Warden-Ensign,da2,,,https://dragonage.fandom.com/wiki/Plate_of_the_Warden-Ensign,0,companion_items.armor
gen_im_fla_fenris_01,Grafted Spirit Hide,da2,,,https://dragonage.fandom.com/wiki/Grafted_Spirit_Hide,0,companion_items.armor
gen_im_fla_fenris_02,Grafted Spirit Hide,da2,,,https://dragonage.fandom.com/wiki/Grafted_Spirit_Hide,0,companion_items.armor
gen_im_fla_isabela_01,Threads of the Eastern Seas,da2,,,https://dragonage.fandom.com/wiki/Threads_of_the_Eastern_Seas,0,companion_items.armor
gen_im_fla_isabela_02,Threads of the Eastern Seas,da2,,,https://dragonage.fandom.com/wiki/Threads_of_the_Eastern_Seas,0,companion_items.armor
gen_im_fla_merril_01,Vestments of the First,da2,,,https://dragonage.fandom.com/wiki/Vestments_of_the_First,0,companion_items.armor
gen_im_fla_merril_02,Raiments of the Dalish Pariah,da2,,,https://dragonage.fandom.com/wiki/Raiments_of_the_Dalish_Pariah,0,companion_items.armor
gen_im_fla_sebastian_01,Vael Family Armor,da2,,,https://dragonage.fandom.com/wiki/Vael_Family_Armor,0,companion_items.armor
gen_im_fla_varric_01,Varric's Tailored Leather Duster,da2,,,https://dragonage.fandom.com/wiki/Varric%27s_Tailored_Leather_Duster,0,companion_items.armor
gen_im_fla_varric_02,Varric's Armored Leather Duster,da2,,,https://dragonage.fandom.com/wiki/Varric%27s_Tailored_Leather_Duster#Notes,0,companion_items.armor
gen_im_cns_flu_anders_01,Spirit Essence,da2,,,https://dragonage.fandom.com/wiki/Spirit_Essence,0,companion_items.armor_upgrades
gen_im_cns_flu_anders_02,Armor Struts,da2,,,https://dragonage.fandom.com/wiki/Armor_Struts,0,companion_items.armor_upgrades
gen_im_cns_flu_anders_03,Sigil of the Mage Underground,da2,,,https://dragonage.fandom.com/wiki/Sigil_of_the_Mage_Underground,0,companion_items.armor_upgrades
gen_im_cns_flu_anders_04,Lyrium Weave,da2,,,https://dragonage.fandom.com/wiki/Lyrium_Weave,0,companion_items.armor_upgrades
gen_im_cns_flu_aveline_01,Underpadding - Guardsman Pattern,da2,,,https://dragonage.fandom.com/wiki/Underpadding_-_Guardsman_Pattern,0,companion_items.armor_upgrades
gen_im_cns_flu_aveline_02,Flex-Chain - Guardsman Pattern,da2,,,https://dragonage.fandom.com/wiki/Flex-Chain_-_Guardsman_Pattern,0,companion_items.armor_upgrades
gen_im_cns_flu_aveline_03,Impact Plating - Guardsman Pattern,da2,,,https://dragonage.fandom.com/wiki/Impact_Plating_-_Guardsman_Pattern,0,companion_items.armor_upgrades
gen_im_cns_flu_aveline_04,Deflecting Joints - Guardsman Pattern,da2,,,https://dragonage.fandom.com/wiki/Deflecting_Joints_-_Guardsman_Pattern,0,companion_items.armor_upgrades
gen_im_cns_flu_bethany_01,Heirloom Amell Protective Sigils,da2,,,https://dragonage.fandom.com/wiki/Heirloom_Amell_Protective_Sigils,0,companion_items.armor_upgrades
gen_im_cns_flu_carver_01,Fereldan Girded Plating,da2,,,https://dragonage.fandom.com/wiki/Fereldan_Girded_Plating,0,companion_items.armor_upgrades
gen_im_cns_flu_fenris_01,Reinforced Straps,da2,,,https://dragonage.fandom.com/wiki/Reinforced_Straps,0,companion_items.armor_upgrades
gen_im_cns_flu_fenris_02,Enchanted Resin,da2,,,https://dragonage.fandom.com/wiki/Enchanted_Resin,0,companion_items.armor_upgrades
gen_im_cns_flu_fenris_03,Lyrium Scales,da2,,,https://dragonage.fandom.com/wiki/Lyrium_Scales,0,companion_items.armor_upgrades
gen_im_cns_flu_fenris_04,Tevinter Spirit Symbol,da2,,,https://dragonage.fandom.com/wiki/Tevinter_Spirit_Symbol,0,companion_items.armor_upgrades
gen_im_cns_flu_isabela_01,Lambswool Insoles,da2,,,https://dragonage.fandom.com/wiki/Lambswool_Insoles,0,companion_items.armor_upgrades
gen_im_cns_flu_isabela_02,Rigid Boning,da2,,,https://dragonage.fandom.com/wiki/Rigid_Boning,0,companion_items.armor_upgrades
gen_im_cns_flu_isabela_03,Boiled Leather Plates,da2,,,https://dragonage.fandom.com/wiki/Boiled_Leather_Plates,0,companion_items.armor_upgrades
gen_im_cns_flu_isabela_04,Supportive Corselet,da2,,,https://dragonage.fandom.com/wiki/Supportive_Corselet,0,companion_items.armor_upgrades
gen_im_cns_flu_merril_01,Carved Ironwood Buttons,da2,,,https://dragonage.fandom.com/wiki/Carved_Ironwood_Buttons,0,companion_items.armor_upgrades
gen_im_cns_flu_merril_02,Samite Lining,da2,,,https://dragonage.fandom.com/wiki/Samite_Lining,0,companion_items.armor_upgrades
gen_im_cns_flu_merril_03,Silver-Threaded Dalish Embroidery,da2,,,https://dragonage.fandom.com/wiki/Silver-Threaded_Dalish_Embroidery,0,companion_items.armor_upgrades
gen_im_cns_flu_merril_04,Halla Horn Buckles,da2,,,https://dragonage.fandom.com/wiki/Halla_Horn_Buckles,0,companion_items.armor_upgrades
gen_im_cns_flu_sebastian_01,Reinforced Bracers,da2,,,https://dragonage.fandom.com/wiki/Reinforced_Bracers,0,companion_items.armor_upgrades
gen_im_cns_flu_sebastian_02,Mail Undertunic,da2,,,https://dragonage.fandom.com/wiki/Mail_Undertunic,0,companion_items.armor_upgrades
gen_im_cns_flu_sebastian_03,Enhanced Articulation,da2,,,https://dragonage.fandom.com/wiki/Enhanced_Articulation,0,companion_items.armor_upgrades
gen_im_cns_flu_sebastian_04,Protection of the Faith,da2,,,https://dragonage.fandom.com/wiki/Protection_of_the_Faith,0,companion_items.armor_upgrades
gen_im_cns_flu_varric_01,Coat Lining with Concealed Pockets,da2,,,https://dragonage.fandom.com/wiki/Coat_Lining_with_Concealed_Pockets,0,companion_items.armor_upgrades
gen_im_cns_flu_varric_02,Inscribed Leather Harness,da2,,,https://dragonage.fandom.com/wiki/Inscribed_Leather_Harness,0,companion_items.armor_upgrades
gen_im_cns_flu_varric_03,Silverite-Reinforced Buckles,da2,,,https://dragonage.fandom.com/wiki/Silverite-Reinforced_Buckles,0,companion_items.armor_upgrades
gen_im_cns_flu_varric_04,Drakeskin Leg Straps,da2,,,https://dragonage.fandom.com/wiki/Drakeskin_Leg_Straps,0,companion_items.armor_upgrades
and000im_gft_amulet,Tevinter Chantry Amulet,da2,,,https://dragonage.fandom.com/wiki/Tevinter_Chantry_Amulet,0,companion_items.gifts
ave000im_gft_shield,Shield of the Knight Herself,da2,,,https://dragonage.fandom.com/wiki/Shield_of_the_Knight_Herself_(gift),0,companion_items.gifts
fen000im_gft_book,A Slave's Life,da2,,,https://dragonage.fandom.com/wiki/A_Slave%27s_Life,0,companion_items.gifts
fen000im_gft_sword,Blade of Mercy,da2,,,https://dragonage.fandom.com/wiki/Blade_of_Mercy_(gift),0,companion_items.gifts
isa000im_gft_ship_in_bottle,Ship in a Bottle,da2,,,https://dragonage.fandom.com/wiki/Ship_in_a_Bottle,0,companion_items.gifts
isa000im_gft_talisman,Rivaini Talisman,da2,,,https://dragonage.fandom.com/wiki/Rivaini_Talisman,0,companion_items.gifts
mrl200im_statue_gift,Halla Carving,da2,,,https://dragonage.fandom.com/wiki/Halla_Carving,0,companion_items.gifts
mrl300im_ring_gift,Sylvanwood Ring,da2,,,https://dragonage.fandom.com/wiki/Sylvanwood_Ring_(gift),0,companion_items.gifts
seb000im_gft_bow,Starkhaven Longbow,da2,,,https://dragonage.fandom.com/wiki/Starkhaven_Longbow_(gift),0,companion_items.gifts
sib100im_giftbet_portrait,Portrait of Your Mother,da2,,,https://dragonage.fandom.com/wiki/Portrait_of_Your_Mother,0,companion_items.gifts
sib100im_giftcar_letters,Father's Letters,da2,,,https://dragonage.fandom.com/wiki/Father%27s_Letters,0,companion_items.gifts
sib100im_tobriusdocs,Tobrius's Documents,da2,,,https://dragonage.fandom.com/wiki/Tobrius%27s_Documents,0,companion_items.gifts
vrc200im_ring_gift,Signet Ring,da2,,,https://dragonage.fandom.com/wiki/Signet_Ring_(Dragon_Age_II),0,companion_items.gifts
gen_im_flw_arc_sebastian_01,Temperance,da2,,,https://dragonage.fandom.com/wiki/Temperance,0,companion_items.weapons
gen_im_flw_arc_sebastian_02,Starkhaven Longbow,da2,,,https://dragonage.fandom.com/wiki/Starkhaven_Longbow,0,companion_items.weapons
gen_im_flw_arc_varric_01,Bianca,da2,,,https://dragonage.fandom.com/wiki/Bianca_(crossbow),0,companion_items.weapons
gen_im_flw_arc_varric_02,Bianca,da2,,,https://dragonage.fandom.com/wiki/Bianca_(crossbow),0,companion_items.weapons
gen_im_flw_arc_varric_03,Bianca,da2,,,https://dragonage.fandom.com/wiki/Bianca_(crossbow),0,companion_items.weapons
gen_im_flw_arc_varric_04,Bianca,da2,,,https://dragonage.fandom.com/wiki/Bianca_(crossbow),0,companion_items.weapons
gen_im_flw_dua_isabela_01,Backstabber,da2,,,https://dragonage.fandom.com/wiki/Backstabber,0,companion_items.weapons
gen_im_flw_dua_isabela_02,Heartbreaker,da2,,,https://dragonage.fandom.com/wiki/Heartbreaker,0,companion_items.weapons
gen_im_flw_one_aveline_01,Chevalier's Reach,da2,,,https://dragonage.fandom.com/wiki/Chevalier%27s_Reach,0,companion_items.weapons
gen_im_flw_shd_aveline_01,Ser Wesley's Shield,da2,,,https://dragonage.fandom.com/wiki/Ser_Wesley%27s_Shield,0,companion_items.weapons
gen_im_flw_shd_aveline_02,Shield of the Knight Herself,da2,,,https://dragonage.fandom.com/wiki/Shield_of_the_Knight_Herself_(Aveline),0,companion_items.weapons
gen_im_flw_sta_anders_01,Freedom's Call,da2,,,https://dragonage.fandom.com/wiki/Freedom%27s_Call,0,companion_items.weapons
gen_im_flw_sta_bethany_01,Birchcore,da2,,,https://dragonage.fandom.com/wiki/Birchcore,0,companion_items.weapons
gen_im_flw_sta_bethany_02,Staff of the New Growth,da2,,,https://dragonage.fandom.com/wiki/Staff_of_the_New_Growth,0,companion_items.weapons
gen_im_flw_sta_bethany_03,Staff of the Blighted Heartwood,da2,,,https://dragonage.fandom.com/wiki/Staff_of_the_Blighted_Heartwood,0,companion_items.weapons
gen_im_flw_sta_merril_01,Vir Tasallan,da2,,,https://dragonage.fandom.com/wiki/Vir_Tasallan,0,companion_items.weapons
gen_im_flw_two_carver_01,Longbar Blade,da2,,,https://dragonage.fandom.com/wiki/Longbar_Blade,0,companion_items.weapons
gen_im_flw_two_carver_02,Grace-Maker,da2,,,https://dragonage.fandom.com/wiki/Grace-Maker,0,companion_items.weapons
gen_im_flw_two_carver_03,Seeker of the Gray,da2,,,https://dragonage.fandom.com/wiki/Seeker_of_the_Gray,0,companion_items.weapons
gen_im_flw_two_fenris_01,Lethendralis,da2,,,https://dragonage.fandom.com/wiki/Lethendralis,0,companion_items.weapons
gen_im_flw_two_fenris_02,Blade of Mercy,da2,,,https://dragonage.fandom.com/wiki/Blade_of_Mercy_(Fenris),0,companion_items.weapons
gen_im_cns_msc_backpack_01,Backpack,da2,,,https://dragonage.fandom.com/wiki/Backpack_(Dragon_Age_II),1,consumables.backpacks
gen_im_cns_msc_backpack_02,Large Backpack,da2,,,https://dragonage.fandom.com/wiki/Backpack_(Dragon_Age_II),1,consumables.backpacks
gen_im_cns_cft_bmb_01,Combustion Grenade,da2,,,https://dragonage.fandom.com/wiki/Combustion_Grenade,1,consumables.bombs
gen_im_cns_cft_bmb_02,Tar Bomb,da2,,,https://dragonage.fandom.com/wiki/Tar_Bomb,1,consumables.bombs
gen_im_cns_cft_bmb_03,Mythal's Favor,da2,,,https://dragonage.fandom.com/wiki/Mythal%27s_Favor,1,consumables.bombs
gen_im_cns_cft_bmb_04,Fell Grenade,da2,,,https://dragonage.fandom.com/wiki/Fell_Grenade,1,consumables.bombs
genip_station_poisons,Order Poisons and Grenades,da2,,,,1,consumables.bombs
gen_im_cns_cft_psn_01,Debilitating Poison,da2,,,https://dragonage.fandom.com/wiki/Debilitating_Poison,1,consumables.poisons
gen_im_cns_cft_psn_02,Crow Venom,da2,,,https://dragonage.fandom.com/wiki/Crow_Venom,1,consumables.poisons
gen_im_cns_cft_psn_03,Deathroot Toxin,da2,,,https://dragonage.fandom.com/wiki/Deathroot_Toxin,1,consumables.poisons
gen_im_cns_cft_psn_04,Arcane Poison,da2,,,https://dragonage.fandom.com/wiki/Arcane_Poison,1,consumables.poisons
gen_im_cns_cft_psn_05,Fell Poison,da2,,,https://dragonage.fandom.com/wiki/Fell_Poison,1,consumables.poisons
gencr_spider_poison,Poisonous Spider,da2,,,,1,consumables.poisons
gen_im_cns_cft_pot_01,Elfroot Potion,da2,,,https://dragonage.fandom.com/wiki/Elfroot_Potion,1,consumables.potions
gen_im_cns_cft_pot_02,Elixir of Purity,da2,,,https://dragonage.fandom.com/wiki/Elixir_of_Purity,1,consumables.potions
gen_im_cns_cft_pot_04,Restoration Potion,da2,,,https://dragonage.fandom.com/wiki/Restoration_Potion,1,consumables.potions
gen_im_cns_cft_pot_05,Life Ward Potion,da2,,,https://dragonage.fandom.com/wiki/Life_Ward_Potion,1,consumables.potions
gen_im_cns_cft_pot_06,Rock Armor Potion,da2,,,https://dragonage.fandom.com/wiki/Rock_Armor_Potion,1,consumables.potions
gen_im_cns_cft_pot_07,Mighty Offense Potion,da2,,,https://dragonage.fandom.com/wiki/Mighty_Offense_Potion,1,consumables.potions
gen_im_cns_cft_pot_08,Elixir of Heroism,da2,,,https://dragonage.fandom.com/wiki/Elixir_of_Heroism,1,consumables.potions
gen_im_cns_pot_attribute_01,Elixir of the Mortal Vessel,da2,,,https://dragonage.fandom.com/wiki/Elixir_of_the_Mortal_Vessel,1,consumables.potions
gen_im_cns_pot_attribute_02,Greater Elixir of the Mortal Vessel,da2,,,https://dragonage.fandom.com/wiki/Greater_Elixir_of_the_Mortal_Vessel,1,consumables.potions
gen_im_cns_pot_attribute_03,Arcane Elixir of the Mortal Vessel,da2,,,https://dragonage.fandom.com/wiki/Arcane_Elixir_of_the_Mortal_Vessel,1,consumables.potions
gen_im_cns_pot_avernus,Avernus's Experimental Draught,da2,,,https://dragonage.fandom.com/wiki/Avernus%27s_Experimental_Draught,1,consumables.potions
gen_im_cns_pot_health_01,Health Potion,da2,,,https://dragonage.fandom.com/wiki/Health_Potion,1,consumables.potions
gen_im_cns_pot_injury_01,Injury Kit,da2,,,https://dragonage.fandom.com/wiki/Injury_Kit_(Dragon_Age_II),1,consumables.potions
gen_im_cns_pot_level_01,Maker's Breath,da2,,,https://dragonage.fandom.com/wiki/Maker%27s_Breath,1,consumables.potions
gen_im_cns_pot_mana_01,Lyrium Potion,da2,,,https://dragonage.fandom.com/wiki/Lyrium_Potion_(Dragon_Age_II),1,consumables.potions
gen_im_cns_pot_respec_01,Maker's Sigh,da2,,,https://dragonage.fandom.com/wiki/Maker%27s_Sigh,1,consumables.potions
gen_im_cns_pot_stamina_01,Stamina Draught,da2,,,https://dragonage.fandom.com/wiki/Stamina_Draught_(Dragon_Age_II),1,consumables.potions
gen_im_cns_pot_technique_01,Elixir of Arcane Technique,da2,,,https://dragonage.fandom.com/wiki/Elixir_of_Arcane_Technique,1,consumables.potions
gen_im_cns_pot_technique_02,Elixir of Physical Technique,da2,,,https://dragonage.fandom.com/wiki/Elixir_of_Physical_Technique,1,consumables.potions
gen_im_cns_pot_xp_01,Elixir of the Ages,da2,,,https://dragonage.fandom.com/wiki/Elixir_of_the_Ages,1,consumables.potions
gen_im_cns_tom_attribute_01,Tome of the Mortal Vessel,da2,,,https://dragonage.fandom.com/wiki/Tome_of_the_Mortal_Vessel_(Dragon_Age_II),1,consumables.tomes
gen_im_cns_tom_attribute_02,Greater Tome of the Mortal Vessel,da2,,,https://dragonage.fandom.com/wiki/Greater_Tome_of_the_Mortal_Vessel_(Dragon_Age_II),1,consumables.tomes
gen_im_cns_tom_attribute_03,Arcane Tome of the Mortal Vessel,da2,,,https://dragonage.fandom.com/wiki/Arcane_Tome_of_the_Mortal_Vessel,1,consumables.tomes
gen_im_cns_tom_mag_archmage,Manual: Archmage Specialization,da2,,,,1,consumables.tomes
gen_im_cns_tom_mag_bldmage,Manual: Blood Mage Specialization,da2,,,,1,consumables.tomes
gen_im_cns_tom_mag_frcmage,Manual: Force Mage Specialization,da2,,,,1,consumables.tomes
gen_im_cns_tom_mag_sphealer,Manual: Spirit Healer Specialization,da2,,,,1,consumables.tomes
gen_im_cns_tom_rog_assassin,Manual: Assassin Specialization,da2,,,,1,consumables.tomes
gen_im_cns_tom_rog_bard,Manual: Bard Specialization,da2,,,,1,consumables.tomes
gen_im_cns_tom_rog_duelist,Manual: Duelist Specialization,da2,,,,1,consumables.tomes
gen_im_cns_tom_rog_shadow,Manual: Shadow Specialization,da2,,,,1,consumables.tomes
gen_im_cns_tom_talent_01,Tome of Technique,da2,,,https://dragonage.fandom.com/wiki/Tome_of_Technique,1,consumables.tomes
gen_im_cns_tom_war_berserkr,Manual: Berserker Specialization,da2,,,,1,consumables.tomes
gen_im_cns_tom_war_juggnaut,Manual: Juggernaut Specialization,da2,,,,1,consumables.tomes
gen_im_cns_tom_war_reaver,Manual: Reaver Specialization,da2,,,,1,consumables.tomes
gen_im_cns_tom_war_templar,Manual: Templar Specialization,da2,,,,1,consumables.tomes
gen_im_cft_reg_a,Elfroot,da2,,,https://dragonage.fandom.com/wiki/Elfroot_(Dragon_Age_II),1,crafting.reagents
gen_im_cft_reg_a1,Bitter Elfroot,da2,,,https://dragonage.fandom.com/wiki/Elfroot_(Dragon_Age_II),1,crafting.reagents
gen_im_cft_reg_a2,Gossamer Elfroot,da2,,,https://dragonage.fandom.com/wiki/Elfroot_(Dragon_Age_II),1,crafting.reagents
gen_im_cft_reg_a3,Royal Elfroot,da2,,,https://dragonage.fandom.com/wiki/Elfroot_(Dragon_Age_II),1,crafting.reagents
gen_im_cft_reg_b,Spindleweed,da2,,,https://dragonage.fandom.com/wiki/Spindleweed,1,crafting.reagents
gen_im_cft_reg_b1,Common Spindleweed,da2,,,https://dragonage.fandom.com/wiki/Spindleweed,1,crafting.reagents
gen_im_cft_reg_b2,Dwarf's Spindleweed,da2,,,https://dragonage.fandom.com/wiki/Spindleweed,1,crafting.reagents
gen_im_cft_reg_c,Embrium,da2,,,https://dragonage.fandom.com/wiki/Embrium,1,crafting.reagents
gen_im_cft_reg_c1,Salubrious Embrium,da2,,,https://dragonage.fandom.com/wiki/Embrium,1,crafting.reagents
gen_im_cft_reg_c2,Dark Embrium,da2,,,https://dragonage.fandom.com/wiki/Embrium,1,crafting.reagents
gen_im_cft_reg_d,Ambrosia,da2,,,https://dragonage.fandom.com/wiki/Ambrosia,1,crafting.reagents
gen_im_cft_reg_d1,Ambrosia,da2,,,https://dragonage.fandom.com/wiki/Ambrosia,1,crafting.reagents
gen_im_cft_reg_e,Deep Mushroom,da2,,,https://dragonage.fandom.com/wiki/Deep_Mushroom_(Dragon_Age_II),1,crafting.reagents
gen_im_cft_reg_e1,Blightcap Mushroom,da2,,,https://dragonage.fandom.com/wiki/Deep_Mushroom_(Dragon_Age_II),1,crafting.reagents
gen_im_cft_reg_e2,Ghoul's Mushroom,da2,,,https://dragonage.fandom.com/wiki/Deep_Mushroom_(Dragon_Age_II),1,crafting.reagents
gen_im_cft_reg_e3,Brimstone Mushroom,da2,,,https://dragonage.fandom.com/wiki/Deep_Mushroom_(Dragon_Age_II),1,crafting.reagents
gen_im_cft_reg_f,Deathroot,da2,,,https://dragonage.fandom.com/wiki/Deathroot_(Dragon_Age_II),1,crafting.reagents
gen_im_cft_reg_f1,Arcanist Deathroot,da2,,,https://dragonage.fandom.com/wiki/Deathroot_(Dragon_Age_II),1,crafting.reagents
gen_im_cft_reg_f2,Lunatic's Deathroot,da2,,,https://dragonage.fandom.com/wiki/Deathroot_(Dragon_Age_II),1,crafting.reagents
gen_im_cft_reg_g,Glitterdust,da2,,,https://dragonage.fandom.com/wiki/Glitterdust,1,crafting.reagents
gen_im_cft_reg_g1,Volatile Glitterdust,da2,,,https://dragonage.fandom.com/wiki/Glitterdust,1,crafting.reagents
gen_im_cft_reg_g2,Tainted Glitterdust,da2,,,https://dragonage.fandom.com/wiki/Glitterdust,1,crafting.reagents
gen_im_cft_reg_h,Felandaris,da2,,,https://dragonage.fandom.com/wiki/Felandaris_(Dragon_Age_II),1,crafting.reagents
gen_im_cft_reg_h1,Felandaris,da2,,,https://dragonage.fandom.com/wiki/Felandaris_(Dragon_Age_II),1,crafting.reagents
gen_im_cft_reg_i,Lyrium,da2,,,https://dragonage.fandom.com/wiki/Lyrium,1,crafting.reagents
gen_im_cft_reg_i1,Refined Lyrium,da2,,,https://dragonage.fandom.com/wiki/Lyrium,1,crafting.reagents
gen_im_cft_reg_i2,Raw Lyrium,da2,,,https://dragonage.fandom.com/wiki/Lyrium,1,crafting.reagents
gen_im_cft_reg_i3,Corrupted Lyrium,da2,,,https://dragonage.fandom.com/wiki/Lyrium,1,crafting.reagents
gen_im_cft_reg_j,Silverite,da2,,,https://dragonage.fandom.com/wiki/Silverite,1,crafting.reagents
gen_im_cft_reg_j1,Silverite Ore,da2,,,https://dragonage.fandom.com/wiki/Silverite,1,crafting.reagents
gen_im_cft_reg_j2,Pale Silverite,da2,,,https://dragonage.fandom.com/wiki/Silverite,1,crafting.reagents
gen_im_cft_reg_k,Orichalcum,da2,,,https://dragonage.fandom.com/wiki/Orichalcum,1,crafting.reagents
gen_im_cft_reg_k1,Deep Orichalcum,da2,,,https://dragonage.fandom.com/wiki/Orichalcum,1,crafting.reagents
gen_im_cft_reg_k2,Crystalline Orichalcum,da2,,,https://dragonage.fandom.com/wiki/Orichalcum,1,crafting.reagents
gen_im_cft_reg_l,Dragon's Blood,da2,,,https://dragonage.fandom.com/wiki/Dragon%27s_Blood,1,crafting.reagents
gen_im_cft_reg_l1,Dragon's Blood,da2,,,https://dragonage.fandom.com/wiki/Dragon%27s_Blood,1,crafting.reagents
gen_im_cft_rec_arn_01,Design: Rune of Protection,da2,,,https://dragonage.fandom.com/wiki/Design:_Rune_of_Protection,0,crafting.recipes
gen_im_cft_rec_arn_02,Design: Rune of Fortune,da2,,,https://dragonage.fandom.com/wiki/Design:_Rune_of_Fortune,0,crafting.recipes
gen_im_cft_rec_arn_03,Design: Rune of Frost Warding,da2,,,https://dragonage.fandom.com/wiki/Design:_Rune_of_Frost_Warding,0,crafting.recipes
gen_im_cft_rec_arn_04,Design: Rune of Fire Warding,da2,,,https://dragonage.fandom.com/wiki/Design:_Rune_of_Fire_Warding,0,crafting.recipes
gen_im_cft_rec_arn_05,Design: Rune of Lightning Warding,da2,,,https://dragonage.fandom.com/wiki/Design:_Rune_of_Lightning_Warding,0,crafting.recipes
gen_im_cft_rec_arn_06,Design: Rune of Nature Warding,da2,,,https://dragonage.fandom.com/wiki/Design:_Rune_of_Nature_Warding,0,crafting.recipes
gen_im_cft_rec_arn_07,Design: Rune of Spirit Warding,da2,,,https://dragonage.fandom.com/wiki/Design:_Rune_of_Spirit_Warding,0,crafting.recipes
gen_im_cft_rec_arn_08,Design: Rune of Defense,da2,,,https://dragonage.fandom.com/wiki/Design:_Rune_of_Defense,0,crafting.recipes
gen_im_cft_rec_arn_09,Design: Rune of Valiance,da2,,,https://dragonage.fandom.com/wiki/Design:_Rune_of_Valiance,0,crafting.recipes
gen_im_cft_rec_bmb_01,Formula: Combustion Grenade,da2,,,https://dragonage.fandom.com/wiki/Formula:_Combustion_Grenade,0,crafting.recipes
gen_im_cft_rec_bmb_02,Formula: Tar Bomb,da2,,,https://dragonage.fandom.com/wiki/Formula:_Tar_Bomb,0,crafting.recipes
gen_im_cft_rec_bmb_03,Formula: Mythal's Favor,da2,,,https://dragonage.fandom.com/wiki/Formula:_Mythal%27s_Favor,0,crafting.recipes
gen_im_cft_rec_bmb_04,Formula: Fell Grenade,da2,,,https://dragonage.fandom.com/wiki/Formula:_Fell_Grenade,0,crafting.recipes
gen_im_cft_rec_pot_01,Recipe: Elfroot Potion,da2,,,https://dragonage.fandom.com/wiki/Recipe:_Elfroot_Potion,0,crafting.recipes
gen_im_cft_rec_pot_02,Recipe: Elixir of Purity,da2,,,https://dragonage.fandom.com/wiki/Recipe:_Elixir_of_Purity,0,crafting.recipes
gen_im_cft_rec_pot_03,Recipe: Spindleweed Brew,da2,,,https://dragonage.fandom.com/wiki/Recipe:_Spindleweed_Brew,0,crafting.recipes
gen_im_cft_rec_pot_04,Recipe: Restoration Potion,da2,,,https://dragonage.fandom.com/wiki/Recipe:_Restoration_Potion,0,crafting.recipes
gen_im_cft_rec_pot_05,Recipe: Life Ward Potion,da2,,,https://dragonage.fandom.com/wiki/Recipe:_Life_Ward_Potion,0,crafting.recipes
gen_im_cft_rec_pot_06,Recipe: Rock Armor Potion,da2,,,https://dragonage.fandom.com/wiki/Recipe:_Rock_Armor_Potion,0,crafting.recipes
gen_im_cft_rec_pot_07,Recipe: Mighty Offense Potion,da2,,,https://dragonage.fandom.com/wiki/Recipe:_Mighty_Offense_Potion,0,crafting.recipes
gen_im_cft_rec_pot_08,Recipe: Elixir of Heroism,da2,,,https://dragonage.fandom.com/wiki/Recipe:_Elixir_of_Heroism,0,crafting.recipes
gen_im_cft_rec_psn_01,Formula: Debilitating Poison,da2,,,https://dragonage.fandom.com/wiki/Formula:_Debilitating_Poison,0,crafting.recipes
gen_im_cft_rec_psn_02,Formula: Crow Venom,da2,,,https://dragonage.fandom.com/wiki/Formula:_Crow_Venom,0,crafting.recipes
gen_im_cft_rec_psn_03,Formula: Deathroot Toxin,da2,,,https://dragonage.fandom.com/wiki/Formula:_Deathroot_Toxin,0,crafting.recipes
gen_im_cft_rec_psn_04,Formula: Arcane Poison,da2,,,https://dragonage.fandom.com/wiki/Formula:_Arcane_Poison,0,crafting.recipes
gen_im_cft_rec_psn_05,Formula: Fell Poison,da2,,,https://dragonage.fandom.com/wiki/Formula:_Fell_Poison,0,crafting.recipes
gen_im_cft_rec_wrn_01,Design: Rune of Impact,da2,,,https://dragonage.fandom.com/wiki/Design:_Rune_of_Impact,0,crafting.recipes
gen_im_cft_rec_wrn_02,Design: Rune of Frost,da2,,,https://dragonage.fandom.com/wiki/Design:_Rune_of_Frost,0,crafting.recipes
gen_im_cft_rec_wrn_03,Design: Rune of Fire,da2,,,https://dragonage.fandom.com/wiki/Design:_Rune_of_Fire,0,crafting.recipes
gen_im_cft_rec_wrn_04,Design: Rune of Lightning,da2,,,https://dragonage.fandom.com/wiki/Design:_Rune_of_Lightning,0,crafting.recipes
gen_im_cft_rec_wrn_05,Design: Rune of Nature,da2,,,https://dragonage.fandom.com/wiki/Design:_Rune_of_Nature,0,crafting.recipes
gen_im_cft_rec_wrn_06,Design: Rune of Spirit,da2,,,https://dragonage.fandom.com/wiki/Design:_Rune_of_Spirit,0,crafting.recipes
gen_im_cft_rec_wrn_07,Design: Rune of Striking,da2,,,https://dragonage.fandom.com/wiki/Design:_Rune_of_Striking,0,crafting.recipes
gen_im_cft_rec_wrn_08,Design: Rune of Devastation,da2,,,https://dragonage.fandom.com/wiki/Design:_Rune_of_Devastation,0,crafting.recipes
gen_im_trs_apo_lgt_boo_r0,Neophyte Mage Boots,da2,,,,0,generic_items
gen_im_trs_apo_lgt_boo_r1,Adept Mage Boots,da2,,,,0,generic_items
gen_im_trs_apo_lgt_boo_r2,Empowered Mage Boots,da2,,,,0,generic_items
gen_im_trs_apo_lgt_cht_r0,Neophyte Robes,da2,,,,0,generic_items
gen_im_trs_apo_lgt_cht_r1,Adept Robes,da2,,,https://dragonage.fandom.com/wiki/Adept_Robes,0,generic_items
gen_im_trs_apo_lgt_cht_r2,Empowered Robes,da2,,,,0,generic_items
gen_im_trs_apo_lgt_glv_r0,Neophyte Mage Gloves,da2,,,,0,generic_items
gen_im_trs_apo_lgt_glv_r1,Adept Mage Gloves,da2,,,,0,generic_items
gen_im_trs_apo_lgt_glv_r2,Empowered Mage Gloves,da2,,,,0,generic_items
gen_im_trs_apo_lgt_hlm_r0,Neophyte Mage Cowl,da2,,,,0,generic_items
gen_im_trs_apo_lgt_hlm_r1,Adept Mage Cowl,da2,,,https://dragonage.fandom.com/wiki/Adept_Mage_Cowl,0,generic_items
gen_im_trs_apo_lgt_hlm_r2,Empowered Mage Cowl,da2,,,,0,generic_items
gen_im_trs_apo_rng_r0,Ring of Minor Cantrips,da2,,,https://dragonage.fandom.com/wiki/Ring_of_Minor_Cantrips,0,generic_items
gen_im_trs_apo_rng_r1,Ring of Transitional Power,da2,,,https://dragonage.fandom.com/wiki/Ring_of_Transitional_Power,0,generic_items
gen_im_trs_apo_rng_r2,Ring of Greater Empowerment,da2,,,https://dragonage.fandom.com/wiki/Ring_of_Greater_Empowerment,0,generic_items
gen_im_trs_apo_sta_03,Airhert's Spine,da2,,,,0,generic_items
gen_im_trs_apo_sta_cld_r0,Staff of the Apprentice,da2,,,,0,generic_items
gen_im_trs_apo_sta_cld_r1,Staff of the Adept,da2,,,https://dragonage.fandom.com/wiki/Staff_of_the_Adept,0,generic_items
gen_im_trs_apo_sta_cld_r2,Staff of the Magister,da2,,,https://dragonage.fandom.com/wiki/Staff_of_the_Magister,0,generic_items
gen_im_trs_apo_sta_ele_r0,Bound Staff,da2,,,,0,generic_items
gen_im_trs_apo_sta_ele_r1,Channeled Staff,da2,,,https://dragonage.fandom.com/wiki/Channeled_Staff,0,generic_items
gen_im_trs_apo_sta_ele_r2,Fortified Staff,da2,,,,0,generic_items
gen_im_trs_apo_sta_fir_r0,Improvised Enchanters' Staff,da2,,,,0,generic_items
gen_im_trs_apo_sta_fir_r1,Conjurors' Stake,da2,,,https://dragonage.fandom.com/wiki/Conjurors%27_Stake,0,generic_items
gen_im_trs_apo_sta_fir_r2,Archmage's Conduit,da2,,,https://dragonage.fandom.com/wiki/Archmage%27s_Conduit,0,generic_items
gen_im_trs_bow,Simple Recurve,da2,,,,0,generic_items
gen_im_trs_bst_hunt_dag,Hunter's Dagger,da2,,,,0,generic_items
gen_im_trs_chn_blt_r0,Belt of the Affirmed,da2,,,,0,generic_items
gen_im_trs_chn_blt_r1,Mothers' Cincture,da2,,,,0,generic_items
gen_im_trs_chn_blt_r2,Blessed Goldenweave Belt,da2,,,,0,generic_items
gen_im_trs_chn_dua_dag_r0,Blade of Calling,da2,,,,0,generic_items
gen_im_trs_chn_dua_dag_r1,Blade of Forgiveness,da2,,,https://dragonage.fandom.com/wiki/Blade_of_Forgiveness,0,generic_items
gen_im_trs_chn_dua_dag_r2,Blade of Deliverance,da2,,,,0,generic_items
gen_im_trs_chn_rng_r0,Andraste's Grace,da2,,,https://dragonage.fandom.com/wiki/Andraste%27s_Grace_(Dragon_Age_II),0,generic_items
gen_im_trs_chn_rng_r1,Andraste's Wisdom,da2,,,https://dragonage.fandom.com/wiki/Andraste%27s_Wisdom,0,generic_items
gen_im_trs_chn_rng_r2,Andraste's Sacrifice,da2,,,,0,generic_items
gen_im_trs_chn_robe,Chantry Robes,da2,,,,0,generic_items
gen_im_trs_chn_shd_wdn_r0,Shield of the Light,da2,,,https://dragonage.fandom.com/wiki/Shield_of_the_Light,0,generic_items
gen_im_trs_chn_shd_wdn_r1,Shield of the Flame,da2,,,https://dragonage.fandom.com/wiki/Shield_of_the_Flame,0,generic_items
gen_im_trs_chn_shd_wdn_r2,Shield of the Faith,da2,,,,0,generic_items
gen_im_trs_cot_arc_lbw_r0,Shadow Bow,da2,,,,0,generic_items
gen_im_trs_cot_arc_lbw_r1,Superior Shadow Bow,da2,,,,0,generic_items
gen_im_trs_cot_arc_lbw_r2,Enchanted Shadow Bow,da2,,,,0,generic_items
gen_im_trs_cot_arc_sbw_r0,Quickbow,da2,,,,0,generic_items
gen_im_trs_cot_arc_sbw_r1,Superior Quickbow,da2,,,,0,generic_items
gen_im_trs_cot_arc_sbw_r2,Enchanted Quickbow,da2,,,,0,generic_items
gen_im_trs_cot_blt_r0,Rogue's Belt,da2,,,,0,generic_items
gen_im_trs_cot_blt_r1,Ornate Rogue's Belt,da2,,,,0,generic_items
gen_im_trs_cot_blt_r2,Greater Rogue Belt,da2,,,,0,generic_items
gen_im_trs_cot_dua_dag_r0,Stiletto,da2,,,,0,generic_items
gen_im_trs_cot_dua_dag_r1,Superior Stiletto,da2,,,,0,generic_items
gen_im_trs_cot_dua_dag_r2,Enchanted Stiletto,da2,,,,0,generic_items
gen_im_trs_cot_lgt_boo_r0,Coterie Mage Boots,da2,,,https://dragonage.fandom.com/wiki/Coterie_Mage_Boots,0,generic_items
gen_im_trs_cot_lgt_boo_r1,Superior Coterie Mage Boots,da2,,,,0,generic_items
gen_im_trs_cot_lgt_boo_r2,Enchanted Coterie Mage Boots,da2,,,,0,generic_items
gen_im_trs_cot_lgt_cht_r0,Coterie Mage Robe,da2,,,https://dragonage.fandom.com/wiki/Coterie_Mage_Robe,0,generic_items
gen_im_trs_cot_lgt_cht_r1,Superior Coterie Mage Robe,da2,,,,0,generic_items
gen_im_trs_cot_lgt_cht_r2,Enchanted Coterie Mage Robe,da2,,,,0,generic_items
gen_im_trs_cot_lgt_glv_r0,Coterie Mage Gloves,da2,,,https://dragonage.fandom.com/wiki/Coterie_Mage_Gloves,0,generic_items
gen_im_trs_cot_lgt_glv_r1,Superior Coterie Mage Gloves,da2,,,,0,generic_items
gen_im_trs_cot_lgt_glv_r2,Enchanted Coterie Mage Gloves,da2,,,,0,generic_items
gen_im_trs_cot_lgt_hlm_r0,Coterie Mage's Hood,da2,,,https://dragonage.fandom.com/wiki/Coterie_Mage%27s_Hood,0,generic_items
gen_im_trs_cot_lgt_hlm_r1,Superior Coterie Mage's Hood,da2,,,,0,generic_items
gen_im_trs_cot_lgt_hlm_r2,Enchanted Coterie Mage Hood,da2,,,,0,generic_items
gen_im_trs_cot_med_boo_r0,Rogue's Boots,da2,,,,0,generic_items
gen_im_trs_cot_med_boo_r1,Superior Rogue's Boots,da2,,,,0,generic_items
gen_im_trs_cot_med_boo_r2,Enchanted Rogue Boots,da2,,,,0,generic_items
gen_im_trs_cot_med_cht_r0,Rogue Armor,da2,,,https://dragonage.fandom.com/wiki/Rogue_Armor,0,generic_items
gen_im_trs_cot_med_cht_r1,Superior Rogue Armor,da2,,,,0,generic_items
gen_im_trs_cot_med_cht_r2,Enchanted Rogue Armor,da2,,,,0,generic_items
gen_im_trs_cot_med_glv_r0,Shadow Gauntlets,da2,,,,0,generic_items
gen_im_trs_cot_med_glv_r1,Superior Shadow Gauntlets,da2,,,,0,generic_items
gen_im_trs_cot_med_glv_r2,Enchanted Shadow Gauntlets,da2,,,,0,generic_items
gen_im_trs_cot_med_hlm_r0,Shadow Helm,da2,,,,0,generic_items
gen_im_trs_cot_med_hlm_r1,Superior Shadow Helm,da2,,,,0,generic_items
gen_im_trs_cot_med_hlm_r2,Enchanted Shadow Helm,da2,,,,0,generic_items
gen_im_trs_cot_rng_r0,Rogue's Ring,da2,,,,0,generic_items
gen_im_trs_cot_rng_r1,Ornate Rogue's Ring,da2,,,,0,generic_items
gen_im_trs_cot_rng_r2,Greater Rogue Ring,da2,,,,0,generic_items
gen_im_trs_crc_amu_r0,Circle Journeyman Amulet,da2,,,,0,generic_items
gen_im_trs_crc_amu_r1,Circle Enchanters' Amulet,da2,,,,0,generic_items
gen_im_trs_crc_amu_r2,Transmuted Circle Amulet,da2,,,,0,generic_items
gen_im_trs_crc_lgt_boo_r0,Circle Weavers - Minor,da2,,,,0,generic_items
gen_im_trs_crc_lgt_boo_r1,Circle Enchanters' Tall-Shoe,da2,,,,0,generic_items
gen_im_trs_crc_lgt_boo_r2,Circle Magi Brandishers,da2,,,,0,generic_items
gen_im_trs_crc_lgt_cht_r0,Charged Circle Robes,da2,,,,0,generic_items
gen_im_trs_crc_lgt_cht_r1,Robes of the Empowered Circle,da2,,,https://dragonage.fandom.com/wiki/Robes_of_the_Empowered_Circle,0,generic_items
gen_im_trs_crc_lgt_cht_r2,War Mage Robes - Circle Bound,da2,,,https://dragonage.fandom.com/wiki/War_Mage_Robes_-_Circle_Bound,0,generic_items
gen_im_trs_crc_lgt_glv_r0,Gloves of the Circle - Minor,da2,,,,0,generic_items
gen_im_trs_crc_lgt_glv_r1,Gauntlets of the Empowered Circle,da2,,,,0,generic_items
gen_im_trs_crc_lgt_glv_r2,War Mage Gloves - Circle Bound,da2,,,https://dragonage.fandom.com/wiki/War_Mage_Gloves_-_Circle_Bound,0,generic_items
gen_im_trs_crc_sta_02,Corrupted Acolyte's Staff,da2,,,https://dragonage.fandom.com/wiki/Corrupted_Acolyte%27s_Staff,0,generic_items
gen_im_trs_crc_sta_nat_r0,Aequitarian Fraternity Staff,da2,,,https://dragonage.fandom.com/wiki/Aequitarian_Fraternity_Staff,0,generic_items
gen_im_trs_crc_sta_nat_r1,Loyalist Fraternity Staff,da2,,,,0,generic_items
gen_im_trs_crc_sta_nat_r2,Shared-Fraternity Magus Staff,da2,,,,0,generic_items
gen_im_trs_crc_sta_phy_r0,Lesser Formari Staff,da2,,,,0,generic_items
gen_im_trs_crc_sta_phy_r1,Greater Formari Staff,da2,,,,0,generic_items
gen_im_trs_crc_sta_phy_r2,Empowered Formari Staff,da2,,,,0,generic_items
gen_im_trs_crc_sta_spi_r0,Isolationist Fraternity Staff,da2,,,,0,generic_items
gen_im_trs_crc_sta_spi_r1,Libertarian Fraternity Staff,da2,,,,0,generic_items
gen_im_trs_crc_sta_spi_r2,Shared-Fraternity War Staff,da2,,,,0,generic_items
gen_im_trs_dal_amu_r0,Dalish Amulet,da2,,,,0,generic_items
gen_im_trs_dal_amu_r1,Ornate Dalish Amulet,da2,,,,0,generic_items
gen_im_trs_dal_amu_r2,Greater Dalish Amulet,da2,,,,0,generic_items
gen_im_trs_dal_arc_lbw_r0,Dalish Longbow,da2,,,,0,generic_items
gen_im_trs_dal_arc_lbw_r1,Superior Dalish Longbow,da2,,,,0,generic_items
gen_im_trs_dal_arc_lbw_r2,Enchanted Dalish Longbow,da2,,,,0,generic_items
gen_im_trs_dal_arc_sbw_r0,Dalish Shortbow,da2,,,,0,generic_items
gen_im_trs_dal_arc_sbw_r1,Superior Dalish Shortbow,da2,,,,0,generic_items
gen_im_trs_dal_arc_sbw_r2,Enchanted Dalish Shortbow,da2,,,,0,generic_items
gen_im_trs_dal_blt_r0,Dalish Belt,da2,,,,0,generic_items
gen_im_trs_dal_blt_r1,Ornate Dalish Belt,da2,,,,0,generic_items
gen_im_trs_dal_blt_r2,Greater Dalish Belt,da2,,,,0,generic_items
gen_im_trs_dal_dua_dag_r0,Dalish Dagger,da2,,,https://dragonage.fandom.com/wiki/Dalish_Dagger,0,generic_items
gen_im_trs_dal_dua_dag_r1,Superior Dalish Dagger,da2,,,,0,generic_items
gen_im_trs_dal_dua_dag_r2,Enchanted Dalish Dagger,da2,,,,0,generic_items
gen_im_trs_dal_hvy_boo_r0,Heavy Elven Boots,da2,,,,0,generic_items
gen_im_trs_dal_hvy_boo_r1,Superior Heavy Elven Boots,da2,,,,0,generic_items
gen_im_trs_dal_hvy_boo_r2,Enchanted Heavy Elven Boots,da2,,,,0,generic_items
gen_im_trs_dal_hvy_cht_r0,Elven Plate Armor,da2,,,https://dragonage.fandom.com/wiki/Elven_Plate_Armor,0,generic_items
gen_im_trs_dal_hvy_cht_r1,Superior Elven Plate,da2,,,,0,generic_items
gen_im_trs_dal_hvy_cht_r2,Enchanted Elven Plate,da2,,,,0,generic_items
gen_im_trs_dal_hvy_glv_r0,Elven Gauntlets,da2,,,,0,generic_items
gen_im_trs_dal_hvy_glv_r1,Superior Elven Gauntlets,da2,,,,0,generic_items
gen_im_trs_dal_hvy_glv_r2,Enchanted Elven Gauntlets,da2,,,,0,generic_items
gen_im_trs_dal_hvy_hlm_r0,Elven Helmet,da2,,,,0,generic_items
gen_im_trs_dal_hvy_hlm_r1,Superior Elven Helmet,da2,,,,0,generic_items
gen_im_trs_dal_hvy_hlm_r2,Enchanted Elven Helmet,da2,,,,0,generic_items
gen_im_trs_dal_med_boo_r0,Elven Boots,da2,,,,0,generic_items
gen_im_trs_dal_med_boo_r1,Superior Elven Boots,da2,,,,0,generic_items
gen_im_trs_dal_med_boo_r2,Enchanted Elven Boots,da2,,,,0,generic_items
gen_im_trs_dal_med_cht_r0,Elven Leather Armor,da2,,,,0,generic_items
gen_im_trs_dal_med_cht_r1,Superior Elven Leather,da2,,,,0,generic_items
gen_im_trs_dal_med_cht_r2,Enchanted Elven Leather,da2,,,,0,generic_items
gen_im_trs_dal_med_glv_r0,Elven Gloves,da2,,,,0,generic_items
gen_im_trs_dal_med_glv_r1,Superior Elven Gloves,da2,,,,0,generic_items
gen_im_trs_dal_med_glv_r2,Enchanted Elven Gloves,da2,,,,0,generic_items
gen_im_trs_dal_med_hlm_r0,Elven Light Helm,da2,,,,0,generic_items
gen_im_trs_dal_med_hlm_r1,Superior Elven Light Helm,da2,,,,0,generic_items
gen_im_trs_dal_med_hlm_r2,Enchanted Elven Light Helm,da2,,,,0,generic_items
gen_im_trs_dal_one_lsw_r0,Dalish Longsword,da2,,,,0,generic_items
gen_im_trs_dal_one_lsw_r1,Superior Dalish Longsword,da2,,,,0,generic_items
gen_im_trs_dal_one_lsw_r2,Enchanted Dalish Longsword,da2,,,,0,generic_items
gen_im_trs_dal_shd_wdn_r0,Ironwood Shield,da2,,,https://dragonage.fandom.com/wiki/Ironwood_Shield,0,generic_items
gen_im_trs_dal_shd_wdn_r1,Superior Ironwood Shield,da2,,,,0,generic_items
gen_im_trs_dal_shd_wdn_r2,Enchanted Ironwood Shield,da2,,,,0,generic_items
gen_im_trs_dal_two_2hs_r0,Ironwood Warblade,da2,,,https://dragonage.fandom.com/wiki/Ironwood_Warblade,0,generic_items
gen_im_trs_dal_two_2hs_r1,Superior Ironwood Warblade,da2,,,,0,generic_items
gen_im_trs_dal_two_2hs_r2,Enchanted Ironwood War Blade,da2,,,,0,generic_items
gen_im_trs_dem_amu_r0,Demonic Amulet,da2,,,https://dragonage.fandom.com/wiki/Demonic_Amulet,0,generic_items
gen_im_trs_dem_amu_r1,Ornate Demonic Amulet,da2,,,,0,generic_items
gen_im_trs_dem_amu_r2,Greater Demonic Amulet,da2,,,,0,generic_items
gen_im_trs_dem_blt_r0,Demonic Belt,da2,,,,0,generic_items
gen_im_trs_dem_blt_r1,Ornate Demonic Belt,da2,,,,0,generic_items
gen_im_trs_dem_blt_r2,Greater Demonic Belt,da2,,,,0,generic_items
gen_im_trs_dem_lgt_boo_r0,Demonic Footwraps,da2,,,,0,generic_items
gen_im_trs_dem_lgt_boo_r1,Ornate Demonic Footwraps,da2,,,,0,generic_items
gen_im_trs_dem_lgt_boo_r2,Greater Demonic Footwraps,da2,,,,0,generic_items
gen_im_trs_dem_lgt_cht_r0,Demonic Robes,da2,,,https://dragonage.fandom.com/wiki/Demonic_Robes,0,generic_items
gen_im_trs_dem_lgt_cht_r1,Ornate Demonic Robes,da2,,,,0,generic_items
gen_im_trs_dem_lgt_cht_r2,Greater Demonic Robes,da2,,,,0,generic_items
gen_im_trs_dem_lgt_glv_r0,Demonic Gloves,da2,,,,0,generic_items
gen_im_trs_dem_lgt_glv_r1,Ornate Demonic Gloves,da2,,,,0,generic_items
gen_im_trs_dem_lgt_glv_r2,Greater Demonic Gloves,da2,,,,0,generic_items
gen_im_trs_dem_lgt_hlm_r0,Demonic Hood,da2,,,,0,generic_items
gen_im_trs_dem_lgt_hlm_r1,Ornate Demonic Hood,da2,,,,0,generic_items
gen_im_trs_dem_lgt_hlm_r2,Greater Demonic Hood,da2,,,,0,generic_items
gen_im_trs_dem_rng_r0,Demonic Ring,da2,,,https://dragonage.fandom.com/wiki/Demonic_Ring,0,generic_items
gen_im_trs_dem_rng_r1,Ornate Demonic Ring,da2,,,,0,generic_items
gen_im_trs_dem_rng_r2,Greater Demonic Ring,da2,,,,0,generic_items
gen_im_trs_dem_sta_fir_r0,Demonic Rod,da2,,,,0,generic_items
gen_im_trs_dem_sta_fir_r1,Ornate Demonic Rod,da2,,,https://dragonage.fandom.com/wiki/Ornate_Demonic_Rod,0,generic_items
gen_im_trs_dem_sta_fir_r2,Greater Demonic Rod,da2,,,,0,generic_items
gen_im_trs_dem_sta_spi_r0,Demonic Staff,da2,,,,0,generic_items
gen_im_trs_dem_sta_spi_r1,Ornate Demonic Staff,da2,,,,0,generic_items
gen_im_trs_dem_sta_spi_r2,Greater Demonic Staff,da2,,,,0,generic_items
gen_im_trs_drk_amu_r0,Twisted Amulet,da2,,,,0,generic_items
gen_im_trs_drk_amu_r1,Tainted Amulet,da2,,,https://dragonage.fandom.com/wiki/Tainted_Amulet,0,generic_items
gen_im_trs_drk_amu_r2,Blighted Amulet,da2,,,,0,generic_items
gen_im_trs_drk_one_axe_r0,Notched Darkspawn Hatchet,da2,,,,0,generic_items
gen_im_trs_drk_one_axe_r1,Wicked Darkspawn Hatchet,da2,,,,0,generic_items
gen_im_trs_drk_one_axe_r2,Ruthless Darkspawn Hatchet,da2,,,,0,generic_items
gen_im_trs_drk_one_lsw_r0,Notched Darkspawn Blade,da2,,,,0,generic_items
gen_im_trs_drk_one_lsw_r1,Wicked Darkspawn Blade,da2,,,,0,generic_items
gen_im_trs_drk_one_lsw_r2,Ruthless Darkspawn Blade,da2,,,,0,generic_items
gen_im_trs_drk_one_mac_r0,Notched Darkspawn Hammer,da2,,,,0,generic_items
gen_im_trs_drk_one_mac_r1,Wicked Darkspawn Hammer,da2,,,,0,generic_items
gen_im_trs_drk_one_mac_r2,Ruthless Darkspawn Hammer,da2,,,,0,generic_items
gen_im_trs_drk_shd_met_r0,Pitted Darkspawn War Shield,da2,,,,0,generic_items
gen_im_trs_drk_shd_met_r1,Heavy Darkspawn War Shield,da2,,,,0,generic_items
gen_im_trs_drk_shd_met_r2,Superior Darkspawn War Shield,da2,,,,0,generic_items
gen_im_trs_drk_two_2ha_r0,Notched Darkspawn War Axe,da2,,,,0,generic_items
gen_im_trs_drk_two_2ha_r1,Wicked Darkspawn War Axe,da2,,,,0,generic_items
gen_im_trs_drk_two_2ha_r2,Ruthless Darkspawn War Axe,da2,,,,0,generic_items
gen_im_trs_drk_two_2hm_r0,Notched Darkspawn Maul,da2,,,,0,generic_items
gen_im_trs_drk_two_2hm_r1,Wicked Darkspawn Maul,da2,,,,0,generic_items
gen_im_trs_drk_two_2hm_r2,Ruthless Darkspawn Maul,da2,,,,0,generic_items
gen_im_trs_drk_two_2hs_r0,Notched Darkspawn Slayer,da2,,,,0,generic_items
gen_im_trs_drk_two_2hs_r1,Wicked Darkspawn Slayer,da2,,,,0,generic_items
gen_im_trs_drk_two_2hs_r2,Ruthless Darkspawn Slayer,da2,,,,0,generic_items
gen_im_trs_dwv_dua_dag_r0,Dwarven Dagger,da2,,,https://dragonage.fandom.com/wiki/Dwarven_Dagger,0,generic_items
gen_im_trs_dwv_dua_dag_r1,Superior Dwarven Dagger,da2,,,,0,generic_items
gen_im_trs_dwv_dua_dag_r2,Masterwork Dwarven Dagger,da2,,,https://dragonage.fandom.com/wiki/Masterwork_Dwarven_Dagger,0,generic_items
gen_im_trs_dwv_heavy_helm,Surfacer Stone Helmet,da2,,,https://dragonage.fandom.com/wiki/Surfacer_Stone_Helmet,0,generic_items
gen_im_trs_dwv_med_boo_r0,Dwarven Leather Boots,da2,,,,0,generic_items
gen_im_trs_dwv_med_boo_r1,Superior Dwarven Leather Boots,da2,,,,0,generic_items
gen_im_trs_dwv_med_boo_r2,Masterwork Dwarven Leather Boots,da2,,,,0,generic_items
gen_im_trs_dwv_med_cht_r0,Dwarven Leather Breastplate,da2,,,,0,generic_items
gen_im_trs_dwv_med_cht_r1,Superior Dwarven Leather Breastplate,da2,,,,0,generic_items
gen_im_trs_dwv_med_cht_r2,Masterwork Dwarven Leather Breastplate,da2,,,,0,generic_items
gen_im_trs_dwv_med_glv_r0,Dwarven Leather Gloves,da2,,,,0,generic_items
gen_im_trs_dwv_med_glv_r1,Superior Dwarven Leather Gloves,da2,,,,0,generic_items
gen_im_trs_dwv_med_glv_r2,Masterwork Dwarven Leather Gloves,da2,,,,0,generic_items
gen_im_trs_dwv_med_hlm_r0,Dwarven Leather Helm,da2,,,,0,generic_items
gen_im_trs_dwv_med_hlm_r1,Superior Dwarven Leather Helm,da2,,,,0,generic_items
gen_im_trs_dwv_med_hlm_r2,Masterwork Dwarven Leather Helm,da2,,,,0,generic_items
gen_im_trs_gen_amu_r0,Amulet,da2,,,,0,generic_items
gen_im_trs_gen_amu_r1,Ornate Amulet,da2,,,https://dragonage.fandom.com/wiki/Ornate_Amulet,0,generic_items
gen_im_trs_gen_amu_r2,Greater Amulet,da2,,,https://dragonage.fandom.com/wiki/Greater_Amulet,0,generic_items
gen_im_trs_gen_arc_lbw_r0,Longbow,da2,,,,0,generic_items
gen_im_trs_gen_arc_lbw_r1,Superior Longbow,da2,,,,0,generic_items
gen_im_trs_gen_arc_lbw_r2,Enchanted Longbow,da2,,,,0,generic_items
gen_im_trs_gen_arc_sbw_r0,Shortbow,da2,,,,0,generic_items
gen_im_trs_gen_arc_sbw_r1,Superior Shortbow,da2,,,https://dragonage.fandom.com/wiki/Superior_Shortbow,0,generic_items
gen_im_trs_gen_arc_sbw_r2,Enchanted Shortbow,da2,,,,0,generic_items
gen_im_trs_gen_blt_r0,Belt,da2,,,,0,generic_items
gen_im_trs_gen_blt_r1,Ornate Belt,da2,,,,0,generic_items
gen_im_trs_gen_blt_r2,Greater Belt,da2,,,,0,generic_items
gen_im_trs_gen_dua_dag_r0,Dagger,da2,,,,0,generic_items
gen_im_trs_gen_dua_dag_r1,Superior Dagger,da2,,,https://dragonage.fandom.com/wiki/Superior_Dagger,0,generic_items
gen_im_trs_gen_dua_dag_r2,Enchanted Dagger,da2,,,https://dragonage.fandom.com/wiki/Enchanted_Dagger,0,generic_items
gen_im_trs_gen_hvy_boo_r0,Heavy Boots,da2,,,,0,generic_items
gen_im_trs_gen_hvy_boo_r1,Superior Heavy Boots,da2,,,,0,generic_items
gen_im_trs_gen_hvy_boo_r2,Enchanted Heavy Boots,da2,,,,0,generic_items
gen_im_trs_gen_hvy_cht_r0,Plate Armor,da2,,,,0,generic_items
gen_im_trs_gen_hvy_cht_r1,Superior Plate Armor,da2,,,https://dragonage.fandom.com/wiki/Superior_Plate_Armor,0,generic_items
gen_im_trs_gen_hvy_cht_r2,Enchanted Plate Armor,da2,,,,0,generic_items
gen_im_trs_gen_hvy_glv_r0,Gauntlets,da2,,,,0,generic_items
gen_im_trs_gen_hvy_glv_r1,Superior Gauntlets,da2,,,,0,generic_items
gen_im_trs_gen_hvy_glv_r2,Enchanted Gauntlets,da2,,,,0,generic_items
gen_im_trs_gen_hvy_hlm_r0,Helmet,da2,,,,0,generic_items
gen_im_trs_gen_hvy_hlm_r1,Superior Helmet,da2,,,,0,generic_items
gen_im_trs_gen_hvy_hlm_r2,Enchanted Helmet,da2,,,,0,generic_items
gen_im_trs_gen_lgt_boo_r0,Boots,da2,,,,0,generic_items
gen_im_trs_gen_lgt_boo_r1,Superior Boots,da2,,,,0,generic_items
gen_im_trs_gen_lgt_boo_r2,Enchanted Boots,da2,,,,0,generic_items
gen_im_trs_gen_lgt_cht_r0,Robes,da2,,,,0,generic_items
gen_im_trs_gen_lgt_cht_r1,Superior Robes,da2,,,,0,generic_items
gen_im_trs_gen_lgt_cht_r2,Enchanted Robes,da2,,,,0,generic_items
gen_im_trs_gen_lgt_glv_r0,Gloves,da2,,,,0,generic_items
gen_im_trs_gen_lgt_glv_r1,Superior Gloves,da2,,,,0,generic_items
gen_im_trs_gen_lgt_glv_r2,Enchanted Gloves,da2,,,,0,generic_items
gen_im_trs_gen_lgt_hlm_r0,Headwear,da2,,,,0,generic_items
gen_im_trs_gen_lgt_hlm_r1,Superior Headwear,da2,,,,0,generic_items
gen_im_trs_gen_lgt_hlm_r2,Enchanted Headwear,da2,,,,0,generic_items
gen_im_trs_gen_med_boo_r0,Boots,da2,,,,0,generic_items
gen_im_trs_gen_med_boo_r1,Superior Boots,da2,,,,0,generic_items
gen_im_trs_gen_med_boo_r2,Enchanted Boots,da2,,,,0,generic_items
gen_im_trs_gen_med_cht_r0,Leather Armor,da2,,,,0,generic_items
gen_im_trs_gen_med_cht_r1,Superior Leather Armor,da2,,,,0,generic_items
gen_im_trs_gen_med_cht_r2,Enchanted Leather Armor,da2,,,,0,generic_items
gen_im_trs_gen_med_glv_r0,Light Gauntlets,da2,,,,0,generic_items
gen_im_trs_gen_med_glv_r1,Superior Light Gauntlets,da2,,,,0,generic_items
gen_im_trs_gen_med_glv_r2,Enchanted Light Gauntlets,da2,,,,0,generic_items
gen_im_trs_gen_med_hlm_r0,Light Helmet,da2,,,,0,generic_items
gen_im_trs_gen_med_hlm_r1,Superior Light Helmet,da2,,,,0,generic_items
gen_im_trs_gen_med_hlm_r2,Enchanted Light Helmet,da2,,,,0,generic_items
gen_im_trs_gen_one_axe_r0,Hand Axe,da2,,,,0,generic_items
gen_im_trs_gen_one_axe_r1,Superior Hand Axe,da2,,,https://dragonage.fandom.com/wiki/Superior_Hand_Axe,0,generic_items
gen_im_trs_gen_one_axe_r2,Enchanted Hand Axe,da2,,,https://dragonage.fandom.com/wiki/Enchanted_Hand_Axe,0,generic_items
gen_im_trs_gen_one_lsw_r0,Longsword,da2,,,,0,generic_items
gen_im_trs_gen_one_lsw_r1,Superior Longsword,da2,,,https://dragonage.fandom.com/wiki/Superior_Longsword,0,generic_items
gen_im_trs_gen_one_lsw_r2,Enchanted Longsword,da2,,,,0,generic_items
gen_im_trs_gen_one_mac_r0,Mace,da2,,,,0,generic_items
gen_im_trs_gen_one_mac_r1,Superior Mace,da2,,,,0,generic_items
gen_im_trs_gen_one_mac_r2,Enchanted Mace,da2,,,,0,generic_items
gen_im_trs_gen_rng_r0,Ring,da2,,,,0,generic_items
gen_im_trs_gen_rng_r1,Ornate Ring,da2,,,,0,generic_items
gen_im_trs_gen_rng_r2,Greater Ring,da2,,,,0,generic_items
gen_im_trs_gen_shd_met_r0,Heavy Shield,da2,,,,0,generic_items
gen_im_trs_gen_shd_met_r1,Superior Heavy Shield,da2,,,,0,generic_items
gen_im_trs_gen_shd_met_r2,Enchanted Heavy Shield,da2,,,,0,generic_items
gen_im_trs_gen_shd_wdn_r0,Shield,da2,,,,0,generic_items
gen_im_trs_gen_shd_wdn_r1,Superior Shield,da2,,,,0,generic_items
gen_im_trs_gen_shd_wdn_r2,Enchanted Shield,da2,,,,0,generic_items
gen_im_trs_gen_sta_cld_r0,Enchanted Staff,da2,,,https://dragonage.fandom.com/wiki/Enchanted_Staff,0,generic_items
gen_im_trs_gen_sta_cld_r1,Ornate Enchanted Staff,da2,,,https://dragonage.fandom.com/wiki/Ornate_Enchanted_Staff,0,generic_items
gen_im_trs_gen_sta_cld_r2,Greater Enchanted Staff,da2,,,,0,generic_items
gen_im_trs_gen_sta_ele_r0,Runed Staff,da2,,,https://dragonage.fandom.com/wiki/Runed_Staff,0,generic_items
gen_im_trs_gen_sta_ele_r1,Elegant Runed Staff,da2,,,,0,generic_items
gen_im_trs_gen_sta_ele_r2,Commanding Runed Staff,da2,,,,0,generic_items
gen_im_trs_gen_sta_fir_r0,Enchanted Staff,da2,,,https://dragonage.fandom.com/wiki/Enchanted_Staff,0,generic_items
gen_im_trs_gen_sta_fir_r1,Runecarved Enchanted Staff,da2,,,,0,generic_items
gen_im_trs_gen_sta_fir_r2,Inscribed Enchanted Staff,da2,,,https://dragonage.fandom.com/wiki/Inscribed_Enchanted_Staff,0,generic_items
gen_im_trs_gen_sta_nat_r0,Wooden Staff,da2,,,,0,generic_items
gen_im_trs_gen_sta_nat_r1,Carved Wooden Staff,da2,,,,0,generic_items
gen_im_trs_gen_sta_nat_r2,Inscribed Wooden Staff,da2,,,,0,generic_items
gen_im_trs_gen_sta_phy_r0,Enchanted Staff,da2,,,https://dragonage.fandom.com/wiki/Enchanted_Staff,0,generic_items
gen_im_trs_gen_sta_phy_r1,Ornate Enchanted Staff,da2,,,https://dragonage.fandom.com/wiki/Ornate_Enchanted_Staff,0,generic_items
gen_im_trs_gen_sta_phy_r2,Greater Enchanted Staff,da2,,,,0,generic_items
gen_im_trs_gen_sta_spi_r0,Etched Staff,da2,,,,0,generic_items
gen_im_trs_gen_sta_spi_r1,Lyrium-Imbued Etched Staff,da2,,,,0,generic_items
gen_im_trs_gen_sta_spi_r2,Runic Etched Staff,da2,,,,0,generic_items
gen_im_trs_gen_two_2ha_r0,Battle Axe,da2,,,,0,generic_items
gen_im_trs_gen_two_2ha_r1,Superior Battle Axe,da2,,,https://dragonage.fandom.com/wiki/Superior_Battle_Axe,0,generic_items
gen_im_trs_gen_two_2ha_r2,Enchanted Battle Axe,da2,,,,0,generic_items
gen_im_trs_gen_two_2hm_r0,Maul,da2,,,,0,generic_items
gen_im_trs_gen_two_2hm_r1,Superior Maul,da2,,,,0,generic_items
gen_im_trs_gen_two_2hm_r2,Enchanted Maul,da2,,,,0,generic_items
gen_im_trs_gen_two_2hs_r0,Greatsword,da2,,,,0,generic_items
gen_im_trs_gen_two_2hs_r1,Superior Greatsword,da2,,,,0,generic_items
gen_im_trs_gen_two_2hs_r2,Enchanted Greatsword,da2,,,,0,generic_items
gen_im_trs_krk_arc_lbw_r0,Marcher Longbow,da2,,,,0,generic_items
gen_im_trs_krk_arc_lbw_r1,Superior Marcher Longbow,da2,,,,0,generic_items
gen_im_trs_krk_arc_lbw_r2,Enchanted Marcher Longbow,da2,,,,0,generic_items
gen_im_trs_krk_arc_sbw_r0,Marcher Shortbow,da2,,,,0,generic_items
gen_im_trs_krk_arc_sbw_r1,Superior Marcher Shortbow,da2,,,,0,generic_items
gen_im_trs_krk_arc_sbw_r2,Enchanted Marcher Shortbow,da2,,,,0,generic_items
gen_im_trs_krk_crack_armor,Cracked Leather Armor,da2,,,,0,generic_items
gen_im_trs_krk_g_dagger,City Guard Dagger,da2,,,,0,generic_items
gen_im_trs_krk_hvy_boo_r0,Reacher Boots,da2,,,,0,generic_items
gen_im_trs_krk_hvy_boo_r1,Superior Reacher Boots,da2,,,,0,generic_items
gen_im_trs_krk_hvy_boo_r2,Enchanted Reacher Boots,da2,,,,0,generic_items
gen_im_trs_krk_hvy_cht_r0,Reacher Plate Armor,da2,,,,0,generic_items
gen_im_trs_krk_hvy_cht_r1,Superior Reacher Plate,da2,,,,0,generic_items
gen_im_trs_krk_hvy_cht_r2,Enchanted Reacher Plate,da2,,,,0,generic_items
gen_im_trs_krk_hvy_glv_r0,Reacher Gauntlets,da2,,,,0,generic_items
gen_im_trs_krk_hvy_glv_r1,Superior Reacher Gauntlets,da2,,,,0,generic_items
gen_im_trs_krk_hvy_glv_r2,Enchanter Reacher Gauntlets,da2,,,,0,generic_items
gen_im_trs_krk_hvy_hlm_r0,Reacher Helmet,da2,,,,0,generic_items
gen_im_trs_krk_hvy_hlm_r1,Superior Reacher Helmet,da2,,,,0,generic_items
gen_im_trs_krk_hvy_hlm_r2,Enchanted Reacher Helmet,da2,,,,0,generic_items
gen_im_trs_krk_low_crossbow,Fereldan Crossbow,da2,,,,0,generic_items
gen_im_trs_krk_one_lsw_r0,Marcher Longsword,da2,,,,0,generic_items
gen_im_trs_krk_one_lsw_r1,Superior Marcher Longsword,da2,,,,0,generic_items
gen_im_trs_krk_one_lsw_r2,Enchanted Marcher Longsword,da2,,,,0,generic_items
gen_im_trs_krk_one_mac_r0,Marcher Mace,da2,,,,0,generic_items
gen_im_trs_krk_one_mac_r1,Superior Marcher Mace,da2,,,,0,generic_items
gen_im_trs_krk_one_mac_r2,Enchanted Marcher Mace,da2,,,,0,generic_items
gen_im_trs_krk_shd_met_r0,Marcher Shield,da2,,,,0,generic_items
gen_im_trs_krk_shd_met_r1,Superior Marcher Shield,da2,,,,0,generic_items
gen_im_trs_krk_shd_met_r2,Enchanted Marcher Shield,da2,,,,0,generic_items
gen_im_trs_prf_amu_r0,Corrupted Talisman,da2,,,,0,generic_items
gen_im_trs_prf_amu_r1,Ornate Corrupted Talisman,da2,,,,0,generic_items
gen_im_trs_prf_amu_r2,Mystic Corrupted Talisman,da2,,,,0,generic_items
gen_im_trs_prf_dwarf_shield,Dwarven Shield,da2,,,,0,generic_items
gen_im_trs_prf_rng_r0,Corrupted Ring,da2,,,,0,generic_items
gen_im_trs_prf_rng_r1,Ornate Corrupted Ring,da2,,,,0,generic_items
gen_im_trs_prf_rng_r2,Greater Corrupted Ring,da2,,,,0,generic_items
gen_im_trs_prf_sta_ele_r0,Corrupted Staff,da2,,,,0,generic_items
gen_im_trs_prf_sta_ele_r1,Ornate Corrupted Staff,da2,,,https://dragonage.fandom.com/wiki/Ornate_Corrupted_Staff,0,generic_items
gen_im_trs_prf_sta_ele_r2,Greater Corrupted Staff,da2,,,,0,generic_items
gen_im_trs_prf_sta_phy_r0,Corrupted Staff,da2,,,,0,generic_items
gen_im_trs_prf_sta_phy_r1,Ornate Corrupted Staff,da2,,,https://dragonage.fandom.com/wiki/Ornate_Corrupted_Staff,0,generic_items
gen_im_trs_prf_sta_phy_r2,Greater Corrupted Staff,da2,,,,0,generic_items
gen_im_trs_qun_amu_r0,Taamsala Eva,da2,,,https://dragonage.fandom.com/wiki/Taamsala_Eva,0,generic_items
gen_im_trs_qun_amu_r1,Taamsala Iss,da2,,,,0,generic_items
gen_im_trs_qun_amu_r2,Taamsala Katoh,da2,,,,0,generic_items
gen_im_trs_qun_blt_r0,Nehrappan Eva,da2,,,https://dragonage.fandom.com/wiki/Nehrappan_Eva,0,generic_items
gen_im_trs_qun_blt_r1,Nehrappan Iss,da2,,,https://dragonage.fandom.com/wiki/Nehrappan_Iss,0,generic_items
gen_im_trs_qun_blt_r2,Nehrappan Katoh,da2,,,,0,generic_items
gen_im_trs_qun_epic_sword,Sword of a Thousand Qunari,da2,,,,0,generic_items
gen_im_trs_qun_hvy_boo_r0,Sataam-Taar Eva,da2,,,https://dragonage.fandom.com/wiki/Sataam-Taar_Eva,0,generic_items
gen_im_trs_qun_hvy_boo_r1,Sataam-Taar Iss,da2,,,https://dragonage.fandom.com/wiki/Sataam-Taar_Iss,0,generic_items
gen_im_trs_qun_hvy_boo_r2,Sataam-Taar Katoh,da2,,,,0,generic_items
gen_im_trs_qun_hvy_cht_r0,Antaam-Taar Eva,da2,,,,0,generic_items
gen_im_trs_qun_hvy_cht_r1,Antaam-Taar Iss,da2,,,,0,generic_items
gen_im_trs_qun_hvy_cht_r2,Antaam-Taar Katoh,da2,,,,0,generic_items
gen_im_trs_qun_hvy_glv_r0,Notas-Taar Eva,da2,,,,0,generic_items
gen_im_trs_qun_hvy_glv_r1,Notas-Taar Iss,da2,,,,0,generic_items
gen_im_trs_qun_hvy_glv_r2,Notas-Taar Katoh,da2,,,,0,generic_items
gen_im_trs_qun_hvy_hlm_r0,Asalaa-Taar Eva,da2,,,,0,generic_items
gen_im_trs_qun_hvy_hlm_r1,Asalaa-Taar Iss,da2,,,,0,generic_items
gen_im_trs_qun_hvy_hlm_r2,Asalaa-Taar Katoh,da2,,,,0,generic_items
gen_im_trs_qun_lgt_boo_r0,Mertam-Saar Eva,da2,,,https://dragonage.fandom.com/wiki/Mertam-Saar_Eva,0,generic_items
gen_im_trs_qun_lgt_boo_r1,Mertam-Saar Iss,da2,,,,0,generic_items
gen_im_trs_qun_lgt_boo_r2,Mertam-Saar Katoh,da2,,,,0,generic_items
gen_im_trs_qun_lgt_cht_r0,Taaras-Saar Eva,da2,,,https://dragonage.fandom.com/wiki/Taaras-Saar_Eva,0,generic_items
gen_im_trs_qun_lgt_cht_r1,Taaras-Saar Iss,da2,,,https://dragonage.fandom.com/wiki/Taaras-Saar_Iss,0,generic_items
gen_im_trs_qun_lgt_cht_r2,Taaras-Saar Katoh,da2,,,,0,generic_items
gen_im_trs_qun_lgt_glv_r0,Aqaam-Saar Eva,da2,,,https://dragonage.fandom.com/wiki/Aqaam-Saar_Eva,0,generic_items
gen_im_trs_qun_lgt_glv_r1,Aqaam-Saar Iss,da2,,,,0,generic_items
gen_im_trs_qun_lgt_glv_r2,Aqaam-Saar Katoh,da2,,,,0,generic_items
gen_im_trs_qun_lgt_hlm_r0,Asabas-Saar Eva,da2,,,https://dragonage.fandom.com/wiki/Asabas-Saar_Eva,0,generic_items
gen_im_trs_qun_lgt_hlm_r1,Asabas-Saar Iss,da2,,,,0,generic_items
gen_im_trs_qun_lgt_hlm_r2,Asabas-Saar Katoh,da2,,,,0,generic_items
gen_im_trs_qun_sta_cld_r0,Saartoh Bas-Tic Eva,da2,,,https://dragonage.fandom.com/wiki/Saartoh_Bas-Tic_Eva,0,generic_items
gen_im_trs_qun_sta_cld_r1,Saartoh Bas-Tic Iss,da2,,,,0,generic_items
gen_im_trs_qun_sta_cld_r2,Saartoh Bas-Tic Katoh,da2,,,,0,generic_items
gen_im_trs_qun_sta_fir_r0,Saartoh Bas-Vat Eva,da2,,,https://dragonage.fandom.com/wiki/Saartoh_Bas-Vat_Eva,0,generic_items
gen_im_trs_qun_sta_fir_r1,Saartoh Bas-Vat Iss,da2,,,,0,generic_items
gen_im_trs_qun_sta_fir_r2,Saartoh Bas-Vat Katoh,da2,,,,0,generic_items
gen_im_trs_qun_sta_nat_r0,Saartoh Bas-Kos Eva,da2,,,,0,generic_items
gen_im_trs_qun_sta_nat_r1,Saartoh Bas-Kos Iss,da2,,,,0,generic_items
gen_im_trs_qun_sta_nat_r2,Saartoh Bas-Kos Katoh,da2,,,https://dragonage.fandom.com/wiki/Saartoh_Bas-Kos_Katoh,0,generic_items
gen_im_trs_qun_two_2ha_r0,Taam-Kas Eva,da2,,,,0,generic_items
gen_im_trs_qun_two_2ha_r1,Taam-Kas Iss,da2,,,,0,generic_items
gen_im_trs_qun_two_2ha_r2,Taam-Kas Katoh,da2,,,,0,generic_items
gen_im_trs_qun_two_2hm_r0,Sata-Kas Eva,da2,,,,0,generic_items
gen_im_trs_qun_two_2hm_r1,Sata-Kas Iss,da2,,,https://dragonage.fandom.com/wiki/Sata-Kas_Iss_(Dragon_Age_II),0,generic_items
gen_im_trs_qun_two_2hm_r2,Sata-Kas Katoh,da2,,,,0,generic_items
gen_im_trs_qun_two_2hs_r0,Valo-Kas Eva,da2,,,https://dragonage.fandom.com/wiki/Valo-Kas_Eva,0,generic_items
gen_im_trs_qun_two_2hs_r1,Valo-Kas Iss,da2,,,https://dragonage.fandom.com/wiki/Valo-Kas_Iss,0,generic_items
gen_im_trs_qun_two_2hs_r2,Valo-Kas Katoh,da2,,,https://dragonage.fandom.com/wiki/Valo-Kas_Katoh,0,generic_items
gen_im_trs_rdr_arc_lbw_r0,Mariner Longbow,da2,,,https://dragonage.fandom.com/wiki/Mariner_Longbow,0,generic_items
gen_im_trs_rdr_arc_lbw_r1,Superior Mariner Longbow,da2,,,,0,generic_items
gen_im_trs_rdr_arc_lbw_r2,Enchanted Mariner Longbow,da2,,,,0,generic_items
gen_im_trs_rdr_hvy_boo_r0,Raider Heavy Boots,da2,,,https://dragonage.fandom.com/wiki/Raider_Heavy_Boots,0,generic_items
gen_im_trs_rdr_hvy_boo_r1,Raider Superior Heavy Boots,da2,,,,0,generic_items
gen_im_trs_rdr_hvy_boo_r2,Raider Enchanted Heavy Boots,da2,,,,0,generic_items
gen_im_trs_rdr_hvy_cht_r0,Raider Plate,da2,,,https://dragonage.fandom.com/wiki/Raider_Plate,0,generic_items
gen_im_trs_rdr_hvy_cht_r1,Raider Superior Plate,da2,,,,0,generic_items
gen_im_trs_rdr_hvy_cht_r2,Raider Enchanted Plate,da2,,,,0,generic_items
gen_im_trs_rdr_hvy_glv_r0,Raider Gauntlets,da2,,,https://dragonage.fandom.com/wiki/Raider_Gauntlets,0,generic_items
gen_im_trs_rdr_hvy_glv_r1,Raider Superior Gauntlets,da2,,,,0,generic_items
gen_im_trs_rdr_hvy_glv_r2,Raider Enchanted Gauntlets,da2,,,,0,generic_items
gen_im_trs_rdr_hvy_hlm_r0,Raider Helm,da2,,,https://dragonage.fandom.com/wiki/Raider_Helm,0,generic_items
gen_im_trs_rdr_hvy_hlm_r1,Raider Superior Helm,da2,,,,0,generic_items
gen_im_trs_rdr_hvy_hlm_r2,Raider Enchanted Helm,da2,,,,0,generic_items
gen_im_trs_rdr_med_boo_r0,Raider Heavy Boots,da2,,,https://dragonage.fandom.com/wiki/Raider_Heavy_Boots,0,generic_items
gen_im_trs_rdr_med_boo_r1,Raider Superior Heavy Boots,da2,,,,0,generic_items
gen_im_trs_rdr_med_boo_r2,Raider Enchanted Heavy Boots,da2,,,,0,generic_items
gen_im_trs_rdr_med_cht_r0,Light Raider Armor,da2,,,,0,generic_items
gen_im_trs_rdr_med_cht_r1,Superior Light Raider Armor,da2,,,,0,generic_items
gen_im_trs_rdr_med_cht_r2,Enchanted Light Raider Armor,da2,,,,0,generic_items
gen_im_trs_rdr_med_glv_r0,Raider Gloves,da2,,,https://dragonage.fandom.com/wiki/Raider_Gloves_(generic),0,generic_items
gen_im_trs_rdr_med_glv_r1,Superior Raider Gloves,da2,,,,0,generic_items
gen_im_trs_rdr_med_glv_r2,Enchanted Raider Gloves,da2,,,,0,generic_items
gen_im_trs_rdr_med_hlm_r0,Light Raider Helm,da2,,,,0,generic_items
gen_im_trs_rdr_med_hlm_r1,Superior Light Raider Helm,da2,,,,0,generic_items
gen_im_trs_rdr_med_hlm_r2,Enchanted Light Raider Helm,da2,,,,0,generic_items
gen_im_trs_rdr_one_lsw_r0,Raider Blade,da2,,,,0,generic_items
gen_im_trs_rdr_one_lsw_r1,Superior Raider Blade,da2,,,,0,generic_items
gen_im_trs_rdr_one_lsw_r2,Enchanted Raider Blade,da2,,,,0,generic_items
gen_im_trs_rdr_one_mac_r0,Raider Club,da2,,,,0,generic_items
gen_im_trs_rdr_one_mac_r1,Superior Raider Club,da2,,,,0,generic_items
gen_im_trs_rdr_one_mac_r2,Enchanted Raider Club,da2,,,,0,generic_items
gen_im_trs_rdr_shd_wdn_r0,Mariner Shield,da2,,,,0,generic_items
gen_im_trs_rdr_shd_wdn_r1,Superior Mariner Shield,da2,,,,0,generic_items
gen_im_trs_rdr_shd_wdn_r2,Enchanted Mariner Shield,da2,,,,0,generic_items
gen_im_trs_rdr_two_2ha_r0,Blood Axe,da2,,,,0,generic_items
gen_im_trs_rdr_two_2ha_r1,Superior Blood Axe,da2,,,,0,generic_items
gen_im_trs_rdr_two_2ha_r2,Enchanted Blood Axe,da2,,,,0,generic_items
gen_im_trs_rdr_two_2hm_r0,Raider Maul,da2,,,,0,generic_items
gen_im_trs_rdr_two_2hm_r1,Superior Raider Maul,da2,,,,0,generic_items
gen_im_trs_rdr_two_2hm_r2,Enchanted Raider Maul,da2,,,,0,generic_items
gen_im_trs_rdr_two_2hs_r0,Saber,da2,,,,0,generic_items
gen_im_trs_rdr_two_2hs_r1,Superior Saber,da2,,,,0,generic_items
gen_im_trs_rdr_two_2hs_r2,Enchanted Saber,da2,,,,0,generic_items
gen_im_trs_slv_hvy_boo_r0,Scavenged Heavy Boots,da2,,,,0,generic_items
gen_im_trs_slv_hvy_boo_r1,Commissioned Heavy Boots,da2,,,https://dragonage.fandom.com/wiki/Commissioned_Heavy_Boots,0,generic_items
gen_im_trs_slv_hvy_boo_r2,Tevinter Heavy Boots,da2,,,,0,generic_items
gen_im_trs_slv_hvy_cht_r0,Scavenged Plate Armor,da2,,,,0,generic_items
gen_im_trs_slv_hvy_cht_r1,Commissioned Plate Armor,da2,,,https://dragonage.fandom.com/wiki/Commissioned_Plate_Armor,0,generic_items
gen_im_trs_slv_hvy_cht_r2,Tevinter Plate Armor,da2,,,,0,generic_items
gen_im_trs_slv_hvy_glv_r0,Scavenged Plate Gloves,da2,,,,0,generic_items
gen_im_trs_slv_hvy_glv_r1,Commissioned Plate Gloves,da2,,,https://dragonage.fandom.com/wiki/Commissioned_Plate_Gloves,0,generic_items
gen_im_trs_slv_hvy_glv_r2,Tevinter Plate Gloves,da2,,,,0,generic_items
gen_im_trs_slv_hvy_hlm_r0,Scavenged Plate Helm,da2,,,,0,generic_items
gen_im_trs_slv_hvy_hlm_r1,Commissioned Plate Helm,da2,,,https://dragonage.fandom.com/wiki/Commissioned_Plate_Helm,0,generic_items
gen_im_trs_slv_hvy_hlm_r2,Tevinter Plate Helm,da2,,,,0,generic_items
gen_im_trs_slv_lgt_boo_r0,Tevinter Patterned Shoes,da2,,,,0,generic_items
gen_im_trs_slv_lgt_boo_r1,Tevinter Freemage Boots,da2,,,,0,generic_items
gen_im_trs_slv_lgt_boo_r2,Magisters' Boots,da2,,,,0,generic_items
gen_im_trs_slv_lgt_cht_r0,Free Adept Robes,da2,,,https://dragonage.fandom.com/wiki/Free_Adept_Robes,0,generic_items
gen_im_trs_slv_lgt_cht_r1,Free Magus Robes,da2,,,https://dragonage.fandom.com/wiki/Free_Magus_Robes,0,generic_items
gen_im_trs_slv_lgt_cht_r2,Tevinter Magisters' Robes,da2,,,,0,generic_items
gen_im_trs_slv_lgt_glv_r0,Cloth Gauntlets,da2,,,,0,generic_items
gen_im_trs_slv_lgt_glv_r1,Free-Sign Cloth Gloves,da2,,,,0,generic_items
gen_im_trs_slv_lgt_glv_r2,Tevinter-Cut Cloth Gauntlets,da2,,,,0,generic_items
gen_im_trs_slv_lgt_hlm_r0,Adepts' Cloth Hood,da2,,,,0,generic_items
gen_im_trs_slv_lgt_hlm_r1,Free-Sign Hood,da2,,,https://dragonage.fandom.com/wiki/Free-Sign_Hood,0,generic_items
gen_im_trs_slv_lgt_hlm_r2,Tevinter-Cut Hood,da2,,,,0,generic_items
gen_im_trs_slv_one_axe_r0,Mantakers' Roughwork Axe,da2,,,,0,generic_items
gen_im_trs_slv_one_axe_r1,Mantakers' Hobbler - Refined,da2,,,,0,generic_items
gen_im_trs_slv_one_axe_r2,Mantakers' Willbreaker - Masterwork,da2,,,,0,generic_items
gen_im_trs_slv_shd_wdn_r0,Blank Heraldic Shield,da2,,,https://dragonage.fandom.com/wiki/Blank_Heraldic_Shield,0,generic_items
gen_im_trs_slv_shd_wdn_r1,Roughwood Shield,da2,,,,0,generic_items
gen_im_trs_slv_shd_wdn_r2,Masters' Wall,da2,,,,0,generic_items
gen_im_trs_slv_sta_cld_r0,Roughwork Bound Staff,da2,,,,0,generic_items
gen_im_trs_slv_sta_cld_r1,Roughwork Adept Staff,da2,,,,0,generic_items
gen_im_trs_slv_sta_cld_r2,Roughwork Empowered Staff,da2,,,,0,generic_items
gen_im_trs_slv_sta_ele_r0,Commissioned Adept Staff,da2,,,,0,generic_items
gen_im_trs_slv_sta_ele_r1,Commissioned Enchanters' Staff,da2,,,https://dragonage.fandom.com/wiki/Commissioned_Enchanters%27_Staff,0,generic_items
gen_im_trs_slv_sta_ele_r2,Commissioned Magus Staff,da2,,,,0,generic_items
gen_im_trs_slv_sta_phy_r0,Burlwood Staff - Bound,da2,,,,0,generic_items
gen_im_trs_slv_sta_phy_r1,Burlwood Staff - Channeled,da2,,,,0,generic_items
gen_im_trs_slv_sta_phy_r2,Burlwood Staff - Empowered,da2,,,,0,generic_items
gen_im_trs_tmp_hvy_boo_r0,Templar Boots - Heavy Issue,da2,,,,0,generic_items
gen_im_trs_tmp_hvy_boo_r1,Templar Boots - Superior Heavy Issue,da2,,,,0,generic_items
gen_im_trs_tmp_hvy_boo_r2,Templar Boots - Enchanted Heavy Issue,da2,,,,0,generic_items
gen_im_trs_tmp_hvy_cht_r0,Templar Armor - Heavy Issue,da2,,,,0,generic_items
gen_im_trs_tmp_hvy_cht_r1,Templar Armor - Superior Heavy Issue,da2,,,https://dragonage.fandom.com/wiki/Templar_Armor_-_Superior_Heavy_Issue,0,generic_items
gen_im_trs_tmp_hvy_cht_r2,Templar Armor - Enchanted Heavy Issue,da2,,,,0,generic_items
gen_im_trs_tmp_hvy_glv_r0,Templar Gloves - Heavy Issue,da2,,,,0,generic_items
gen_im_trs_tmp_hvy_glv_r1,Templar Gloves - Superior Heavy Issue,da2,,,,0,generic_items
gen_im_trs_tmp_hvy_glv_r2,Templar Gloves - Enchanted Heavy Issue,da2,,,,0,generic_items
gen_im_trs_tmp_hvy_hlm_r0,Templar Helm - Heavy Issue,da2,,,,0,generic_items
gen_im_trs_tmp_hvy_hlm_r1,Templar Helm - Superior Heavy Issue,da2,,,,0,generic_items
gen_im_trs_tmp_hvy_hlm_r2,Templar Helm - Enchanted Heavy Issue,da2,,,,0,generic_items
gen_im_trs_tmp_med_boo_r0,Templar Boots - Light Issue,da2,,,,0,generic_items
gen_im_trs_tmp_med_boo_r1,Templar Boots - Superior Light Issue,da2,,,,0,generic_items
gen_im_trs_tmp_med_boo_r2,Templar Boots - Enchanted Light Issue,da2,,,,0,generic_items
gen_im_trs_tmp_med_cht_r0,Templar Armor - Light Issue,da2,,,https://dragonage.fandom.com/wiki/Templar_Armor_-_Light_Issue,0,generic_items
gen_im_trs_tmp_med_cht_r1,Templar Armor - Superior Light Issue,da2,,,,0,generic_items
gen_im_trs_tmp_med_cht_r2,Templar Armor - Enchanted Light Issue,da2,,,,0,generic_items
gen_im_trs_tmp_med_glv_r0,Templar Gloves - Light Issue,da2,,,,0,generic_items
gen_im_trs_tmp_med_glv_r1,Templar Gloves - Superior Light Issue,da2,,,,0,generic_items
gen_im_trs_tmp_med_glv_r2,Templar Gloves - Enchanted Light Issue,da2,,,,0,generic_items
gen_im_trs_tmp_med_hlm_r0,Templar Helm - Light Issue,da2,,,,0,generic_items
gen_im_trs_tmp_med_hlm_r1,Templar Helm - Superior Light Issue,da2,,,,0,generic_items
gen_im_trs_tmp_med_hlm_r2,Templar Helm - Enchanted Light Issue,da2,,,,0,generic_items
gen_im_trs_tmp_one_axe_r0,Templar Axe - Standard Issue,da2,,,,0,generic_items
gen_im_trs_tmp_one_axe_r1,Templar Axe - Superior Issue,da2,,,,0,generic_items
gen_im_trs_tmp_one_axe_r2,Templar Axe - Enchanted Issue,da2,,,,0,generic_items
gen_im_trs_tmp_one_lsw_r0,Templar Longsword - Standard Issue,da2,,,https://dragonage.fandom.com/wiki/Templar_Longsword_-_Standard_Issue,0,generic_items
gen_im_trs_tmp_one_lsw_r1,Templar Longsword - Superior Issue,da2,,,,0,generic_items
gen_im_trs_tmp_one_lsw_r2,Templar Longsword - Enchanted Issue,da2,,,,0,generic_items
gen_im_trs_tmp_one_mac_r0,Templar Mace - Standard Issue,da2,,,,0,generic_items
gen_im_trs_tmp_one_mac_r1,Templar Mace - Superior Issue,da2,,,,0,generic_items
gen_im_trs_tmp_one_mac_r2,Templar Mace - Enchanted Issue,da2,,,,0,generic_items
gen_im_trs_tmp_shd_met_r0,Templar Defender - Standard Issue,da2,,,https://dragonage.fandom.com/wiki/Templar_Defender_-_Standard_Issue,0,generic_items
gen_im_trs_tmp_shd_met_r1,Templar Defender - Superior Issue,da2,,,https://dragonage.fandom.com/wiki/Templar_Defender_-_Superior_Issue,0,generic_items
gen_im_trs_tmp_shd_met_r2,Templar Defender - Enchanted Issue,da2,,,,0,generic_items
gen_im_trs_tmp_temp_armor,Templar Armor,da2,,,,0,generic_items
drk_im_trs_clt_dua_dag_r0,Carta Thug's Dagger,da2,,,,0,junk
drk_im_trs_clt_med_boo_r0,Carta Scoundrel's Boots,da2,,,,0,junk
drk_im_trs_clt_med_cht_r0,Carta Scoundrel's Jerkin,da2,,,,0,junk
drk_im_trs_clt_med_glv_r0,Carta Scoundrel's Gloves,da2,,,,0,junk
drk_im_trs_clt_med_hlm_r0,Carta Scoundrel's Helm,da2,,,,0,junk
drk_im_trs_clt_rng_r0,Carta Signet Ring,da2,,,,0,junk
drk_im_trs_leg_amu_r0,Tarnished Tevinter Amulet,da2,,,,0,junk
drk_im_trs_leg_arc_lbw_r0,Antique Tevinter Long Bow,da2,,,,0,junk
drk_im_trs_leg_arc_sbw_r0,Carved Beechwood Bow,da2,,,,0,junk
drk_im_trs_leg_blt_r0,Studded Leather Belt,da2,,,https://dragonage.fandom.com/wiki/Studded_Leather_Belt,0,junk
drk_im_trs_leg_dua_dag_r0,Serrated Blade,da2,,,,0,junk
drk_im_trs_leg_hvy_boo_r0,Ancient Grey Warden Boots,da2,,,,0,junk
drk_im_trs_leg_hvy_cht_r0,Ancient Grey Warden Plate,da2,,,,0,junk
drk_im_trs_leg_hvy_glv_r0,Ancient Grey Warden Gauntlets,da2,,,,0,junk
drk_im_trs_leg_hvy_hlm_r0,Ancient Grey Warden Helm,da2,,,,0,junk
drk_im_trs_leg_lgt_boo_r0,Dusty Traveler's Slippers,da2,,,https://dragonage.fandom.com/wiki/Dusty_Traveler%27s_Slippers,0,junk
drk_im_trs_leg_lgt_cht_r0,Dusty Traveler's Robe,da2,,,,0,junk
drk_im_trs_leg_lgt_glv_r0,Dusty Traveler's Armguards,da2,,,https://dragonage.fandom.com/wiki/Dusty_Traveler%27s_Armguards,0,junk
drk_im_trs_leg_lgt_hlm_r0,Dusty Traveler's Hood,da2,,,https://dragonage.fandom.com/wiki/Dusty_Traveler%27s_Hood,0,junk
drk_im_trs_leg_med_boo_r0,Hunter's Boots,da2,,,https://dragonage.fandom.com/wiki/Hunter%27s_Boots,0,junk
drk_im_trs_leg_med_cht_r0,Hunter's Vest,da2,,,https://dragonage.fandom.com/wiki/Hunter%27s_Vest,0,junk
drk_im_trs_leg_med_glv_r0,Hunter's Gloves,da2,,,,0,junk
drk_im_trs_leg_med_hlm_r0,Hunter's Cap,da2,,,,0,junk
drk_im_trs_leg_one_axe_r0,Heavy Hand Axe,da2,,,,0,junk
drk_im_trs_leg_one_lsw_r0,Double-Edged Sword,da2,,,,0,junk
drk_im_trs_leg_one_mac_r0,Rusty Mace,da2,,,,0,junk
drk_im_trs_leg_rng_r0,Bone Ring,da2,,,,0,junk
drk_im_trs_leg_shd_met_r0,Spiked Shield,da2,,,,0,junk
drk_im_trs_leg_shd_wdn_r0,Tarnished Shield,da2,,,,0,junk
drk_im_trs_leg_sta_cld_r0,Twisted Staff,da2,,,,0,junk
drk_im_trs_leg_sta_ele_r0,Etched Wooden Rod,da2,,,,0,junk
drk_im_trs_leg_sta_fir_r0,Timeworn Walking Stick,da2,,,,0,junk
drk_im_trs_leg_sta_nat_r0,Imperial Magister's Staff,da2,,,,0,junk
drk_im_trs_leg_sta_phy_r0,Ironclad Staff,da2,,,,0,junk
drk_im_trs_leg_sta_spi_r0,Hooked Staff,da2,,,,0,junk
drk_im_trs_leg_two_2ha_r0,Blackened Great Axe,da2,,,,0,junk
drk_im_trs_leg_two_2hm_r0,Great Stone Maul,da2,,,,0,junk
drk_im_trs_leg_two_2hs_r0,Burnished Greatsword,da2,,,https://dragonage.fandom.com/wiki/Burnished_Greatsword,0,junk
eye_im_trs_gha_amu_r0,Crude Ward Amulet,da2,,,,0,junk
eye_im_trs_gha_amu_r1,Bone Fetish Amulet,da2,,,,0,junk
eye_im_trs_gha_amu_r2,Ghastly Amulet,da2,,,,0,junk
eye_im_trs_gha_rng_r0,Woven Sinew Ring,da2,,,,0,junk
eye_im_trs_gha_rng_r1,Segmented Bone Ring,da2,,,,0,junk
eye_im_trs_gha_rng_r2,Carved Ward Ring,da2,,,,0,junk
eye_im_trs_orl_amu_r0,Orlesian Amulet,da2,,,,0,junk
eye_im_trs_orl_amu_r1,Ornate Orlesian Amulet,da2,,,,0,junk
eye_im_trs_orl_amu_r2,Orlesian Lion Amulet,da2,,,,0,junk
eye_im_trs_orl_arc_lbw_r0,Orlesian Longbow,da2,,,,0,junk
eye_im_trs_orl_arc_sbw_r0,Orlesian Shortbow,da2,,,,0,junk
eye_im_trs_orl_blt_r0,Orlesian Belt,da2,,,,0,junk
eye_im_trs_orl_blt_r1,Ornate Orlesian Belt,da2,,,,0,junk
eye_im_trs_orl_blt_r2,Orlesian Lion Belt,da2,,,,0,junk
eye_im_trs_orl_dua_dag_r0,Orlesian Dagger,da2,,,,0,junk
eye_im_trs_orl_hvy_boo_r0,Orlesian Heavy Boots,da2,,,,0,junk
eye_im_trs_orl_hvy_cht_r0,Orlesian Plate Armor,da2,,,,0,junk
eye_im_trs_orl_hvy_glv_r0,Orlesian Gauntlets,da2,,,,0,junk
eye_im_trs_orl_hvy_hlm_r0,Orlesian Battle Helm,da2,,,,0,junk
eye_im_trs_orl_lgt_boo_r0,Orlesian Boots,da2,,,,0,junk
eye_im_trs_orl_lgt_cht_r0,Orlesian Battledress,da2,,,https://dragonage.fandom.com/wiki/Orlesian_Battledress_(Dragon_Age_II),0,junk
eye_im_trs_orl_lgt_glv_r0,Orlesian Light Gloves,da2,,,,0,junk
eye_im_trs_orl_lgt_hlm_r0,Orlesian Light Helm,da2,,,,0,junk
eye_im_trs_orl_med_boo_r0,Orlesian Light Boots,da2,,,,0,junk
eye_im_trs_orl_med_cht_r0,Orlesian Half-Plate,da2,,,,0,junk
eye_im_trs_orl_med_glv_r0,Orlesian Gloves,da2,,,,0,junk
eye_im_trs_orl_med_hlm_r0,Orlesian Helm,da2,,,,0,junk
eye_im_trs_orl_one_axe_r0,Orlesian Hand Axe,da2,,,,0,junk
eye_im_trs_orl_one_lsw_r0,Orlesian Longsword,da2,,,,0,junk
eye_im_trs_orl_one_mac_r0,Orlesian Mace,da2,,,,0,junk
eye_im_trs_orl_rng_r0,Orlesian Ring,da2,,,,0,junk
eye_im_trs_orl_rng_r1,Ornate Orlesian Ring,da2,,,,0,junk
eye_im_trs_orl_rng_r2,Orlesian Lion Ring,da2,,,,0,junk
eye_im_trs_orl_shd_met_r0,Orlesian Heavy Shield,da2,,,,0,junk
eye_im_trs_orl_shd_wdn_r0,Orlesian Shield,da2,,,,0,junk
eye_im_trs_orl_sta_cld_r0,Orlesian Enchanted Staff,da2,,,,0,junk
eye_im_trs_orl_sta_ele_r0,Orlesian Runed Staff,da2,,,,0,junk
eye_im_trs_orl_sta_fir_r0,Orlesian Enchanted Staff,da2,,,,0,junk
eye_im_trs_orl_sta_nat_r0,Orlesian Wooden Staff,da2,,,,0,junk
eye_im_trs_orl_sta_phy_r0,Orlesian Enchanted Staff,da2,,,,0,junk
eye_im_trs_orl_sta_spi_r0,Orlesian Etched Staff,da2,,,,0,junk
eye_im_trs_orl_two_2ha_r0,Orlesian Battle Axe,da2,,,,0,junk
eye_im_trs_orl_two_2hm_r0,Orlesian Maul,da2,,,,0,junk
eye_im_trs_orl_two_2hs_r0,Orlesian Greatsword,da2,,,,0,junk
gen_im_trs_apo_junk1_01,Enchanted Locket,da2,,,,0,junk
gen_im_trs_apo_junk1_02,Gold-Bound Tome,da2,,,,0,junk
gen_im_trs_apo_junk1_03,Blood Totem,da2,,,,0,junk
gen_im_trs_apo_junk1_04,Pristine Grimoire,da2,,,,0,junk
gen_im_trs_apo_junk2_01,Tattered Sheets,da2,,,,0,junk
gen_im_trs_apo_junk2_02,Tattered Bedroll,da2,,,,0,junk
gen_im_trs_apo_junk2_03,Bedroll,da2,,,,0,junk
gen_im_trs_apo_junk2_04,Silk Bedroll,da2,,,,0,junk
gen_im_trs_bks_bestiary,Bestiary of The Free Marshes,da2,,,,0,junk
gen_im_trs_bks_champ_kirk,The Champion of Kirkwall,da2,,,,0,junk
gen_im_trs_bks_chant,Chant of Light,da2,,,,0,junk
gen_im_trs_bks_enchanter,Enchanters and Their Craft,da2,,,,0,junk
gen_im_trs_bks_good_breed,Tome of Good Breeding and Etiquette,da2,,,,0,junk
gen_im_trs_bks_orlais,Rose of Orlais,da2,,,,0,junk
gen_im_trs_bks_risekirk,The Rise of Kirkwall,da2,,,,0,junk
gen_im_trs_bks_trueprophet,The Search for the True Prophet,da2,,,,0,junk
gen_im_trs_bst_claws_01,Dew Claw,da2,,,,0,junk
gen_im_trs_bst_claws_02,Cracked Foreclaw,da2,,,,0,junk
gen_im_trs_bst_claws_03,Rooted Foreclaw,da2,,,,0,junk
gen_im_trs_bst_claws_04,Paired Foreclaw,da2,,,,0,junk
gen_im_trs_bst_drg_eye_01,Dragon Vitriol,da2,,,,0,junk
gen_im_trs_bst_drg_eye_02,Dragon Iris,da2,,,,0,junk
gen_im_trs_bst_drg_eye_03,Whole Dragon Eye,da2,,,,0,junk
gen_im_trs_bst_drg_eye_04,Emerald Dragon Eye,da2,,,,0,junk
gen_im_trs_bst_drg_gland_01,Fire Gland Essence,da2,,,,0,junk
gen_im_trs_bst_drg_gland_02,Ruptured Fire Gland,da2,,,,0,junk
gen_im_trs_bst_drg_gland_03,Fire Gland,da2,,,,0,junk
gen_im_trs_bst_drg_gland_04,Saturated Fire Gland,da2,,,,0,junk
gen_im_trs_bst_drg_scale_01,Dragon Foot Scute,da2,,,,0,junk
gen_im_trs_bst_drg_scale_02,Large Belly Scale,da2,,,,0,junk
gen_im_trs_bst_drg_scale_03,Notched Back Scale,da2,,,,0,junk
gen_im_trs_bst_drg_scale_04,Pristine Back Scale,da2,,,,0,junk
gen_im_trs_bst_kidney_01,Gallstone,da2,,,,0,junk
gen_im_trs_bst_kidney_02,Small Gallbladder,da2,,,,0,junk
gen_im_trs_bst_kidney_03,Gallbladder,da2,,,,0,junk
gen_im_trs_bst_kidney_04,Enlarged Gallbladder,da2,,,,0,junk
gen_im_trs_bst_liver_01,Discolored Bile,da2,,,,0,junk
gen_im_trs_bst_liver_02,Black Bile,da2,,,,0,junk
gen_im_trs_bst_liver_03,Red Bile,da2,,,,0,junk
gen_im_trs_bst_liver_04,Clear Bile,da2,,,,0,junk
gen_im_trs_bst_pelt_01,Rough Pelt,da2,,,,0,junk
gen_im_trs_bst_pelt_02,Off-Color Pelt,da2,,,,0,junk
gen_im_trs_bst_pelt_03,Thick Pelt,da2,,,,0,junk
gen_im_trs_bst_pelt_04,Exceptional Pelt,da2,,,,0,junk
gen_im_trs_bst_spd_fang_01,Split Spider Fang,da2,,,,0,junk
gen_im_trs_bst_spd_fang_02,Small Spider Fang,da2,,,,0,junk
gen_im_trs_bst_spd_fang_03,Spider Fang,da2,,,,0,junk
gen_im_trs_bst_spd_fang_04,Oversized Spider Fang,da2,,,,0,junk
gen_im_trs_bst_spd_gland_01,Poison Gland Essence,da2,,,,0,junk
gen_im_trs_bst_spd_gland_02,Silk Gland Essence,da2,,,,0,junk
gen_im_trs_bst_spd_gland_03,Poison Gland,da2,,,,0,junk
gen_im_trs_bst_spd_gland_04,Silk Gland,da2,,,,0,junk
gen_im_trs_bst_spd_silk_01,Coarse Spider Hairs,da2,,,,0,junk
gen_im_trs_bst_spd_silk_02,Spider Chitin,da2,,,,0,junk
gen_im_trs_bst_spd_silk_03,Spinnerets,da2,,,,0,junk
gen_im_trs_bst_spd_silk_04,Lustrous Spider Silk,da2,,,,0,junk
gen_im_trs_chn_andraste_01,Bronze Andrastian Holy Symbol,da2,,,,0,junk
gen_im_trs_chn_andraste_02,Steel Andrastian Holy Symbol,da2,,,,0,junk
gen_im_trs_chn_andraste_03,Silver Andrastian Holy Symbol,da2,,,,0,junk
gen_im_trs_chn_andraste_04,Golden Andrastian Holy Symbol,da2,,,,0,junk
gen_im_trs_chn_junk2_01,Vial of Holy Water,da2,,,,0,junk
gen_im_trs_chn_junk2_02,Pressed Rose,da2,,,,0,junk
gen_im_trs_chn_junk2_03,Silver Prayer Necklace,da2,,,,0,junk
gen_im_trs_chn_junk2_04,Weathered Book of Chants,da2,,,,0,junk
gen_im_trs_chn_light_doc_01,Page of the Chant of Light Doctrine,da2,,,,0,junk
gen_im_trs_chn_light_doc_02,Tattered Chant of Light Doctrine,da2,,,,0,junk
gen_im_trs_chn_light_doc_03,Chant of Light Doctrine,da2,,,,0,junk
gen_im_trs_chn_light_doc_04,Pristine Chant of Light Doctrine,da2,,,,0,junk
gen_im_trs_cot_junk1_01,Iron Rasp,da2,,,,0,junk
gen_im_trs_cot_junk1_02,Brass Knuckles,da2,,,,0,junk
gen_im_trs_cot_junk1_03,Bent Lockpick,da2,,,,0,junk
gen_im_trs_cot_junk1_04,Poison Ring,da2,,,,0,junk
gen_im_trs_cot_junk2_01,Dull Shiv,da2,,,,0,junk
gen_im_trs_cot_junk2_02,Empty Poison Flask,da2,,,,0,junk
gen_im_trs_cot_junk2_03,Chain Garrote,da2,,,,0,junk
gen_im_trs_cot_junk2_04,Gaudy Monogrammed Ring,da2,,,,0,junk
gen_im_trs_cot_junk3_01,Playing Cards,da2,,,,0,junk
gen_im_trs_cot_junk3_02,Loaded Dice,da2,,,,0,junk
gen_im_trs_cot_junk3_03,Heavy Copper Necklace,da2,,,,0,junk
gen_im_trs_cot_junk3_04,Gold Tooth,da2,,,,0,junk
gen_im_trs_crc_junk1_01,Insignia of the Apprentice,da2,,,,0,junk
gen_im_trs_crc_junk1_02,Insignia of the Enchanter,da2,,,,0,junk
gen_im_trs_crc_junk1_03,Insignia of the Senior Enchanter,da2,,,,0,junk
gen_im_trs_crc_junk1_04,Insignia of the First Enchanter,da2,,,,0,junk
gen_im_trs_crc_junk2_01,Small Wet Pouch of Incense,da2,,,,0,junk
gen_im_trs_crc_junk2_02,Small Pouch of Incense,da2,,,,0,junk
gen_im_trs_crc_junk2_03,Pouch of Incense,da2,,,,0,junk
gen_im_trs_crc_junk2_04,Large Pouch of Incense,da2,,,,0,junk
gen_im_trs_crc_junk3_01,Rod of Fire Request Form,da2,,,,0,junk
gen_im_trs_crc_junk3_02,Signed Rod of Fire Request Form,da2,,,,0,junk
gen_im_trs_crc_junk3_03,Broken Rod of Fire,da2,,,,0,junk
gen_im_trs_crc_junk3_04,Rod of Fire,da2,,,,0,junk
gen_im_trs_dal_junk1_01,Empty Quiver,da2,,,,0,junk
gen_im_trs_dal_junk1_02,Broken Halla Horn,da2,,,,0,junk
gen_im_trs_dal_junk1_03,Carved Wooden Drinking Flask,da2,,,,0,junk
gen_im_trs_dal_junk1_04,Dalish Rope,da2,,,,0,junk
gen_im_trs_dal_junk2_01,Dalish Lantern,da2,,,,0,junk
gen_im_trs_dal_junk2_02,Map of the Brecilian Forest,da2,,,,0,junk
gen_im_trs_dal_junk2_03,Dalish Arrowheads,da2,,,,0,junk
gen_im_trs_dal_junk2_04,Carved Ironwood Statue,da2,,,,0,junk
gen_im_trs_dem_junk1_01,Fell Residue,da2,,,,0,junk
gen_im_trs_dem_junk1_02,Demonic Ash,da2,,,,0,junk
gen_im_trs_dem_junk1_03,Demonic Embers,da2,,,,0,junk
gen_im_trs_dem_junk1_04,Ethereal Scoria,da2,,,,0,junk
gen_im_trs_dem_junk2_01,Degenerate Essence,da2,,,,0,junk
gen_im_trs_dem_junk2_02,Demonic Ichor,da2,,,,0,junk
gen_im_trs_dem_junk2_03,Spectral Extract,da2,,,,0,junk
gen_im_trs_dem_junk2_04,Daemonia Vitae,da2,,,,0,junk
gen_im_trs_drk_junk1_01,Vial of Darkspawn Blood,da2,,,,0,junk
gen_im_trs_drk_junk1_02,Darkspawn Totem,da2,,,,0,junk
gen_im_trs_drk_junk1_03,Ruined Dwarven Artifact,da2,,,,0,junk
gen_im_trs_drk_junk1_04,Ancient Dwarven Carving,da2,,,,0,junk
gen_im_trs_drk_junk2_01,Darkspawn Armor Fragment,da2,,,,0,junk
gen_im_trs_drk_junk2_02,Broken Darkspawn Blade,da2,,,,0,junk
gen_im_trs_drk_junk2_03,Tainted Dwarven Jewelry,da2,,,,0,junk
gen_im_trs_drk_junk2_04,Piece of Raw Lyrium,da2,,,,0,junk
gen_im_trs_dwv_junk1_01,Black Dwarven Ale,da2,,,,0,junk
gen_im_trs_dwv_junk1_02,Chasind Sack Mead,da2,,,,0,junk
gen_im_trs_dwv_junk1_03,Orlesian Honeywine,da2,,,,0,junk
gen_im_trs_dwv_junk1_04,Fancy Antivan Wine,da2,,,,0,junk
gen_im_trs_dwv_junk2_01,Weathered Dwarven Clan Pin,da2,,,,0,junk
gen_im_trs_dwv_junk2_02,Silver Orzammar Coin,da2,,,,0,junk
gen_im_trs_dwv_junk2_03,Gold Orzammar Coin,da2,,,,0,junk
gen_im_trs_dwv_junk2_04,Embroidered Clan Shield,da2,,,,0,junk
gen_im_trs_dwv_junk3_01,Small Silver Bar,da2,,,,0,junk
gen_im_trs_dwv_junk3_02,Large Silver Bar,da2,,,,0,junk
gen_im_trs_dwv_junk3_03,Small Gold Bar,da2,,,,0,junk
gen_im_trs_dwv_junk3_04,Large Gold Bar,da2,,,,0,junk
gen_im_trs_dwv_junk4_01,Small Brass Scales,da2,,,,0,junk
gen_im_trs_dwv_junk4_02,Fake Coin Purse,da2,,,,0,junk
gen_im_trs_dwv_junk4_03,Merchant's Ledger,da2,,,,0,junk
gen_im_trs_dwv_junk4_04,Leather-Bound Trade Manifest,da2,,,,0,junk
gen_im_trs_dwv_junk5_01,Poisoned Pen,da2,,,,0,junk
gen_im_trs_dwv_junk5_02,False-Bottomed Strong Box,da2,,,,0,junk
gen_im_trs_dwv_junk5_03,False Gold Sovereign,da2,,,,0,junk
gen_im_trs_dwv_junk5_04,Solid Gold Noble Caste Pin,da2,,,,0,junk
gen_im_trs_gem_coral_01,Coral Fragment,da2,,,,0,junk
gen_im_trs_gem_coral_02,Small Coral,da2,,,,0,junk
gen_im_trs_gem_coral_03,Coral,da2,,,,0,junk
gen_im_trs_gem_coral_04,Large Coral,da2,,,,0,junk
gen_im_trs_gem_cub_zirc_01,Cracked Cubic Zirconia,da2,,,,0,junk
gen_im_trs_gem_cub_zirc_02,Small Cubic Zirconia,da2,,,,0,junk
gen_im_trs_gem_cub_zirc_03,Cubic Zirconia,da2,,,,0,junk
gen_im_trs_gem_cub_zirc_04,Large Cubic Zirconia,da2,,,,0,junk
gen_im_trs_gem_diamond_01,Flawed Diamond,da2,,,,0,junk
gen_im_trs_gem_diamond_02,Small Diamond,da2,,,,0,junk
gen_im_trs_gem_diamond_03,Diamond,da2,,,,0,junk
gen_im_trs_gem_diamond_04,Large Diamond,da2,,,,0,junk
gen_im_trs_gem_jade_01,Jade Fragment,da2,,,,0,junk
gen_im_trs_gem_jade_02,Small Jade,da2,,,,0,junk
gen_im_trs_gem_jade_03,Jade,da2,,,,0,junk
gen_im_trs_gem_jade_04,Large Jade,da2,,,,0,junk
gen_im_trs_gem_onyx_01,Onyx Fragment,da2,,,,0,junk
gen_im_trs_gem_onyx_02,Small Onyx,da2,,,,0,junk
gen_im_trs_gem_onyx_03,Onyx,da2,,,,0,junk
gen_im_trs_gem_onyx_04,Large Onyx,da2,,,,0,junk
gen_im_trs_gem_opal_01,Opal Fragment,da2,,,,0,junk
gen_im_trs_gem_opal_02,Small Opal,da2,,,,0,junk
gen_im_trs_gem_opal_03,Opal,da2,,,,0,junk
gen_im_trs_gem_opal_04,Large Opal,da2,,,,0,junk
gen_im_trs_gem_rosediam_01,Cracked Rose Diamond,da2,,,,0,junk
gen_im_trs_gem_rosediam_02,Small Rose Diamond,da2,,,,0,junk
gen_im_trs_gem_rosediam_03,Rose Diamond,da2,,,,0,junk
gen_im_trs_gem_rosediam_04,Large Rose Diamond,da2,,,,0,junk
gen_im_trs_gem_ruby_01,Flawed Ruby,da2,,,,0,junk
gen_im_trs_gem_ruby_02,Small Ruby,da2,,,,0,junk
gen_im_trs_gem_ruby_03,Ruby,da2,,,,0,junk
gen_im_trs_gem_ruby_04,Large Ruby,da2,,,,0,junk
gen_im_trs_gem_snowobsid_01,Cracked Snowflake Obsidian,da2,,,,0,junk
gen_im_trs_gem_snowobsid_02,Small Snowflake Obsidian,da2,,,,0,junk
gen_im_trs_gem_snowobsid_03,Snowflake Obsidian,da2,,,,0,junk
gen_im_trs_gem_snowobsid_04,Large Snowflake Obsidian,da2,,,,0,junk
gen_im_trs_gem_tigerseye_01,Tiger's Eye Fragment,da2,,,,0,junk
gen_im_trs_gem_tigerseye_02,Small Tiger's Eye,da2,,,,0,junk
gen_im_trs_gem_tigerseye_03,Tiger's Eye,da2,,,,0,junk
gen_im_trs_gem_tigerseye_04,Flawless Tiger's Eye,da2,,,,0,junk
gen_im_trs_gen_bracelet_01,Bronze Bracelet,da2,,,,0,junk
gen_im_trs_gen_bracelet_02,Steel Bracelet,da2,,,,0,junk
gen_im_trs_gen_bracelet_03,Silver Bracelet,da2,,,,0,junk
gen_im_trs_gen_bracelet_04,Golden Bracelet,da2,,,,0,junk
gen_im_trs_gen_brokenbow,Broken Bow,da2,,,,0,junk
gen_im_trs_gen_brokensword,Broken Longsword,da2,,,,0,junk
gen_im_trs_gen_broknshield,Cracked Wooden Shield,da2,,,,0,junk
gen_im_trs_gen_coinbag_01,Tiny Bag of Gems,da2,,,,0,junk
gen_im_trs_gen_coinbag_02,Small Bag of Coins,da2,,,,0,junk
gen_im_trs_gen_coinbag_03,Bag of Coins,da2,,,,0,junk
gen_im_trs_gen_coinbag_04,Large Bag of Coins,da2,,,,0,junk
gen_im_trs_gen_crackedstaff,Cracked Staff,da2,,,,0,junk
gen_im_trs_gen_junk1_01,Woven Bracelet,da2,,,,0,junk
gen_im_trs_gen_junk1_02,Mabari Collar,da2,,,,0,junk
gen_im_trs_gen_junk1_03,Metal Shard,da2,,,,0,junk
gen_im_trs_gen_junk1_04,Cracked Lifestone,da2,,,,0,junk
gen_im_trs_gen_junk2_01,Torn Trousers,da2,,,,0,junk
gen_im_trs_gen_junk2_02,Tattered Doll,da2,,,,0,junk
gen_im_trs_gen_junk2_03,Lucky Rabbit's Foot,da2,,,,0,junk
gen_im_trs_gen_junk2_04,Chiseled Totem,da2,,,,0,junk
gen_im_trs_gen_junk3_01,Raven Feather,da2,,,,0,junk
gen_im_trs_gen_junk3_02,Wooden Practice Sword,da2,,,,0,junk
gen_im_trs_gen_junk3_03,Spindleweed Stem,da2,,,,0,junk
gen_im_trs_gen_junk3_04,Glamor Charm,da2,,,,0,junk
gen_im_trs_gen_statue_01,Broken Statuette,da2,,,,0,junk
gen_im_trs_gen_statue_02,Wood Carved Statuette,da2,,,,0,junk
gen_im_trs_gen_statue_03,Bronze Statuette,da2,,,,0,junk
gen_im_trs_gen_statue_04,Silver Statuette,da2,,,,0,junk
gen_im_trs_krk_drk_junk1_01,Rusty Metal Spoon,da2,,,,0,junk
gen_im_trs_krk_drk_junk1_02,Tarnished Silver Spoon,da2,,,,0,junk
gen_im_trs_krk_drk_junk1_03,Polished Silver Spoon,da2,,,,0,junk
gen_im_trs_krk_drk_junk1_04,Gem-Encrusted Golden Spoon,da2,,,,0,junk
gen_im_trs_krk_drk_junk2_01,Pouch of Pebbles,da2,,,,0,junk
gen_im_trs_krk_drk_junk2_02,Pouch of Colorful Glass Shards,da2,,,,0,junk
gen_im_trs_krk_drk_junk2_03,Pouch of Chipped Gemstones,da2,,,,0,junk
gen_im_trs_krk_drk_junk2_04,Pouch of Precious Gemstones,da2,,,,0,junk
gen_im_trs_krk_grd_junk1_01,Engraved Arm Band,da2,,,,0,junk
gen_im_trs_krk_grd_junk1_02,Tradesman's Whetstone,da2,,,,0,junk
gen_im_trs_krk_grd_junk1_03,Custom Harness,da2,,,,0,junk
gen_im_trs_krk_grd_junk1_04,Silver Crossguard,da2,,,,0,junk
gen_im_trs_krk_grd_junk2_01,Book of Suggestive Caricature,da2,,,,0,junk
gen_im_trs_krk_grd_junk2_02,Boot-Lift Insole,da2,,,,0,junk
gen_im_trs_krk_grd_junk2_03,Truncheon Wax,da2,,,,0,junk
gen_im_trs_krk_grd_junk2_04,Silver-Gilded Tipstaff,da2,,,,0,junk
gen_im_trs_krk_hgh_junk1_01,Fancy Poison Ring,da2,,,,0,junk
gen_im_trs_krk_hgh_junk1_02,Broken Silver Mirror,da2,,,,0,junk
gen_im_trs_krk_hgh_junk1_03,Elegant Belt Knife,da2,,,,0,junk
gen_im_trs_krk_hgh_junk1_04,Gold Signet Ring,da2,,,,0,junk
gen_im_trs_krk_hgh_junk2_01,Lace Collar,da2,,,,0,junk
gen_im_trs_krk_hgh_junk2_02,Velvet Vest,da2,,,,0,junk
gen_im_trs_krk_hgh_junk2_03,Jeweled Hat Pin,da2,,,,0,junk
gen_im_trs_krk_hgh_junk2_04,Gemmed Ceremonial Blade,da2,,,,0,junk
gen_im_trs_krk_hgh_junk3_01,Lace Cuffs,da2,,,,0,junk
gen_im_trs_krk_hgh_junk3_02,Silver-Threaded Scarf,da2,,,,0,junk
gen_im_trs_krk_hgh_junk3_03,Gold Flask,da2,,,,0,junk
gen_im_trs_krk_hgh_junk3_04,Diamond Brooch,da2,,,,0,junk
gen_im_trs_krk_junk1_01,Chipped Serpent Statuette,da2,,,,0,junk
gen_im_trs_krk_junk1_02,Small Griffon Statuette,da2,,,,0,junk
gen_im_trs_krk_junk1_03,Onyx Dragon Statuette,da2,,,,0,junk
gen_im_trs_krk_junk1_04,Polished Marble Andraste Figurine,da2,,,,0,junk
gen_im_trs_krk_junk2_01,Tattered Pantaloons,da2,,,,0,junk
gen_im_trs_krk_junk2_02,Soft Flannel Pantaloons,da2,,,,0,junk
gen_im_trs_krk_junk2_03,Silver Silk Pantaloons,da2,,,,0,junk
gen_im_trs_krk_junk2_04,Silk-Lined Orlesian Lace Pantalettes,da2,,,,0,junk
gen_im_trs_krk_low_junk1_01,Moth-Eaten Scarf,da2,,,,0,junk
gen_im_trs_krk_low_junk1_02,Frayed Wool Shawl,da2,,,,0,junk
gen_im_trs_krk_low_junk1_03,Woven Silk Wrap,da2,,,,0,junk
gen_im_trs_krk_low_junk1_04,Fox Fur Stole,da2,,,,0,junk
gen_im_trs_krk_low_junk2_01,Moldy Rag Doll,da2,,,,0,junk
gen_im_trs_krk_low_junk2_02,Wooden Toy Sword,da2,,,,0,junk
gen_im_trs_krk_low_junk2_03,Carved Ivory Toy Horse,da2,,,,0,junk
gen_im_trs_krk_low_junk2_04,Antique Porcelain Doll,da2,,,,0,junk
gen_im_trs_prf_junk2_01,Small Chunk of Lyrium,da2,,,,0,junk
gen_im_trs_prf_junk2_02,Cracked Piece of Lyrium,da2,,,,0,junk
gen_im_trs_prf_junk2_03,Chunk of Lyrium,da2,,,,0,junk
gen_im_trs_prf_junk2_04,Big Chunk of Lyrium,da2,,,,0,junk
gen_im_trs_prf_rocks_01,Odd Dwarven Relic,da2,,,,0,junk
gen_im_trs_prf_rocks_02,Strange Dwarven Totem,da2,,,,0,junk
gen_im_trs_prf_rocks_03,Tiny Head Carving,da2,,,,0,junk
gen_im_trs_prf_rocks_04,Ore of Unknown Origin,da2,,,,0,junk
gen_im_trs_qun_biscuit_01,Pick Knife Scaler,da2,,,,0,junk
gen_im_trs_qun_biscuit_02,Oversized Whetstone,da2,,,,0,junk
gen_im_trs_qun_biscuit_03,Patching Plates,da2,,,,0,junk
gen_im_trs_qun_biscuit_04,Polishing Silks,da2,,,,0,junk
gen_im_trs_qun_horn_01,Qunari Rations,da2,,,,0,junk
gen_im_trs_qun_horn_02,Soldier Dyes,da2,,,,0,junk
gen_im_trs_qun_horn_03,Leather Haversack,da2,,,,0,junk
gen_im_trs_qun_horn_04,Oil Horn-Balm,da2,,,,0,junk
gen_im_trs_rdr_junk1_01,Empty Stained Bottle,da2,,,,0,junk
gen_im_trs_rdr_junk1_02,Bottle of Rotgut,da2,,,,0,junk
gen_im_trs_rdr_junk1_03,Bottle of Potent Moonshine,da2,,,,0,junk
gen_im_trs_rdr_junk1_04,Bottle of Aged Antivan Brandy,da2,,,,0,junk
gen_im_trs_rdr_junk2_01,Rotted Wooden Peg Leg,da2,,,,0,junk
gen_im_trs_rdr_junk2_02,Leather Eye Patch,da2,,,,0,junk
gen_im_trs_rdr_junk2_03,Stuffed Parrot,da2,,,,0,junk
gen_im_trs_rdr_junk2_04,Polished Steel Hook,da2,,,,0,junk
gen_im_trs_slv_junk1_01,Frayed Rope,da2,,,,0,junk
gen_im_trs_slv_junk1_02,Frayed Slaver Whip,da2,,,,0,junk
gen_im_trs_slv_junk1_03,Slaver Rope,da2,,,,0,junk
gen_im_trs_slv_junk1_04,Slaver Whip,da2,,,,0,junk
gen_im_trs_slv_junk2_01,Torn Slaver Invoice,da2,,,,0,junk
gen_im_trs_slv_junk2_02,Smudged Slaver Invoice,da2,,,,0,junk
gen_im_trs_slv_junk2_03,Slaver Invoice,da2,,,,0,junk
gen_im_trs_slv_junk2_04,Slaver Invoice and Insignia,da2,,,,0,junk
gen_im_trs_tmp_insignia_01,Cracked Templar Insignia,da2,,,,0,junk
gen_im_trs_tmp_insignia_02,Templar Insignia,da2,,,,0,junk
gen_im_trs_tmp_insignia_03,Silver Templar Insignia,da2,,,,0,junk
gen_im_trs_tmp_insignia_04,Gold Templar Insignia,da2,,,,0,junk
gen_im_trs_tmp_junk2_01,Empty Vial of Lyrium,da2,,,,0,junk
gen_im_trs_tmp_junk2_02,Small Vial of Lyrium,da2,,,,0,junk
gen_im_trs_tmp_junk2_03,Vial of Lyrium,da2,,,,0,junk
gen_im_trs_tmp_junk2_04,Large Vial of Lyrium,da2,,,,0,junk
gen_im_trs_uni_bks_01,Tome of the Slumbering Elders,da2,,,,0,junk
zz_gen_im_trs_krk_low_sword,Rusty Longsword,da2,,,,0,junk
dae020ip_merch_tailor,Robes by Jean Luc,da2,,,,0,mage_robes
mgb100im_mage_chest,Robes of the Pretender,da2,,,https://dragonage.fandom.com/wiki/Robes_of_the_Pretender,0,mage_robes
mgb300im_mage_chest,Aldenon's Vestments,da2,,,https://dragonage.fandom.com/wiki/Aldenon%27s_Vestments,0,mage_robes
tbe100im_mystic_chest,Vestments of the Mystic,da2,,,https://dragonage.fandom.com/wiki/Vestments_of_the_Mystic,0,mage_robes
tbe300im_clean_chest,Robes of Unblemished Cleanliness,da2,,,https://dragonage.fandom.com/wiki/Robes_of_Unblemished_Cleanliness,0,mage_robes
gen_im_npc_arm_hum_cht_cira,Cloth Robe,da2,,,,0,npc_items
gen_im_npc_arm_hum_cht_cirb,Cloth Robe,da2,,,,0,npc_items
lgt000im_azurejamos,The Eyes of Azure Jamos,da2,,,https://dragonage.fandom.com/wiki/The_Eyes_of_Azure_Jamos,0,plot_items.find_and_return_quest_items
lgt000im_ultra_cameo,Goosegirl Cameo,da2,,,https://dragonage.fandom.com/wiki/Goosegirl_Cameo,0,plot_items.find_and_return_quest_items
lgt000im_ultra_finger,Petrified Human Finger,da2,,,https://dragonage.fandom.com/wiki/Petrified_Human_Finger,0,plot_items.find_and_return_quest_items
lgt000im_ultra_grimoire,Grimoire of the Apprentice,da2,,,https://dragonage.fandom.com/wiki/Grimoire_of_the_Apprentice,0,plot_items.find_and_return_quest_items
lgt000im_ultra_kirkmap,Map of Occupied Kirkwall,da2,,,https://dragonage.fandom.com/wiki/Map_of_Occupied_Kirkwall,0,plot_items.find_and_return_quest_items
lgt000im_ultra_knife,Ream-Rot Knife,da2,,,https://dragonage.fandom.com/wiki/Ream-Rot_Knife,0,plot_items.find_and_return_quest_items
lgt000im_ultra_pants,Fine Dwarven Trousers,da2,,,https://dragonage.fandom.com/wiki/Fine_Dwarven_Trousers,0,plot_items.find_and_return_quest_items
lgt000im_ultra_pommel,Eustice's Pommel,da2,,,https://dragonage.fandom.com/wiki/Eustice%27s_Pommel,0,plot_items.find_and_return_quest_items
lgt000im_ultra_redblossom,Redblossom Salve,da2,,,https://dragonage.fandom.com/wiki/Redblossom_Salve,0,plot_items.find_and_return_quest_items
lgt000im_ultra_seal,Seal of Dumat,da2,,,https://dragonage.fandom.com/wiki/The_Seal_of_Dumat,0,plot_items.find_and_return_quest_items
lgt000im_ultra_shawl,Shawl of Dalesdottir,da2,,,https://dragonage.fandom.com/wiki/Shawl_of_Dalesdottir,0,plot_items.find_and_return_quest_items
lgt000im_ultra_swatch,Swatch of the Jackyard,da2,,,https://dragonage.fandom.com/wiki/Swatch_of_the_Jackyard,0,plot_items.find_and_return_quest_items
lgt000im_ultra_talwain,Seal of House Talwain,da2,,,https://dragonage.fandom.com/wiki/Seal_of_House_Talwain,0,plot_items.find_and_return_quest_items
lgt000im_ultra_toe,Stone Toe,da2,,,https://dragonage.fandom.com/wiki/Stone_Toe,0,plot_items.find_and_return_quest_items
lgt000im_ultra_waxlerhat,Waxler's Hat,da2,,,https://dragonage.fandom.com/wiki/Waxler%27s_Hat,0,plot_items.find_and_return_quest_items
and121im_alrik_letter,Ser Alrik's Letter,da2,,,https://dragonage.fandom.com/wiki/Ser_Alrik%27s_Letter,0,plot_items.other
and231im_alrik_papers,Alrik's Papers,da2,,,https://dragonage.fandom.com/wiki/Alrik%27s_Papers,0,plot_items.other
ave200im_donnic_gift,Copper Marigolds,da2,,,https://dragonage.fandom.com/wiki/Copper_Marigolds,0,plot_items.other
dre180im_crypt_key,Crypt Key,da2,,,,0,plot_items.other
fen121im_magisters_key,Magister's Key,da2,,,https://dragonage.fandom.com/wiki/Magister%27s_Key,0,plot_items.other
isa100im_letter,Hayder's Letter,da2,,,https://dragonage.fandom.com/wiki/Hayder%27s_Letter,0,plot_items.other
isa200im_letter,Isabela's Letter,da2,,,https://dragonage.fandom.com/wiki/Isabela%27s_Letter,0,plot_items.other
isa300im_documents,Incriminating Documents,da2,,,,0,plot_items.other
isa300im_office_key,Office Key,da2,,,,0,plot_items.other
lgt150im_ntb_wr_ingrdnt_1,Alchemically Sealed Flask,da2,,,https://dragonage.fandom.com/wiki/Alchemically_Sealed_Flask,0,plot_items.other
lgt150im_ntb_wr_ingrdnt_2,Purified Deathroot,da2,,,https://dragonage.fandom.com/wiki/Purified_Deathroot,0,plot_items.other
lgt150im_ntb_wr_ingrdnt_3,Twice-Distilled Quicksilver,da2,,,https://dragonage.fandom.com/wiki/Twice-Distilled_Quicksilver,0,plot_items.other
lgt150im_ntb_wr_ingrdnt_4,Ebon Rathleek,da2,,,https://dragonage.fandom.com/wiki/Ebon_Rathleek,0,plot_items.other
lgt160im_wk_avern_messages,Grey Warden Documents,da2,,,https://dragonage.fandom.com/wiki/Grey_Warden_Documents_(Dragon_Age_II),0,plot_items.other
lgt200im_eom_book,Book of Forbidden Lore,da2,,,https://dragonage.fandom.com/wiki/Book_of_Forbidden_Lore,0,plot_items.other
lgt320im_mis_resp_sword_01,Qunari Sword,da2,,,https://dragonage.fandom.com/wiki/Qunari_Sword_(Dragon_Age_II),0,plot_items.other
lgt331im_shw_mer_map,Map to Hideout,da2,,,,0,plot_items.other
mag111im_danzig_letter,Hideout Location Map,da2,,,https://dragonage.fandom.com/wiki/Hideout_Location_Map,0,plot_items.other
mag111im_thrask_letter,Thrask's Letter,da2,,,https://dragonage.fandom.com/wiki/Thrask%27s_Letter,0,plot_items.other
mag121im_idunna_clue01,Documents,da2,,,,0,plot_items.other
mag130im_danzig_map,Map to The Wounded Coast,da2,,,https://dragonage.fandom.com/wiki/Map_to_The_Wounded_Coast,0,plot_items.other
mag211im_reward_book,Tome of the Slumbering Elders,da2,,,https://dragonage.fandom.com/wiki/Tome_of_the_Slumbering_Elders,0,plot_items.other
mag311im_bsc_notes,Conspirator's Notes,da2,,,https://dragonage.fandom.com/wiki/Conspirator%27s_Notes,0,plot_items.other
mrl251im_amu_chandan,Chandan's Amulet,da2,,,https://dragonage.fandom.com/wiki/Chandan%27s_Amulet,0,plot_items.other
mrl251im_amu_harshal,Harshal's Amulet,da2,,,https://dragonage.fandom.com/wiki/Harshal%27s_Amulet,0,plot_items.other
mrl251im_amu_radha,Radha's Amulet,da2,,,https://dragonage.fandom.com/wiki/Radha%27s_Amulet,0,plot_items.other
one100im_athenril_goods,Athenril's Goods,da2,,,https://dragonage.fandom.com/wiki/Athenril%27s_Goods,0,plot_items.other
one100it_fang,Dragon's Fang,da2,,,https://dragonage.fandom.com/wiki/Dragon%27s_Fang,0,plot_items.other
one100it_gland,Spider's Silk Gland,da2,,,https://dragonage.fandom.com/wiki/Spider%27s_Silk_Gland,0,plot_items.other
one100it_ironwood,Pure Ironbark,da2,,,https://dragonage.fandom.com/wiki/Pure_Ironbark,0,plot_items.other
one100it_thug_note,The Wallop Mallet,da2,,,https://dragonage.fandom.com/wiki/The_Wallop_Mallet,0,plot_items.other
one100it_warehouse_note,A Note for Gamlen,da2,,,https://dragonage.fandom.com/wiki/A_Note_for_Gamlen,0,plot_items.other
one200it_blush,Harlot's Blush Flower,da2,,,https://dragonage.fandom.com/wiki/Harlot%27s_Blush_Flower,0,plot_items.other
one200it_heart,Varterral's Heart,da2,,,https://dragonage.fandom.com/wiki/Varterral%27s_Heart,0,plot_items.other
one200it_tattoo,Dalish Tattoo Ink,da2,,,https://dragonage.fandom.com/wiki/Dalish_Tattoo_Ink,0,plot_items.other
one280im_control_rod,Golem Control Rod,da2,,,https://dragonage.fandom.com/wiki/Golem_control_rod,0,plot_items.other
one280im_merin_key,Key,da2,,,,0,plot_items.other
one300it_fire,High Dragon Fire Gland,da2,,,https://dragonage.fandom.com/wiki/High_Dragon_Fire_Gland,0,plot_items.other
pro000im_merchant_key,Merchant's Key,da2,,,https://dragonage.fandom.com/wiki/Merchant%27s_Key,0,plot_items.other
qun211it_barrel_latch,Steel Latch,da2,,,https://dragonage.fandom.com/wiki/Steel_Latch,0,plot_items.other
rdr111it_martin_cargo,Sample of Martin's Cargo,da2,,,https://dragonage.fandom.com/wiki/Sample_of_Martin%27s_Cargo,0,plot_items.other
ser111it_ninette_ring,Ninette's Ring,da2,,,https://dragonage.fandom.com/wiki/Ninette%27s_Ring,0,plot_items.other
sib131im_key_to_cellar,Amell Estate's Cellar Key,da2,,,https://dragonage.fandom.com/wiki/Amell_Estate%27s_Cellar_Key,0,plot_items.other
sib131im_key_vault,Vault Key,da2,,,https://dragonage.fandom.com/wiki/Vault_Key,0,plot_items.other
sib131im_will,Grandfather Amell's Will and Testament,da2,,,https://dragonage.fandom.com/wiki/Grandfather_Amell%27s_Will_and_Testament,0,plot_items.other
gen_im_cns_arn_celestial,Celestial Rune,da2,,,https://dragonage.fandom.com/wiki/Celestial_Rune,0,runes.armor_runes
gen_im_cns_arn_torpor,Torpor's Barrier Rune,da2,,,https://dragonage.fandom.com/wiki/Torpor%27s_Barrier_Rune,0,runes.armor_runes
gen_im_cns_cft_arn_01,Rune of Protection,da2,,,https://dragonage.fandom.com/wiki/Rune_of_Protection,0,runes.armor_runes
gen_im_cns_cft_arn_02,Rune of Fortune,da2,,,https://dragonage.fandom.com/wiki/Rune_of_Fortune,0,runes.armor_runes
gen_im_cns_cft_arn_03,Rune of Frost Warding,da2,,,https://dragonage.fandom.com/wiki/Rune_of_Frost_Warding,0,runes.armor_runes
gen_im_cns_cft_arn_04,Rune of Fire Warding,da2,,,https://dragonage.fandom.com/wiki/Rune_of_Fire_Warding,0,runes.armor_runes
gen_im_cns_cft_arn_05,Rune of Lightning Warding,da2,,,https://dragonage.fandom.com/wiki/Rune_of_Lightning_Warding,0,runes.armor_runes
gen_im_cns_cft_arn_06,Rune of Nature Warding,da2,,,https://dragonage.fandom.com/wiki/Rune_of_Nature_Warding,0,runes.armor_runes
gen_im_cns_cft_arn_07,Rune of Spirit Warding,da2,,,https://dragonage.fandom.com/wiki/Rune_of_Spirit_Warding,0,runes.armor_runes
gen_im_cns_cft_arn_08,Rune of Defense,da2,,,https://dragonage.fandom.com/wiki/Rune_of_Defense,0,runes.armor_runes
gen_im_cns_cft_arn_09,Rune of Valiance,da2,,,https://dragonage.fandom.com/wiki/Rune_of_Valiance,0,runes.armor_runes
gen_im_cns_cft_wrn_01,Rune of Impact,da2,,,https://dragonage.fandom.com/wiki/Rune_of_Impact,0,runes.weapon_runes
gen_im_cns_cft_wrn_02,Rune of Frost,da2,,,https://dragonage.fandom.com/wiki/Rune_of_Frost,0,runes.weapon_runes
gen_im_cns_cft_wrn_03,Rune of Fire,da2,,,https://dragonage.fandom.com/wiki/Rune_of_Fire,0,runes.weapon_runes
gen_im_cns_cft_wrn_04,Rune of Lightning,da2,,,https://dragonage.fandom.com/wiki/Rune_of_Lightning,0,runes.weapon_runes
gen_im_cns_cft_wrn_05,Rune of Nature,da2,,,https://dragonage.fandom.com/wiki/Rune_of_Nature,0,runes.weapon_runes
gen_im_cns_cft_wrn_06,Rune of Spirit,da2,,,https://dragonage.fandom.com/wiki/Rune_of_Spirit,0,runes.weapon_runes
gen_im_cns_cft_wrn_07,Rune of Striking,da2,,,https://dragonage.fandom.com/wiki/Rune_of_Striking,0,runes.weapon_runes
gen_im_cns_cft_wrn_08,Rune of Devastation,da2,,,https://dragonage.fandom.com/wiki/Rune_of_Devastation,0,runes.weapon_runes
gen_im_cns_wrn_primeval,Primeval Lyrium Rune,da2,,,https://dragonage.fandom.com/wiki/Primeval_Lyrium_Rune,0,runes.weapon_runes
gen_im_cns_wrn_sandal_act1,Sandal's Special Rune,da2,,,https://dragonage.fandom.com/wiki/Sandal%27s_Special_Rune,0,runes.weapon_runes
drk_im_wep_war_shd_01,Wardens' Secret,da2,,,https://dragonage.fandom.com/wiki/Wardens%27_Secret,0,shields
eye_im_wep_war_shd_01,Baron Arlange's Shield,da2,,,https://dragonage.fandom.com/wiki/Baron_Arlange%27s_Shield,0,shields
gen_im_delete_me_03,Weapon and Shield Default,da2,,,,0,shields
gen_im_wep_war_shd_act0_01,Fereldan Soldier's Shield,da2,,,https://dragonage.fandom.com/wiki/Fereldan_Soldier%27s_Shield,0,shields
gen_im_wep_war_shd_act0_02,Mercenary's Shield,da2,,,https://dragonage.fandom.com/wiki/Mercenary%27s_Shield,0,shields
gen_im_wep_war_shd_act0_03,Smuggler's Heater,da2,,,https://dragonage.fandom.com/wiki/Smuggler%27s_Heater,0,shields
gen_im_wep_war_shd_act0_04,Dark Shield,da2,,,https://dragonage.fandom.com/wiki/Dark_Shield,0,shields
gen_im_wep_war_shd_act1_01,The Bann's Backhouse Door,da2,,,https://dragonage.fandom.com/wiki/The_Bann%27s_Backhouse_Door,0,shields
gen_im_wep_war_shd_act1_02,Markham Head Stopper,da2,,,https://dragonage.fandom.com/wiki/Markham_Head_Stopper,0,shields
gen_im_wep_war_shd_act1_03,Winter-Weight,da2,,,https://dragonage.fandom.com/wiki/Winter-Weight,0,shields
gen_im_wep_war_shd_act1_04,Oddsmaker,da2,,,https://dragonage.fandom.com/wiki/Oddsmaker,0,shields
gen_im_wep_war_shd_act1_05,Kirkwall Shield,da2,,,https://dragonage.fandom.com/wiki/Kirkwall_Shield,0,shields
gen_im_wep_war_shd_act2_01,River's Wave,da2,,,https://dragonage.fandom.com/wiki/River%27s_Wave,0,shields
gen_im_wep_war_shd_act2_02,Warstopper,da2,,,https://dragonage.fandom.com/wiki/Warstopper,0,shields
gen_im_wep_war_shd_act2_03,Brink-Boaster,da2,,,https://dragonage.fandom.com/wiki/Brink-Boaster,0,shields
gen_im_wep_war_shd_act2_04,Spirit of 4:60 Black,da2,,,https://dragonage.fandom.com/wiki/Spirit_of_4:60_Black,0,shields
gen_im_wep_war_shd_act2_05,Amell Family Shield,da2,,,https://dragonage.fandom.com/wiki/Amell_Family_Shield,0,shields
gen_im_wep_war_shd_act2_06,Defender of the Wall,da2,,,https://dragonage.fandom.com/wiki/Defender_of_the_Wall,0,shields
gen_im_wep_war_shd_act2_07,Darkspawn Shield,da2,,,https://dragonage.fandom.com/wiki/Darkspawn_Shield,0,shields
gen_im_wep_war_shd_act3_01,Wardwall,da2,,,https://dragonage.fandom.com/wiki/Wardwall,0,shields
gen_im_wep_war_shd_act3_02,Lord Bearing's Wall,da2,,,https://dragonage.fandom.com/wiki/Lord_Bearing%27s_Wall,0,shields
gen_im_wep_war_shd_act3_03,Cornerstone,da2,,,https://dragonage.fandom.com/wiki/Cornerstone,0,shields
gen_im_wep_war_shd_act3_04,Hearth Shield,da2,,,https://dragonage.fandom.com/wiki/Hearth_Shield,0,shields
gen_im_wep_war_shd_act3_05,The Father's Hand,da2,,,https://dragonage.fandom.com/wiki/The_Father%27s_Hand,0,shields
gen_im_wep_war_shd_act3_06,Volcanic Shield,da2,,,https://dragonage.fandom.com/wiki/Volcanic_Shield,0,shields
gen_im_wep_war_shd_default,Basic Shield,da2,,,https://dragonage.fandom.com/wiki/Basic_Shield,0,shields
gen_im_wep_war_shd_lore_01,Shield of the Resolute,da2,,,https://dragonage.fandom.com/wiki/Shield_of_the_Resolute,0,shields
gen_im_wep_war_shd_lore_02,Shield of the Knight Herself,da2,,,https://dragonage.fandom.com/wiki/Shield_of_the_Knight_Herself_(unrestricted),0,shields
gen_im_wep_war_shd_start,Reinforced Shield,da2,,,https://dragonage.fandom.com/wiki/Reinforced_Shield_(Dragon_Age_II),0,shields
tbe100im_enchanted_shield,Lady Rosamund's Bulwark,da2,,,https://dragonage.fandom.com/wiki/Lady_Rosamund%27s_Bulwark,0,shields
wrb100im_warrior_shield,Willem's Bulwark,da2,,,https://dragonage.fandom.com/wiki/Willem%27s_Bulwark,0,shields
lgt200cr_tome_abomination,Abomination,da2,,,,0,tomes
lgt200cr_tome_corpse,Corpse,da2,,,,0,tomes
lgt200cr_tome_desire,Desire Demon,da2,,,,0,tomes
lgt200cr_tome_horror,Arcane Horror,da2,,,,0,tomes
lgt200cr_tome_pride,Xebenkeck,da2,,,,0,tomes
lgt200cr_tome_revenant,Revenant,da2,,,,0,tomes
lgt200ip_eau_tome_final,Fell Grimoire,da2,,,,0,tomes
lgt231ar_tome_final,The Forgotten Lair,da2,,,,0,tomes
lgt241ar_tome_cave,Rotting Cave,da2,,,,0,tomes
lgt251ar_tome_cave,Abandoned Thaig,da2,,,,0,tomes
lgt261ar_tome_cave,Dank Cave,da2,,,,0,tomes
and000ip_amulet_container,Chest,da2,,,,0,uncategorized
and100cr_anders,Anders,da2,,,,0,uncategorized
and110cr_angry_refugee,Angry Refugee,da2,,,,0,uncategorized
and110cr_street_thug,Refugee,da2,,,,0,uncategorized
and111ar_andersshop,Lirene's Fereldan Imports,da2,,,,0,uncategorized
and111cr_lirene,Lirene,da2,,,,0,uncategorized
and111cr_refugee_1,Refugee,da2,,,,0,uncategorized
and111cr_refugee_2,Refugee,da2,,,,0,uncategorized
and111cr_refugee_boy,Child,da2,,,,0,uncategorized
and111cr_refugee_girl,Child,da2,,,,0,uncategorized
and111cr_shopgirl,Shop Girl,da2,,,,0,uncategorized
and111ip_at_lowtown,Lowtown,da2,,,,0,uncategorized
and111ip_donation_box,Donation Box,da2,,,,0,uncategorized
and111ip_store_lirene,Lirene's Fereldan Imports,da2,,,,0,uncategorized
and121ar_chantry,The Chantry,da2,,,,0,uncategorized
and121cr_karl,Karl,da2,,,,0,uncategorized
and130ip_anders_door,Door,da2,,,,0,uncategorized
and211ar_andersshop,Lirene's Fereldan Imports,da2,,,,0,uncategorized
and211ip_store_lirene,Lirene's Fereldan Imports,da2,,,,0,uncategorized
and230cr_mage_girl,Circle Mage Ella,da2,,,,0,uncategorized
and230cr_ser_alrik,Ser Alrik,da2,,,,0,uncategorized
and230cr_templar,Templar,da2,,,,0,uncategorized
and230cr_templar2,Templar Archer,da2,,,,0,uncategorized
and230cr_templar3,Templar Hunter,da2,,,,0,uncategorized
and230ip_at_dungeon,Gallows Dungeon,da2,,,,0,uncategorized
and231ar_gallowsbasement,Gallows Dungeon,da2,,,,0,uncategorized
and231cr_lyrium_archer,Lyrium Smuggler Archer,da2,,,,0,uncategorized
and231cr_lyrium_smuggler,Lyrium Smuggler Foreman,da2,,,,0,uncategorized
and231cr_lyrium_smuggler2,Dwarf Mercenary,da2,,,,0,uncategorized
and231cr_lyrium_smuggler3,Pit Boss,da2,,,,0,uncategorized
and231cr_smuggler,Lyrium Smuggler,da2,,,,0,uncategorized
and231ip_at_darktown,Darktown,da2,,,,0,uncategorized
and231ip_loot_1,Chest,da2,,,,0,uncategorized
and231ip_tomb,Corrupted Grave,da2,,,,0,uncategorized
and311ar_andersshop,Lirene's Fereldan Imports,da2,,,,0,uncategorized
and311ip_store_lirene,Lirene's Fereldan Imports,da2,,,,0,uncategorized
and330ip_at_sewers,Sewers,da2,,,,0,uncategorized
and330ip_sal_petrae,Sela Petrae Deposit,da2,,,,0,uncategorized
and331ar_sewers,The Sewers,da2,,,,0,uncategorized
and331ip_at_darktown,Darktown,da2,,,,0,uncategorized
and331ip_loot_1,Chest,da2,,,,0,uncategorized
and340ip_at_mines,Drakestone Mines,da2,,,,0,uncategorized
and340ip_brimstone,Drakestone Deposit,da2,,,,0,uncategorized
and341ar_mines,Drakestone Mines,da2,,,,0,uncategorized
and341ip_at_bonepit,The Bone Pit,da2,,,,0,uncategorized
and341ip_loot_corpse_1,Corpse,da2,,,,0,uncategorized
and341ip_loot_corpse_2,Corpse,da2,,,,0,uncategorized
and_templar_1,Templar,da2,,,,0,uncategorized
and_templar_2,Templar,da2,,,,0,uncategorized
and_templar_3,Templar,da2,,,,0,uncategorized
and_templar_4,Templar Archer,da2,,,,0,uncategorized
andcr_templar_captain,Templar Lieutenant,da2,,,,0,uncategorized
ave000ip_shield_container,Crate,da2,,,,0,uncategorized
ave100ar_patrol,Sundermount Ambush Site,da2,,,,0,uncategorized
ave100cr_donnic,Guardsman Donnic,da2,,,,0,uncategorized
ave100cr_raider_assassin,Raider Assassin,da2,,,,0,uncategorized
ave110cr_dbandit_leader,Coterie Leader,da2,,,,0,uncategorized
ave110cr_donnic_bandit_f,Coterie Thug,da2,,,,0,uncategorized
ave110cr_donnic_bandit_m,Coterie Thug,da2,,,,0,uncategorized
ave121cr_brennan,Guardsman Brennan,da2,,,,0,uncategorized
ave121cr_jeven,Captain Jeven,da2,,,,0,uncategorized
ave121ip_captain_door,Door,da2,,,,0,uncategorized
ave121ip_duty_roster,Duty Roster,da2,,,,0,uncategorized
ave151cr_ambush_bandit_f,Raider,da2,,,,0,uncategorized
ave151cr_ambush_bandit_m,Raider,da2,,,,0,uncategorized
ave200cr_donnic,Guardsman Donnic,da2,,,,0,uncategorized
ave221cr_brennan,Guardsman Brennan,da2,,,,0,uncategorized
ave221ip_duty_roster,Duty Roster,da2,,,,0,uncategorized
ave260cr_bandit,Raider,da2,,,,0,uncategorized
ave260cr_beast,Mabari,da2,,,,0,uncategorized
ave260cr_smuggler,Slaver,da2,,,,0,uncategorized
ave260ip_signal_fire1,Signal Fire,da2,,,,0,uncategorized
ave260ip_signal_fire2,Signal Fire,da2,,,,0,uncategorized
ave260ip_signal_fire3,Signal Fire,da2,,,,0,uncategorized
ave300cr_donnic,Guardsman Donnic,da2,,,,0,uncategorized
ave310_gen_guardsman,City Guardsman,da2,,,,0,uncategorized
ave310cr_bandit_f,Coterie Thug,da2,,,,0,uncategorized
ave310cr_bandit_m,Coterie Thug,da2,,,,0,uncategorized
ave310cr_brennan,Guardsman Brennan,da2,,,,0,uncategorized
ave310cr_guard_f,City Guardsman,da2,,,,0,uncategorized
ave310cr_guard_m,City Guardsman,da2,,,,0,uncategorized
ave321cr_gen_guardsman,City Guardsman,da2,,,,0,uncategorized
ave321cr_guardsman1,City Guardsman,da2,,,,0,uncategorized
ave321cr_guardsman2,City Guardsman,da2,,,,0,uncategorized
ave321cr_guardsman3,City Guardsman,da2,,,,0,uncategorized
ave321cr_guardsman4,City Guardsman,da2,,,,0,uncategorized
ave321cr_guardswoman,City Guardsman,da2,,,,0,uncategorized
ave321cr_jeven_loyalist,Jeven Loyalist,da2,,,,0,uncategorized
ave330ip_chest,Chest,da2,,,,0,uncategorized
ave331cr_insurgent_f,Insurgent,da2,,,,0,uncategorized
ave331cr_insurgent_f2,Insurgent,da2,,,,0,uncategorized
ave331cr_insurgent_f3,Insurgent,da2,,,,0,uncategorized
ave331cr_insurgent_guard,Insurgent Guard,da2,,,,0,uncategorized
ave331cr_insurgent_guard2,Insurgent Guard,da2,,,,0,uncategorized
ave331cr_insurgent_guard3,Insurgent Guard,da2,,,,0,uncategorized
ave331cr_insurgent_guard4,Insurgent Guard,da2,,,,0,uncategorized
ave331cr_insurgent_m,Insurgent,da2,,,,0,uncategorized
ave331cr_insurgent_m2,Insurgent,da2,,,,0,uncategorized
ave331cr_insurgent_m3,Insurgent,da2,,,,0,uncategorized
ave331cr_jeven,Jeven,da2,,,,0,uncategorized
bet131ip_chest_gift,Chest,da2,,,,0,uncategorized
car131ip_chest_gift,Chest,da2,,,,0,uncategorized
clf221cr_jalen,Jalen,da2,,,,0,uncategorized
clf260cr_fell_orden,Fell Orden,da2,,,,0,uncategorized
clf260cr_guard1,City Guardsman,da2,,,,0,uncategorized
clf260cr_guard2,City Guardsman,da2,,,,0,uncategorized
clf260cr_guard3,City Guardsman,da2,,,,0,uncategorized
clf260cr_harley,Lieutenant Harley,da2,,,,0,uncategorized
clf360cr_evets,Evets,da2,,,,0,uncategorized
clf360cr_evets_archer,Archer,da2,,,,0,uncategorized
clf360cr_evets_thug,Thug,da2,,,,0,uncategorized
cod_ltr_gerav,A Letter to Gerav,da2,,,https://dragonage.fandom.com/wiki/A_Letter_to_Gerav,0,uncategorized
dae000cr_adriano,Adriano,da2,,,,0,uncategorized
dae000cr_arishok,Arishok,da2,,,,0,uncategorized
dae000cr_brat,Sabina's Brat,da2,,,,0,uncategorized
dae000cr_brothel_orana,Orana,da2,,,,0,uncategorized
dae000cr_cassandra,Cassandra,da2,,,,0,uncategorized
dae000cr_cerimon,Cerimon,da2,,,,0,uncategorized
dae000cr_chandan,Chandan,da2,,,,0,uncategorized
dae000cr_chanter,Chanter Taletha,da2,,,,0,uncategorized
dae000cr_commoner_d1,Dwarf Commoner,da2,,,,0,uncategorized
dae000cr_commoner_d2,Dwarf Commoner,da2,,,,0,uncategorized
dae000cr_commoner_d3,Dwarf Commoner,da2,,,,0,uncategorized
dae000cr_commoner_f1,Commoner,da2,,,,0,uncategorized
dae000cr_commoner_f2,Commoner,da2,,,,0,uncategorized
dae000cr_commoner_m1,Commoner,da2,,,,0,uncategorized
dae000cr_commoner_m2,Commoner,da2,,,,0,uncategorized
dae000cr_cora,Cora,da2,,,,0,uncategorized
dae000cr_dalish_apprentice1,Dalish Apprentice,da2,,,,0,uncategorized
dae000cr_dalish_apprentice2,Dalish Apprentice,da2,,,,0,uncategorized
dae000cr_denier,Denier,da2,,,,0,uncategorized
dae000cr_epi_inquisition,Guard,da2,,,,0,uncategorized
dae000cr_fenarel,Fenarel,da2,,,,0,uncategorized
dae000cr_fereldan_f,Fereldan,da2,,,,0,uncategorized
dae000cr_flemeth,Flemeth,da2,,,,0,uncategorized
dae000cr_flemeth2,Flemeth,da2,,,,0,uncategorized
dae000cr_gamlen,Gamlen,da2,,,,0,uncategorized
dae000cr_gossip_old_m1,Gossip,da2,,,,0,uncategorized
dae000cr_gossip_old_m2,Gossip,da2,,,,0,uncategorized
dae000cr_grand_cleric,Grand Cleric Elthina,da2,,,,0,uncategorized
dae000cr_harshal,Harshal,da2,,,,0,uncategorized
dae000cr_ilen,Master Ilen,da2,,,,0,uncategorized
dae000cr_ineria,Ineria,da2,,,,0,uncategorized
dae000cr_junar,Junar,da2,,,,0,uncategorized
dae000cr_katriela,Katriela,da2,,,,0,uncategorized
dae000cr_lady_elegant,Lady Elegant,da2,,,,0,uncategorized
dae000cr_leonato,Leonato,da2,,,,0,uncategorized
dae000cr_loyal_mage_amb,Mage,da2,,,,0,uncategorized
dae000cr_mage_jaken,Mage,da2,,,,0,uncategorized
dae000cr_mage_unhappy,Mage,da2,,,,0,uncategorized
dae000cr_maren,Maren,da2,,,,0,uncategorized
dae000cr_marethari,Keeper Marethari,da2,,,,0,uncategorized
dae000cr_merchant_access,Trinketsmonger,da2,,,,0,uncategorized
dae000cr_merchant_generic,Merchant,da2,,,,0,uncategorized
dae000cr_merchant_mage,Tranquil,da2,,,,0,uncategorized
dae000cr_merchant_rare,Shady Merchant,da2,,,,0,uncategorized
dae000cr_merchant_tailor,Tailor,da2,,,,0,uncategorized
dae000cr_merchant_wandering,Merchant,da2,,,,0,uncategorized
dae000cr_merchant_weapons,Weaponsmith,da2,,,,0,uncategorized
dae000cr_mother,Mother,da2,,,,0,uncategorized
dae000cr_orana,Orana,da2,,,,0,uncategorized
dae000cr_osric,Osric,da2,,,,0,uncategorized
dae000cr_paivel,Hahren Paivel,da2,,,,0,uncategorized
dae000cr_pickpocket,Pickpocket,da2,,,,0,uncategorized
dae000cr_pickpocket_victim,Victim,da2,,,,0,uncategorized
dae000cr_pol,Pol,da2,,,,0,uncategorized
dae000cr_porfiria,Porfiria,da2,,,,0,uncategorized
dae000cr_quintus,Quintus,da2,,,,0,uncategorized
dae000cr_radha,Radha,da2,,,,0,uncategorized
dae000cr_serendipity,Serendipity,da2,,,,0,uncategorized
dae000cr_shopper_f,Shopper,da2,,,,0,uncategorized
dae000cr_shopper_m,Shopper,da2,,,,0,uncategorized
dae000cr_templar_knight,Templar,da2,,,,0,uncategorized
dae000cr_templar_recruit,Recruit,da2,,,,0,uncategorized
dae000cr_templar_wandering,Templar,da2,,,,0,uncategorized
dae000cr_tomwise,Tomwise,da2,,,,0,uncategorized
dae000cr_tranquil,Tranquil,da2,,,,0,uncategorized
dae000cr_tranquil_em,Tranquil,da2,,,,0,uncategorized
dae000cr_varric_cuts,Varric,da2,,,,0,uncategorized
dae000cr_worthy,Worthy,da2,,,,0,uncategorized
dae000ip_exit_gamlen_house,Leave Home,da2,,,,0,uncategorized
dae000ip_exit_player_house,Leave Home,da2,,,,0,uncategorized
dae000ip_party_picker,Gather Your Party,da2,,,,0,uncategorized
dae000ip_show_world_map,Leave Area,da2,,,,0,uncategorized
dae000ip_show_world_map_l,Leave Area,da2,,,,0,uncategorized
dae00cr_madam_lusine,Madam Lusine,da2,,,,0,uncategorized
dae010_alienage_elf_f1,Elven Woman,da2,,,,0,uncategorized
dae010_alienage_elf_f2,Elven Woman,da2,,,,0,uncategorized
dae010_alienage_elf_m1,Elven Man,da2,,,,0,uncategorized
dae010_alienage_elf_m2,Elven Man,da2,,,,0,uncategorized
dae010_arguing_female,Commoner,da2,,,,0,uncategorized
dae010_arguing_male,Commoner,da2,,,,0,uncategorized
dae010_beggar_m1,Beggar,da2,,,,0,uncategorized
dae010_chase_guard,City Guardsman,da2,,,,0,uncategorized
dae010_chase_thief,Commoner,da2,,,,0,uncategorized
dae010_cityguard_f1,City Guardsman,da2,,,,0,uncategorized
dae010_cityguard_m1,City Guardsman,da2,,,,0,uncategorized
dae010_commoner_m1,Commoner,da2,,,,0,uncategorized
dae010_commoner_m2,Commoner,da2,,,,0,uncategorized
dae010_drunk_m1,Drunk,da2,,,,0,uncategorized
dae010_lowlife_f1,Lowlife,da2,,,,0,uncategorized
dae010_lowlife_m1,Lowlife,da2,,,,0,uncategorized
dae010_lowlife_m2,Lowlife,da2,,,,0,uncategorized
dae010_lowtown_guard,City Guardsman,da2,,,,0,uncategorized
dae010_prostitute_f1,Companion,da2,,,,0,uncategorized
dae010_shopper_f1,Shopper,da2,,,,0,uncategorized
dae010_shopper_m1,Shopper,da2,,,,0,uncategorized
dae010_urchin_f1,Urchin,da2,,,,0,uncategorized
dae010_urchin_m1,Urchin,da2,,,,0,uncategorized
dae010cr_joker1,Dockworker,da2,,,,0,uncategorized
dae010cr_joker2,Dockworker,da2,,,,0,uncategorized
dae010cr_joker3,Dockworker,da2,,,,0,uncategorized
dae010cr_laborer,Dockworker,da2,,,,0,uncategorized
dae010cr_overseer,Overseer,da2,,,,0,uncategorized
dae010cr_sailor_f,Sailor,da2,,,,0,uncategorized
dae010cr_sailor_m,Sailor,da2,,,,0,uncategorized
dae010cr_worker_elf_m,Dockworker,da2,,,,0,uncategorized
dae010cr_worker_m,Dockworker,da2,,,,0,uncategorized
dae011cr_bar_wench,Norah,da2,,,,0,uncategorized
dae011cr_bartender,Corff the Bartender,da2,,,,0,uncategorized
dae011cr_bartender_friend,Ser Shrillan,da2,,,,0,uncategorized
dae011cr_conspiracy_theor,Talkative Man,da2,,,,0,uncategorized
dae011cr_drunk_1,Patron,da2,,,,0,uncategorized
dae011cr_drunk_2,Drunk Patron,da2,,,,0,uncategorized
dae011cr_gossip_1,Gossip,da2,,,,0,uncategorized
dae011cr_gossip_2,Weary Patron,da2,,,,0,uncategorized
dae011cr_sabina,Sabina,da2,,,,0,uncategorized
dae011cr_swindler,Flirtatious Woman,da2,,,,0,uncategorized
dae011ip_order_drink,Order Drink,da2,,,,0,uncategorized
dae020cr_ef_courtesan,Courtesan,da2,,,,0,uncategorized
dae020cr_ef_courtesan2,Courtesan,da2,,,,0,uncategorized
dae020cr_ef_courtesan3,Courtesan,da2,,,,0,uncategorized
dae020cr_ef_servant,Servant,da2,,,,0,uncategorized
dae020cr_em_servant,Servant,da2,,,,0,uncategorized
dae020cr_hf_noble1,Noblewoman,da2,,,,0,uncategorized
dae020cr_hf_noble2,Noblewoman,da2,,,,0,uncategorized
dae020cr_hf_noble_3,Noblewoman,da2,,,,0,uncategorized
dae020cr_hm_gossip3,Gossip,da2,,,,0,uncategorized
dae020cr_hm_gossip4,Gossip,da2,,,,0,uncategorized
dae020cr_hm_noble1,Nobleman,da2,,,,0,uncategorized
dae020cr_hm_noble2,Nobleman,da2,,,,0,uncategorized
dae020cr_hm_noble3,Nobleman,da2,,,,0,uncategorized
dae020cr_merch_armor,Olaf,da2,,,,0,uncategorized
dae020cr_merch_tailor,Jean Luc,da2,,,,0,uncategorized
dae020cr_merch_weapon,Korval,da2,,,,0,uncategorized
dae020ip_merch_weapon,Korval's Blades,da2,,,,0,uncategorized
dae021_bureaucrat_1,Bureaucrat,da2,,,,0,uncategorized
dae021_bureaucrat_2,Bureaucrat,da2,,,,0,uncategorized
dae021_guardsman_garol,Guardsman Garol,da2,,,,0,uncategorized
dae021_keep_guard_1,Keep Guard,da2,,,,0,uncategorized
dae021_keep_guard_2,Keep Guard,da2,,,,0,uncategorized
dae021_keep_guard_3,Keep Guard,da2,,,,0,uncategorized
dae021_keep_guard_4,Keep Guard,da2,,,,0,uncategorized
dae021_keep_maid,Keep Maid,da2,,,,0,uncategorized
dae021_keep_noble,Nobleman,da2,,,,0,uncategorized
dae021_keep_noble2,Nobleman,da2,,,,0,uncategorized
dae021_keep_noble3,Nobleman,da2,,,,0,uncategorized
dae021_keep_noblewoman,Noblewoman,da2,,,,0,uncategorized
dae021_keep_noblewoman1,Noblewoman,da2,,,,0,uncategorized
dae021_keep_noblewoman3,Noblewoman,da2,,,,0,uncategorized
dae021_keep_servant,Keep Servant,da2,,,,0,uncategorized
dae021_keep_servant_male,Keep Servant,da2,,,,0,uncategorized
dae021cr_chantry_initiate,Chantry Initiate,da2,,,,0,uncategorized
dae021cr_female_worshipper,Worshipper,da2,,,,0,uncategorized
dae021cr_male_worshipper,Worshipper,da2,,,,0,uncategorized
dae021cr_sister_colinda,Sister Colinda,da2,,,,0,uncategorized
dae021cr_sister_lorena,Sister Lorena,da2,,,,0,uncategorized
dae021cr_sister_samea,Sister Samea,da2,,,,0,uncategorized
dae030cr_fem_elf_sta,Elf,da2,,,,0,uncategorized
dae030cr_fem_fer_urchin,Urchin,da2,,,,0,uncategorized
dae030cr_lowlife_fem,Lowlife,da2,,,,0,uncategorized
dae030cr_lowlife_male,Lowlife,da2,,,,0,uncategorized
dae030cr_male_elf,Elf,da2,,,,0,uncategorized
dae030cr_male_fer_urchin,Urchin,da2,,,,0,uncategorized
dae030cr_male_fereldan,Fereldan,da2,,,,0,uncategorized
dae030cr_sickly_fereldan_m,Fereldan,da2,,,,0,uncategorized
dae100cr_bartrand,Bartrand,da2,,,,0,uncategorized
dae100cr_bran,Seneschal Bran,da2,,,,0,uncategorized
dae100cr_brothel_gamlen,Gamlen,da2,,,,0,uncategorized
dae100cr_gamlen,Gamlen,da2,,,,0,uncategorized
dae100cr_mother,Mother,da2,,,,0,uncategorized
dae100cr_solivitus,Solivitus,da2,,,,0,uncategorized
dae100cr_viscount,Viscount Dumar,da2,,,,0,uncategorized
dae100ip_at_to_aomcave,Runaways' Cavern,da2,,,,0,uncategorized
dae110ar_docks,The Docks,da2,,,,0,uncategorized
dae110ar_docks_nt,The Docks (Night),da2,,,,0,uncategorized
dae110ar_lowtown,Lowtown,da2,,,,0,uncategorized
dae110ar_lowtown_nt,Lowtown (Night),da2,,,,0,uncategorized
dae110cr_elf_f_01,Elven Female,da2,,,,0,uncategorized
dae110cr_human_f_01,Woman,da2,,,,0,uncategorized
dae110cr_human_m_01,Man,da2,,,,0,uncategorized
dae110cr_qunari_m_01,Qunari,da2,,,,0,uncategorized
dae110cr_refugee_f_01,Refugee,da2,,,,0,uncategorized
dae110cr_refugee_m_01,Refugee,da2,,,,0,uncategorized
dae110ip_at_and_shop,Lirene's Fereldan Imports,da2,,,,0,uncategorized
dae110ip_at_darktown,Darktown,da2,,,,0,uncategorized
dae110ip_at_docks,Docks,da2,,,,0,uncategorized
dae110ip_at_gallows,Gallows Courtyard,da2,,,,0,uncategorized
dae110ip_at_gamlenhouse,Gamlen's House,da2,,,,0,uncategorized
dae110ip_at_hh_house,Arthuris's Private Dock,da2,,,,0,uncategorized
dae110ip_at_hightown,Hightown,da2,,,,0,uncategorized
dae110ip_at_lowtown,Lowtown,da2,,,,0,uncategorized
dae110ip_at_mrl_home,Merrill's Home,da2,,,,0,uncategorized
dae110ip_at_tavern,The Hanged Man,da2,,,,0,uncategorized
dae110ip_at_to_trench_a,Disused Passage,da2,,,,0,uncategorized
dae110ip_at_to_trench_b,Disused Passage,da2,,,,0,uncategorized
dae110ip_at_ws_warehouse,Arthuris's Private Dock,da2,,,,0,uncategorized
dae110ip_store4,Shady Merchandise,da2,,,,0,uncategorized
dae110ip_store5,Black Market Goods,da2,,,,0,uncategorized
dae110ip_store_access,Trinkets Emporium,da2,,,,0,uncategorized
dae110ip_store_tailor,Apparel Shop,da2,,,,0,uncategorized
dae110ip_store_weapons,Weaponsmithy,da2,,,,0,uncategorized
dae111ar_gamlens_house_nt,Gamlen's House,da2,,,,0,uncategorized
dae111ar_tavern,The Hanged Man,da2,,,,0,uncategorized
dae111ar_tavern_nt,The Hanged Man,da2,,,,0,uncategorized
dae111ip_at_tavern_ltown,Lowtown,da2,,,,0,uncategorized
dae111ip_at_ws_lowtown,Lowtown,da2,,,,0,uncategorized
dae111ip_letter_desk,Writing Desk,da2,,,,0,uncategorized
dae120ar_hightown,Hightown,da2,,,,0,uncategorized
dae120ar_hightown_nt,Hightown (Night),da2,,,,0,uncategorized
dae120cr_hf_guard_1,City Guardsman,da2,,,,0,uncategorized
dae120cr_hf_mage_1,Mage,da2,,,,0,uncategorized
dae120cr_hm_guard_1,City Guardsman,da2,,,,0,uncategorized
dae120cr_hm_guard_2,City Guardsman,da2,,,,0,uncategorized
dae120cr_hm_guard_3,City Guardsman,da2,,,,0,uncategorized
dae120cr_hm_mage_1,Mage,da2,,,,0,uncategorized
dae120ip_at_brothel,The Blooming Rose,da2,,,,0,uncategorized
dae120ip_at_chantry,Chantry,da2,,,,0,uncategorized
dae120ip_at_keep,Viscount's Keep,da2,,,,0,uncategorized
dae120ip_at_store1,Corthwaite's Boutique,da2,,,,0,uncategorized
dae120ip_chant_board_ht,Chanter's Board,da2,,,,0,uncategorized
dae120ip_chant_board_ht_nt,Chanter's Board,da2,,,,0,uncategorized
dae121ar_brothel_nt,The Blooming Rose,da2,,,,0,uncategorized
dae121ar_chantry,The Chantry,da2,,,,0,uncategorized
dae121ar_keep,Viscount's Keep,da2,,,,0,uncategorized
dae121cr_sister_alema,Sister Alema,da2,,,,0,uncategorized
dae121ip_at_brothel_high,Hightown,da2,,,,0,uncategorized
dae121ip_at_cht_hightown,Hightown,da2,,,,0,uncategorized
dae121ip_at_keep_hightown,Hightown,da2,,,,0,uncategorized
dae121ip_office_door,Door,da2,,,,0,uncategorized
dae130ar_undercity_darktown,Darktown,da2,,,,0,uncategorized
dae130ip_at_darktown,Darktown,da2,,,,0,uncategorized
dae130ip_at_lowtown,Lowtown,da2,,,,0,uncategorized
dae130ip_at_to_sewers1,Dank Sewer,da2,,,,0,uncategorized
dae130ip_at_to_sewers2,Dank Sewer,da2,,,,0,uncategorized
dae130ip_at_undercity,Darktown,da2,,,,0,uncategorized
dae131ip_at_to_darktown,Darktown,da2,,,,0,uncategorized
dae131ip_at_to_darktown2,Darktown,da2,,,,0,uncategorized
dae140ar_bone_pit,The Bone Pit,da2,,,,0,uncategorized
dae150ar_sundermount,Sundermount,da2,,,,0,uncategorized
dae150ip_at_scaverns_a,Sundermount Passage,da2,,,,0,uncategorized
dae150ip_at_scaverns_b,Sundermount Passage,da2,,,,0,uncategorized
dae150ip_barrier,Barrier,da2,,,,0,uncategorized
dae150ip_barrier_pride,Barrier,da2,,,,0,uncategorized
dae150ip_loot_a,Sack,da2,,,,0,uncategorized
dae150ip_rockslide,Rockslide,da2,,,,0,uncategorized
dae151ar_mount_caverns,Sundermount Caverns,da2,,,,0,uncategorized
dae151ip_at_sundermount_a,Sundermount Base,da2,,,,0,uncategorized
dae151ip_at_sundermount_b,Mountain Graveyard,da2,,,,0,uncategorized
dae160ar_wounded_coast,The Wounded Coast,da2,,,,0,uncategorized
dae170ar_gallows,Gallows Courtyard,da2,,,,0,uncategorized
dae170ip_at_lowtown,Lowtown,da2,,,,0,uncategorized
dae170ip_at_templarhall,Templar's Hall,da2,,,,0,uncategorized
dae170ip_mage_store,Mage Goods,da2,,,,0,uncategorized
dae170ip_weapon_store,Weapons Shop,da2,,,,0,uncategorized
dae200cr_bodahn,Bodahn,da2,,,,0,uncategorized
dae200cr_bran,Seneschal Bran,da2,,,,0,uncategorized
dae200cr_brothel_gamlen,Gamlen,da2,,,,0,uncategorized
dae200cr_captain_wright,Captain Wright,da2,,,,0,uncategorized
dae200cr_cullen,Knight-Captain Cullen,da2,,,,0,uncategorized
dae200cr_gamlen,Gamlen,da2,,,,0,uncategorized
dae200cr_meredith,Meredith,da2,,,,0,uncategorized
dae200cr_mother,Mother,da2,,,,0,uncategorized
dae200cr_orsino,Orsino,da2,,,,0,uncategorized
dae200cr_saemus,Saemus,da2,,,,0,uncategorized
dae200cr_sandal,Sandal,da2,,,,0,uncategorized
dae200cr_solivitus,Solivitus,da2,,,,0,uncategorized
dae200cr_viscount,Viscount Dumar,da2,,,,0,uncategorized
dae210ar_docks,The Docks,da2,,,,0,uncategorized
dae210ar_docks_nt,The Docks (Night),da2,,,,0,uncategorized
dae210ar_lowtown,Lowtown,da2,,,,0,uncategorized
dae210ar_lowtown_nt,Lowtown (Night),da2,,,,0,uncategorized
dae210cr_elf_f_01,Elven Female,da2,,,,0,uncategorized
dae210cr_elf_m_01,Elven Man,da2,,,,0,uncategorized
dae210cr_gate_guard,Gate Guard,da2,,,,0,uncategorized
dae210cr_human_f_01,Woman,da2,,,,0,uncategorized
dae210cr_human_m_01,Man,da2,,,,0,uncategorized
dae210cr_qunari_guard,Qunari,da2,,,,0,uncategorized
dae210cr_qunari_m_01,Qunari,da2,,,,0,uncategorized
dae210ip_at_mrl_home,Merrill's Home,da2,,,,0,uncategorized
dae210ip_at_playerhouse,Hawke Estate,da2,,,,0,uncategorized
dae210ip_compound_gate,Qunari Compound,da2,,,,0,uncategorized
dae210ip_store4,Shady Merchandise,da2,,,,0,uncategorized
dae210ip_store5,Black Market Goods,da2,,,,0,uncategorized
dae210ip_store_access,Trinkets Emporium,da2,,,,0,uncategorized
dae210ip_store_tailor,Apparel Shop,da2,,,,0,uncategorized
dae210ip_store_weapons,Weaponsmithy,da2,,,,0,uncategorized
dae211ar_gamlens_house_nt,Gamlen's House,da2,,,,0,uncategorized
dae211ar_tavern,The Hanged Man,da2,,,,0,uncategorized
dae211ar_tavern_nt,The Hanged Man,da2,,,,0,uncategorized
dae211ip_at_gamlen_to_ltown,Lowtown,da2,,,,0,uncategorized
dae220ar_hightown,Hightown,da2,,,,0,uncategorized
dae220ar_hightown_nt,Hightown (Night),da2,,,,0,uncategorized
dae220ip_at_chantry,Chantry,da2,,,,0,uncategorized
dae220ip_at_keep,Viscount's Keep,da2,,,,0,uncategorized
dae220ip_at_lowtown,Lowtown,da2,,,,0,uncategorized
dae220ip_at_player_home,Hawke Estate,da2,,,,0,uncategorized
dae220ip_at_player_home_nt,Hawke Estate,da2,,,,0,uncategorized
dae220ip_chant_board_ht,Chanter's Board,da2,,,,0,uncategorized
dae221ar_brothel_nt,The Blooming Rose,da2,,,,0,uncategorized
dae221ar_chantry,The Chantry,da2,,,,0,uncategorized
dae221ar_keep,Viscount's Keep,da2,,,,0,uncategorized
dae221ar_player_home_nt,Hawke Estate,da2,,,,0,uncategorized
dae221cr_torelin,Torelin,da2,,,,0,uncategorized
dae221ip_at_brothel,The Blooming Rose,da2,,,,0,uncategorized
dae221ip_at_cht_htown,Hightown,da2,,,,0,uncategorized
dae221ip_at_keep_htown,Hightown,da2,,,,0,uncategorized
dae230ar_undercity_darktown,Darktown,da2,,,,0,uncategorized
dae230ip_at_to_sewers1,Dank Sewer,da2,,,,0,uncategorized
dae230ip_at_to_sewers2,Dank Sewer,da2,,,,0,uncategorized
dae231ip_at_to_darktown,Darktown,da2,,,,0,uncategorized
dae231ip_at_to_darktown2,Darktown,da2,,,,0,uncategorized
dae240ar_bone_pit,The Bone Pit,da2,,,,0,uncategorized
dae250ar_sundermount,Sundermount,da2,,,,0,uncategorized
dae250ip_at_scaverns_a,Sundermount Passage,da2,,,,0,uncategorized
dae250ip_at_scaverns_b,Sundermount Passage,da2,,,,0,uncategorized
dae251ar_mount_caverns,Sundermount Caverns,da2,,,,0,uncategorized
dae251ip_at_sundermount_a,Sundermount Base,da2,,,,0,uncategorized
dae251ip_at_sundermount_b,Mountain Graveyard,da2,,,,0,uncategorized
dae260ar_wounded_coast,The Wounded Coast,da2,,,,0,uncategorized
dae270ar_gallows,Gallows Courtyard,da2,,,,0,uncategorized
dae270ip_mage_store,Mage Goods,da2,,,,0,uncategorized
dae270ip_weapon_store,Weapon Shop,da2,,,,0,uncategorized
dae280ar_deep_roads,The Deep Roads,da2,,,,0,uncategorized
dae300cr_bodahn,Bodahn,da2,,,,0,uncategorized
dae300cr_bran,Seneschal Bran,da2,,,,0,uncategorized
dae300cr_brothel_gamlen,Gamlen,da2,,,,0,uncategorized
dae300cr_cullen,Knight-Captain Cullen,da2,,,,0,uncategorized
dae300cr_gamlen,Gamlen,da2,,,,0,uncategorized
dae300cr_meredith,Meredith,da2,,,,0,uncategorized
dae300cr_orsino,Orsino,da2,,,,0,uncategorized
dae300cr_solivitus,Solivitus,da2,,,,0,uncategorized
dae300cr_vashothlead,Maraas,da2,,,,0,uncategorized
dae300cr_viscount,Viscount Dumar,da2,,,,0,uncategorized
dae310ar_docks,The Docks,da2,,,,0,uncategorized
dae310ar_docks_nt,The Docks (Night),da2,,,,0,uncategorized
dae310ar_lowtown,Lowtown,da2,,,,0,uncategorized
dae310ar_lowtown_nt,Lowtown (Night),da2,,,,0,uncategorized
dae310cr_elf_f_01,Elven Female,da2,,,,0,uncategorized
dae310cr_elf_m_01,Elven Man,da2,,,,0,uncategorized
dae310cr_human_f_01,Woman,da2,,,,0,uncategorized
dae310cr_human_m_01,Man,da2,,,,0,uncategorized
dae310ip_at_bsc_warehouse,Warehouse,da2,,,,0,uncategorized
dae310ip_at_mrl_home,Merrill's Home,da2,,,,0,uncategorized
dae310ip_store4,Shady Merchandise,da2,,,,0,uncategorized
dae310ip_store5,Black Market Goods,da2,,,,0,uncategorized
dae310ip_store_access,Trinkets Emporium,da2,,,,0,uncategorized
dae310ip_store_tailor,Apparel Shop,da2,,,,0,uncategorized
dae310ip_store_weapons,Weaponsmithy,da2,,,,0,uncategorized
dae311ar_gamlens_house_nt,Gamlen's House,da2,,,,0,uncategorized
dae311ar_tavern,The Hanged Man,da2,,,,0,uncategorized
dae311ar_tavern_nt,The Hanged Man,da2,,,,0,uncategorized
dae311ip_at_lowtown,Lowtown,da2,,,,0,uncategorized
dae320ar_hightown,Hightown,da2,,,,0,uncategorized
dae320ar_hightown_nt,Hightown (Night),da2,,,,0,uncategorized
dae320ip_at_brothel,The Blooming Rose,da2,,,,0,uncategorized
dae320ip_at_chantry,Chantry,da2,,,,0,uncategorized
dae320ip_at_keep,Viscount's Keep,da2,,,,0,uncategorized
dae320ip_at_player_home,Hawke Estate,da2,,,,0,uncategorized
dae320ip_at_player_home_nt,Hawke Estate,da2,,,,0,uncategorized
dae320ip_chant_board_ht,Chanter's Board,da2,,,,0,uncategorized
dae320ip_chant_board_ht_nt,Chanter's Board,da2,,,,0,uncategorized
dae321ar_brothel_nt,The Blooming Rose,da2,,,,0,uncategorized
dae321ar_chantry,The Chantry,da2,,,,0,uncategorized
dae321ar_keep,Viscount's Keep,da2,,,,0,uncategorized
dae321ar_player_home_nt,Hawke Estate,da2,,,,0,uncategorized
dae321cr_petrice,Petrice,da2,,,,0,uncategorized
dae321ip_at_cht_htown,Hightown,da2,,,,0,uncategorized
dae321ip_at_keep_htown,Hightown,da2,,,,0,uncategorized
dae330ar_undercity_darktown,Darktown,da2,,,,0,uncategorized
dae340ar_bone_pit,The Bone Pit,da2,,,,0,uncategorized
dae350ar_sundermount,Sundermount,da2,,,,0,uncategorized
dae350ip_at_scaverns_a,Sundermount Passage,da2,,,,0,uncategorized
dae350ip_at_scaverns_b,Sundermount Passage,da2,,,,0,uncategorized
dae351ar_mount_caverns,Sundermount Caverns,da2,,,,0,uncategorized
dae351ip_at_sundermount_a,Sundermount Base,da2,,,,0,uncategorized
dae351ip_at_sundermount_b,Mountain Graveyard,da2,,,,0,uncategorized
dae360ar_wounded_coast,The Wounded Coast,da2,,,,0,uncategorized
dae370ar_gallows,Gallows Courtyard,da2,,,,0,uncategorized
dae370ip_at_templar,Templar Hall,da2,,,,0,uncategorized
dae370ip_mage_store,Mage Goods,da2,,,,0,uncategorized
dae370ip_weapon_store,Weapon Shop,da2,,,,0,uncategorized
dae380ar_deep_roads,The Deep Roads,da2,,,,0,uncategorized
dae421ar_player_home_nt,Hawke Estate,da2,,,,0,uncategorized
default_mage_female,Female Mage,da2,,,,0,uncategorized
default_mage_male,Male Mage,da2,,,,0,uncategorized
default_player,Garrett,da2,,,,0,uncategorized
default_rogue_female,Female Rogue,da2,,,,0,uncategorized
default_rogue_male,Male Rogue,da2,,,,0,uncategorized
default_warrior_female,Female Warrior,da2,,,,0,uncategorized
default_warrior_male,Male Warrior,da2,,,,0,uncategorized
demo_mage,Female Mage,da2,,,,0,uncategorized
demo_rogue,Female Rogue,da2,,,,0,uncategorized
demo_warrior,Female Warrior,da2,,,,0,uncategorized
dog321cr_closet_man,Man in the Closet,da2,,,,0,uncategorized
dre000cr_dougal,Dougal Gavorn,da2,,,,0,uncategorized
dre000cr_dougal_thugs,Carta Thug,da2,,,,0,uncategorized
dre100cr_blighted_carver,Carver,da2,,,,0,uncategorized
dre100cr_bodahn,Bodahn,da2,,,,0,uncategorized
dre100cr_dead_hurlock,Hurlock,da2,,,,0,uncategorized
dre100cr_dwarven_scout,Expedition Scout,da2,,,,0,uncategorized
dre100cr_frozen_ogre,Ogre,da2,,,,0,uncategorized
dre100cr_hireling_1,Expedition Hireling,da2,,,,0,uncategorized
dre100cr_hireling_2,Expedition Hireling,da2,,,,0,uncategorized
dre100cr_pickpocket,Pickpocket,da2,,,,0,uncategorized
dre100cr_sandal,Sandal,da2,,,,0,uncategorized
dre100cr_stroud,Stroud,da2,,,,0,uncategorized
dre100cr_warden_f,Grey Warden,da2,,,,0,uncategorized
dre100cr_warden_m,Grey Warden,da2,,,,0,uncategorized
dre180ar_deep_roads,The Deep Roads,da2,,,,0,uncategorized
dre180ar_keep_fake,Viscount's Keep,da2,,,,0,uncategorized
dre180ar_ruins_crypt,Ancient Crypt,da2,,,,0,uncategorized
dre180ar_ruins_entrance,Primeval Ruins,da2,,,,0,uncategorized
dre180cr_drake,Dragon,da2,,,,0,uncategorized
dre180cr_profane_vampire,Rock Wraith Abomination,da2,,,,0,uncategorized
dre180cr_rock_wraith,Ancient Rock Wraith,da2,,,,0,uncategorized
dre180cr_stone_golem_statue,Stone Golem,da2,,,,0,uncategorized
dre180ip_crypt_exit,Return to the Surface,da2,,,,0,uncategorized
dre180ip_crypt_treasure,Crypt Treasure,da2,,,,0,uncategorized
dre180ip_deep_roads_chest_1,Chest,da2,,,,0,uncategorized
dre180ip_deep_roads_chest_2,Chest,da2,,,,0,uncategorized
dre180ip_deep_roads_chest_3,Chest,da2,,,,0,uncategorized
dre180ip_deep_roads_chest_4,Chest,da2,,,,0,uncategorized
dre180ip_invisible_door,Primeval Thaig,da2,,,,0,uncategorized
dre180ip_locked_tomb_door,Primeval Thaig,da2,,,,0,uncategorized
dre180ip_lyrium_idol,Lyrium Idol,da2,,,,0,uncategorized
dre180ip_primeval_chest_1,Chest,da2,,,,0,uncategorized
dre180ip_primeval_chest_2,Chest,da2,,,,0,uncategorized
dre180ip_primeval_chest_3,Chest,da2,,,,0,uncategorized
dre180ip_primeval_door,Primeval Thaig,da2,,,,0,uncategorized
dre180ip_to_primeval_crypt,Primeval Thaig,da2,,,,0,uncategorized
dre200ar_dougal_encounter,Back Alley,da2,,,,0,uncategorized
drk050im_amgeforn_orb,Warm Orb,da2,,,https://dragonage.fandom.com/wiki/Warm_Orb,0,uncategorized
drk050ip_middle_gate_key,Compound Key,da2,,,,0,uncategorized
drk050ip_passage_gate_key,Passage Key,da2,,,,0,uncategorized
drk100ip_gate_key,Gate Key,da2,,,,0,uncategorized
drk600im_golem_parts_1,Golem Parts,da2,,,,0,uncategorized
drk600ip_golem_parts_2,Golem Parts,da2,,,,0,uncategorized
drk600ip_golem_parts_3,Golem Parts,da2,,,,0,uncategorized
drk600ip_golem_parts_4,Golem Parts,da2,,,,0,uncategorized
eye000im_edge_codex,Letter,da2,,,,0,uncategorized
eye100ip_moon_book,Book of the Lady,da2,,,,0,uncategorized
eye200im_caprice,Caprice,da2,,,,0,uncategorized
eye200im_key_interior,Key to Chateau Interior,da2,,,,0,uncategorized
eye200im_wine,Wine,da2,,,,0,uncategorized
eye200it_hawke_clothes,Hawke's Party Clothes,da2,,,,0,uncategorized
eye200it_tallis_clothes,Tallis' Party Clothes,da2,,,,0,uncategorized
eye300it_key_balcony,Balcony Key,da2,,,,0,uncategorized
eye300it_key_balcony_exit,Balcony Key,da2,,,,0,uncategorized
eye300it_tut_key,Key,da2,,,,0,uncategorized
eye301it_key1,Key,da2,,,,0,uncategorized
eye301it_key2,Key,da2,,,,0,uncategorized
eye400im_isabela_knife,Dagger of the Four Winds,da2,,,https://dragonage.fandom.com/wiki/Dagger_of_the_Four_Winds,0,uncategorized
eye400im_portcullis_key,Portcullis Key,da2,,,,0,uncategorized
eye400im_ring_du_lac,Du Lac Signet,da2,,,,0,uncategorized
eye_im_fla_tallis_01,Where the Heart Lies,da2,,,https://dragonage.fandom.com/wiki/Where_the_Heart_Lies,0,uncategorized
eye_im_flw_dua_tallis_01,Kathryn,da2,,,https://dragonage.fandom.com/wiki/Kathryn,0,uncategorized
eye_im_flw_dua_tallis_02,Thane,da2,,,https://dragonage.fandom.com/wiki/Thane,0,uncategorized
fake_im_flw_sta_bethany_03,Staff of the Blighted Heartwood,da2,,,,0,uncategorized
fake_mage_female,Female Mage,da2,,,,0,uncategorized
fake_mage_male,Male Mage,da2,,,,0,uncategorized
fake_rogue_female,Female Rogue,da2,,,,0,uncategorized
fake_rogue_male,Male Rogue,da2,,,,0,uncategorized
fake_warrior_female,Female Warrior,da2,,,,0,uncategorized
fake_warrior_male,Male Warrior,da2,,,,0,uncategorized
fen000ip_book_container,Sack,da2,,,,0,uncategorized
fen000ip_sword_container,Chest,da2,,,,0,uncategorized
fen110ar_abandoned_house,Abandoned House,da2,,,,0,uncategorized
fen110cr_anso,Anso the Contact,da2,,,,0,uncategorized
fen110cr_hunter,Tevinter Hunter,da2,,,,0,uncategorized
fen110cr_hunter_1,Tevinter Hunter,da2,,,,0,uncategorized
fen110cr_hunter_captain,Tevinter Hunter Captain,da2,,,,0,uncategorized
fen110ip_smuggler_chest,Smuggler's Cargo,da2,,,,0,uncategorized
fen110ip_to_alienage,Lowtown,da2,,,,0,uncategorized
fen110ip_to_hideout,Abandoned House,da2,,,,0,uncategorized
fen120ip_mansion_chest_1,Chest,da2,,,,0,uncategorized
fen120ip_mansion_chest_2,Chest,da2,,,,0,uncategorized
fen120ip_to_base,Fenris's Mansion,da2,,,,0,uncategorized
fen120ip_to_mansion,Danarius's Manor,da2,,,,0,uncategorized
fen121ar_base,Fenris's Mansion,da2,,,,0,uncategorized
fen121ar_mansion_nt,Danarius's Manor,da2,,,,0,uncategorized
fen121cr_shade,Rage Demon,da2,,,,0,uncategorized
fen121ip_locked_door,Door,da2,,,,0,uncategorized
fen121ip_to_hightown,Hightown,da2,,,,0,uncategorized
fen200ar_ambush_exterior,Outside Kirkwall,da2,,,,0,uncategorized
fen200ar_slaver_ambush2,Wrong Way,da2,,,,0,uncategorized
fen200ar_slavers_exterior,Holding Caves,da2,,,,0,uncategorized
fen200cr_hadriana,Magister Hadriana,da2,,,,0,uncategorized
fen200cr_orana,Orana,da2,,,,0,uncategorized
fen200cr_tev_hunter_1,Tevinter Hunter,da2,,,,0,uncategorized
fen200cr_tev_hunter_2,Tevinter Hunter,da2,,,,0,uncategorized
fen200cr_tev_slavermage_2,Tevinter Mage,da2,,,,0,uncategorized
fen200cr_tevinter_ambusher,Tevinter Mercenary,da2,,,,0,uncategorized
fen200cr_tevinter_magister,Tevinter Magister,da2,,,,0,uncategorized
fen200ip_exit_quest,World Map,da2,,,,0,uncategorized
fen200ip_second_ambush_exit,Holding Caves,da2,,,,0,uncategorized
fen200ip_slaver_chest_1,Chest,da2,,,,0,uncategorized
fen200ip_slaver_chest_2,Chest,da2,,,,0,uncategorized
fen200ip_slaver_chest_3,Chest,da2,,,,0,uncategorized
fen200ip_to_slaver_hideout,Abandoned Slaver Den,da2,,,,0,uncategorized
fen201ar_slavers_dungeon,Abandoned Slaver Den,da2,,,,0,uncategorized
fen201ip_blood_sacrafice,Blood Sacrifice,da2,,,,0,uncategorized
fen220ip_to_base,Fenris's Mansion,da2,,,,0,uncategorized
fen221ar_base,Fenris's Mansion,da2,,,,0,uncategorized
fen310ip_to_hanged_man,The Hanged Man,da2,,,,0,uncategorized
fen311ar_hanged_man,The Hanged Man,da2,,,,0,uncategorized
fen311cr_danarius,Danarius,da2,,,,0,uncategorized
fen311cr_patron_1,Patron,da2,,,,0,uncategorized
fen311cr_patron_2,Patron,da2,,,,0,uncategorized
fen311cr_patron_3,Patron,da2,,,,0,uncategorized
fen311cr_praescia,Varania,da2,,,,0,uncategorized
fen320ip_to_base,Fenris's Mansion,da2,,,,0,uncategorized
fen321ar_base,Fenris's Mansion,da2,,,,0,uncategorized
gen00fl_anders,Anders,da2,,,,0,uncategorized
gen00fl_aveline,Aveline,da2,,,,0,uncategorized
gen00fl_bethany,Bethany,da2,,,,0,uncategorized
gen00fl_carver,Carver,da2,,,,0,uncategorized
gen00fl_dog,Dog,da2,,,,0,uncategorized
gen00fl_fenris,Fenris,da2,,,,0,uncategorized
gen00fl_isabela,Isabela,da2,,,,0,uncategorized
gen00fl_justice,Justice,da2,,,,0,uncategorized
gen00fl_merrill,Merrill,da2,,,,0,uncategorized
gen00fl_sebastian,Sebastian,da2,,,,0,uncategorized
gen00fl_varric,Varric,da2,,,,0,uncategorized
gen_im_copper,Copper,da2,,,,0,uncategorized
gen_im_cut_arrow,TEMP: Cinematic Design Only,da2,,,,0,uncategorized
gen_im_cut_cross_bolt,TEMP: Cinematic Design Only,da2,,,,0,uncategorized
gen_im_cut_dagger,TEMP: Cinematic Design Only,da2,,,,0,uncategorized
gen_im_cut_isabella_dagger,Dagger,da2,,,,0,uncategorized
gen_im_cutscene_dagger,Dual Weapon Default,da2,,,,0,uncategorized
gen_im_home_clothing,Finery,da2,,,https://dragonage.fandom.com/wiki/Finery,0,uncategorized
gen_ip_bodybag,Corpse,da2,,,,0,uncategorized
gen_ip_sack,Sack,da2,,,,0,uncategorized
gencr_abomination,Abomination,da2,,,,0,uncategorized
gencr_apostate,Apostate Mage,da2,,,,0,uncategorized
gencr_arcane_horror,Arcane Horror,da2,,,,0,uncategorized
gencr_bloodmage,Blood Mage,da2,,,,0,uncategorized
gencr_bloodmage_f,Blood Mage,da2,,,,0,uncategorized
gencr_bronto,Bronto,da2,,,,0,uncategorized
gencr_carta_assassin,Carta Assassin,da2,,,,0,uncategorized
gencr_carta_thug,Carta Thug,da2,,,,0,uncategorized
gencr_circle_highmage,Enchanter,da2,,,,0,uncategorized
gencr_circle_mage,Circle Mage,da2,,,,0,uncategorized
gencr_circle_mage_f,Circle Mage,da2,,,,0,uncategorized
gencr_city_guard_2h,City Guardsman,da2,,,,0,uncategorized
gencr_city_guard_2h_f,City Guardsman,da2,,,,0,uncategorized
gencr_city_guard_archer,City Guardsman,da2,,,,0,uncategorized
gencr_city_guard_archer_f,City Guardsman,da2,,,,0,uncategorized
gencr_city_guard_commander,Guard Commander,da2,,,,0,uncategorized
gencr_city_guard_ws,City Guardsman,da2,,,,0,uncategorized
gencr_city_guard_ws_f,City Guardsman,da2,,,,0,uncategorized
gencr_corpse,Corpse,da2,,,,0,uncategorized
gencr_corpse_arc_onground,Skeleton Archer,da2,,,,0,uncategorized
gencr_corpse_archer,Skeleton Archer,da2,,,,0,uncategorized
gencr_corpse_onground,Corpse,da2,,,,0,uncategorized
gencr_coterie_alchemist,Coterie Alchemist,da2,,,,0,uncategorized
gencr_coterie_archer,Thug,da2,,,,0,uncategorized
gencr_coterie_archer_f,Thug,da2,,,,0,uncategorized
gencr_coterie_member,Coterie Rogue,da2,,,,0,uncategorized
gencr_coterie_thug_2h,Thug,da2,,,,0,uncategorized
gencr_coterie_thug_2h_f,Thug,da2,,,,0,uncategorized
gencr_coterie_thug_2w,Thug,da2,,,,0,uncategorized
gencr_coterie_thug_2w_f,Thug,da2,,,,0,uncategorized
gencr_coterie_thug_ws,Thug,da2,,,,0,uncategorized
gencr_coterie_thug_ws_f,Thug,da2,,,,0,uncategorized
gencr_dalish_archer,Dalish Archer,da2,,,,0,uncategorized
gencr_dalish_archer_f,Dalish Archer,da2,,,,0,uncategorized
gencr_dalish_assassin,Dalish Assassin,da2,,,,0,uncategorized
gencr_dalish_warrior_2h,Dalish Warrior,da2,,,,0,uncategorized
gencr_dalish_warrior_2h_f,Dalish Warrior,da2,,,,0,uncategorized
gencr_dalish_warrior_2w_f,Dalish Warrior,da2,,,,0,uncategorized
gencr_dalish_warrior_ws,Dalish Warrior,da2,,,,0,uncategorized
gencr_dalish_warrior_ws_f,Dalish Warrior,da2,,,,0,uncategorized
gencr_darkspawn_emissary,Darkspawn Emissary,da2,,,,0,uncategorized
gencr_darkspawn_emissary_tr,Emissary Apprentice,da2,,,,0,uncategorized
gencr_darkspawn_hurlock,Hurlock,da2,,,,0,uncategorized
gencr_darkspawn_hurlock_rng,Hurlock Bolter,da2,,,,0,uncategorized
gencr_darkspawn_hurlock_shd,Hurlock Grunt,da2,,,,0,uncategorized
gencr_darkspawn_ogre,Ogre,da2,,,,0,uncategorized
gencr_darkspawn_ogre_deepr,Ogre,da2,,,,0,uncategorized
gencr_decoy,Corpse,da2,,,,0,uncategorized
gencr_deepstalker,Deepstalker,da2,,,,0,uncategorized
gencr_desire_demon,Desire Demon,da2,,,,0,uncategorized
gencr_dragon,Dragon,da2,,,,0,uncategorized
gencr_dragonling,Dragonling,da2,,,,0,uncategorized
gencr_gate_guardian,Gate Guardian,da2,,,,0,uncategorized
gencr_gate_guardian_statue,Gate Guardian,da2,,,,0,uncategorized
gencr_gate_slave_crouching,Slave Statue,da2,,,,0,uncategorized
gencr_gate_slave_hanging,Slave Statue,da2,,,,0,uncategorized
gencr_gate_slave_l1,Slave Statue,da2,,,,0,uncategorized
gencr_gate_slave_l2,Slave Statue,da2,,,,0,uncategorized
gencr_gate_slave_l3,Slave Statue,da2,,,,0,uncategorized
gencr_gate_slave_l4,Slave Statue,da2,,,,0,uncategorized
gencr_gate_slave_l5,Slave Statue,da2,,,,0,uncategorized
gencr_gate_slave_r1,Slave Statue,da2,,,,0,uncategorized
gencr_gate_slave_r2,Slave Statue,da2,,,,0,uncategorized
gencr_gate_slave_r3,Slave Statue,da2,,,,0,uncategorized
gencr_gate_slave_r4,Slave Statue,da2,,,,0,uncategorized
gencr_gate_slave_r5,Slave Statue,da2,,,,0,uncategorized
gencr_harvester,Harvester,da2,,,,0,uncategorized
gencr_harvester_head,Harvester,da2,,,,0,uncategorized
gencr_high_dragon,High Dragon,da2,,,,0,uncategorized
gencr_high_dragon_flemeth,High Dragon,da2,,,,0,uncategorized
gencr_mabari,Mabari,da2,,,,0,uncategorized
gencr_mature_dragon,Mature Dragon,da2,,,,0,uncategorized
gencr_mercenary_archer,Mercenary Archer,da2,,,,0,uncategorized
gencr_mercenary_archer_f,Mercenary Archer,da2,,,,0,uncategorized
gencr_mercenary_assassin,Mercenary Assassin,da2,,,,0,uncategorized
gencr_mercenary_commander,Mercenary Commander,da2,,,,0,uncategorized
gencr_mercenary_warrior_2h,Mercenary,da2,,,,0,uncategorized
gencr_mercenary_warrior_2hf,Mercenary,da2,,,,0,uncategorized
gencr_mercenary_warrior_2w,Mercenary,da2,,,,0,uncategorized
gencr_mercenary_warrior_2wf,Mercenary,da2,,,,0,uncategorized
gencr_mercenary_warrior_ws,Mercenary,da2,,,,0,uncategorized
gencr_mercenary_warrior_wsf,Mercenary,da2,,,,0,uncategorized
gencr_pride_demon,Pride Demon,da2,,,,0,uncategorized
gencr_profane_a,Profane,da2,,,,0,uncategorized
gencr_profane_b,Profane,da2,,,,0,uncategorized
gencr_qunari_archer,Ashaad,da2,,,,0,uncategorized
gencr_qunari_arishock,Arishok,da2,,,,0,uncategorized
gencr_qunari_captain,Sten,da2,,,,0,uncategorized
gencr_qunari_maskless_thral,Saarebas,da2,,,,0,uncategorized
gencr_qunari_thrall_mage,Saarebas,da2,,,,0,uncategorized
gencr_qunari_warrior,Karashok,da2,,,,0,uncategorized
gencr_rage_demon,Rage Demon,da2,,,,0,uncategorized
gencr_raider_2w,Raider,da2,,,,0,uncategorized
gencr_raider_2w_f,Raider,da2,,,,0,uncategorized
gencr_raider_archer,Raider Archer,da2,,,,0,uncategorized
gencr_raider_archer_f,Raider Archer,da2,,,,0,uncategorized
gencr_raider_assassin,Raider Assassin,da2,,,,0,uncategorized
gencr_raider_reaver,Raider Reaver,da2,,,,0,uncategorized
gencr_raider_reaver_f,Raider Reaver,da2,,,,0,uncategorized
gencr_raider_ws,Raider,da2,,,,0,uncategorized
gencr_raider_ws_f,Raider,da2,,,,0,uncategorized
gencr_revenant,Revenant,da2,,,,0,uncategorized
gencr_rock_wraith,Ancient Rock Wraith,da2,,,,0,uncategorized
gencr_rubble_golem_a,Profane,da2,,,,0,uncategorized
gencr_rubble_golem_b,Profane,da2,,,,0,uncategorized
gencr_shade,Shade,da2,,,,0,uncategorized
gencr_slaver_2h,Slaver,da2,,,,0,uncategorized
gencr_slaver_2h_f,Slaver,da2,,,,0,uncategorized
gencr_slaver_2w,Slaver,da2,,,,0,uncategorized
gencr_slaver_2w_f,Slaver,da2,,,,0,uncategorized
gencr_slaver_mage,Slaver Mage,da2,,,,0,uncategorized
gencr_slaver_ws,Slaver,da2,,,,0,uncategorized
gencr_slaver_ws_f,Slaver,da2,,,,0,uncategorized
gencr_spider_corrupted,Corrupted Spider,da2,,,,0,uncategorized
gencr_spider_deeproads,Monstrous Spider,da2,,,,0,uncategorized
gencr_spider_giant,Giant Spider,da2,,,,0,uncategorized
gencr_spider_monstrous,Monstrous Spider,da2,,,,0,uncategorized
gencr_stone_golem,Stone Golem,da2,,,,0,uncategorized
gencr_stone_golem_statue,Stone Golem,da2,,,,0,uncategorized
gencr_street_thug_2h,Street Thug,da2,,,,0,uncategorized
gencr_street_thug_2h_f,Street Thug,da2,,,,0,uncategorized
gencr_street_thug_2w,Street Thug,da2,,,,0,uncategorized
gencr_street_thug_2w_f,Street Thug,da2,,,,0,uncategorized
gencr_strider,Varterral,da2,,,,0,uncategorized
gencr_talvashoth_archer,Tal-Vashoth,da2,,,,0,uncategorized
gencr_talvashoth_captain,Tal-Vashoth Officer,da2,,,,0,uncategorized
gencr_talvashoth_mage,Tal-Vashoth Saarebas,da2,,,,0,uncategorized
gencr_talvashoth_warrior,Tal-Vashoth,da2,,,,0,uncategorized
gencr_templar,Templar,da2,,,,0,uncategorized
gencr_templar_archer,Templar Archer,da2,,,,0,uncategorized
gencr_templar_archer_f,Templar Archer,da2,,,,0,uncategorized
gencr_templar_captain,Templar Lieutenant,da2,,,,0,uncategorized
gencr_templar_f,Templar,da2,,,,0,uncategorized
gencr_templar_hunter,Templar Hunter,da2,,,,0,uncategorized
gencr_templar_meredith,Meredith,da2,,,,0,uncategorized
gencr_trap_explosives_1,Explosives,da2,,,,0,uncategorized
gencr_trap_explosives_2,Explosives,da2,,,,0,uncategorized
gencr_trap_explosives_3,Explosives,da2,,,,0,uncategorized
gencr_trap_explosives_4,Explosives,da2,,,,0,uncategorized
gencr_virvle_mage_f,Mage,da2,,,,0,uncategorized
gencr_virvle_mage_m,Mage,da2,,,,0,uncategorized
genip_altar,Altar,da2,,,,0,uncategorized
genip_armoire,Armoire,da2,,,,0,uncategorized
genip_ballista,Ballista,da2,,,,0,uncategorized
genip_barrel,Barrel,da2,,,,0,uncategorized
genip_bear_trap,Bear Trap,da2,,,,0,uncategorized
genip_bedroll,Bedroll,da2,,,,0,uncategorized
genip_blocker_wide_info,Barrier,da2,,,,0,uncategorized
genip_bones_pile_1,Pile of Bones,da2,,,,0,uncategorized
genip_bones_pile_2,Pile of Bones,da2,,,,0,uncategorized
genip_bones_pile_3,Pile of Bones,da2,,,,0,uncategorized
genip_book_1,Book,da2,,,,0,uncategorized
genip_book_2,Book,da2,,,,0,uncategorized
genip_bookshelf,Bookshelf,da2,,,,0,uncategorized
genip_bottle,Bottle,da2,,,,0,uncategorized
genip_bucket,Bucket,da2,,,,0,uncategorized
genip_cage,Cage,da2,,,,0,uncategorized
genip_candle,Candle,da2,,,,0,uncategorized
genip_candles,Candles,da2,,,,0,uncategorized
genip_chest_fancy,Chest,da2,,,,0,uncategorized
genip_chest_normal1,Chest,da2,,,,0,uncategorized
genip_chest_normal2,Chest,da2,,,,0,uncategorized
genip_cleaning_brush,Cleaning Brush,da2,,,,0,uncategorized
genip_control_rod,Control Rod,da2,,,,0,uncategorized
genip_corpse1,Corpse,da2,,,,0,uncategorized
genip_corpse2,Corpse,da2,,,,0,uncategorized
genip_corpse3,Corpse,da2,,,,0,uncategorized
genip_cot,Cot,da2,,,,0,uncategorized
genip_crate,Crate,da2,,,,0,uncategorized
genip_crate_1,Crate,da2,,,,0,uncategorized
genip_crate_2,Crate,da2,,,,0,uncategorized
genip_crate_3,Crate,da2,,,,0,uncategorized
genip_cup,Cup,da2,,,,0,uncategorized
genip_dagger,Dagger,da2,,,,0,uncategorized
genip_door_black,Door,da2,,,,0,uncategorized
genip_door_cave,Door,da2,,,,0,uncategorized
genip_door_dwarven_normal,Door,da2,,,,0,uncategorized
genip_door_gallowin_normal,Door,da2,,,,0,uncategorized
genip_door_highin_chantry,Door,da2,,,,0,uncategorized
genip_door_highin_keep,Door,da2,,,,0,uncategorized
genip_door_highin_normal,Door,da2,,,,0,uncategorized
genip_door_highxt_gate,Gate,da2,,,,0,uncategorized
genip_door_lowin_industrial,Door,da2,,,,0,uncategorized
genip_door_lowin_residence,Door,da2,,,,0,uncategorized
genip_door_lowxt_gate,Gate,da2,,,,0,uncategorized
genip_enchantments,Enchantment Apparatus,da2,,,,0,uncategorized
genip_exploding_barrel,Barrel,da2,,,,0,uncategorized
genip_flower,Flower,da2,,,,0,uncategorized
genip_hammer,Hammer,da2,,,,0,uncategorized
genip_inkwell,Ink Well,da2,,,,0,uncategorized
genip_jug,Jug,da2,,,,0,uncategorized
genip_ladder,Ladder,da2,,,,0,uncategorized
genip_lever,Lever,da2,,,,0,uncategorized
genip_mallet,Mallet,da2,,,,0,uncategorized
genip_mug,Mug,da2,,,,0,uncategorized
genip_node_a1,Bitter Elfroot,da2,,,,0,uncategorized
genip_node_a2,Gossamer Elfroot,da2,,,,0,uncategorized
genip_node_a3,Royal Elfroot,da2,,,,0,uncategorized
genip_node_b1,Common Spindleweed,da2,,,,0,uncategorized
genip_node_b2,Dwarf's Spindleweed,da2,,,,0,uncategorized
genip_node_c1,Salubrious Embrium,da2,,,,0,uncategorized
genip_node_c2,Dark Embrium,da2,,,,0,uncategorized
genip_node_d1,Ambrosia,da2,,,,0,uncategorized
genip_node_e1,Blightcap Mushroom,da2,,,,0,uncategorized
genip_node_e2,Ghoul's Mushroom,da2,,,,0,uncategorized
genip_node_e3,Brimstone Mushroom,da2,,,,0,uncategorized
genip_node_f1,Arcanist Deathroot,da2,,,,0,uncategorized
genip_node_f2,Lunatic's Deathroot,da2,,,,0,uncategorized
genip_node_g1,Volatile Glitterdust,da2,,,,0,uncategorized
genip_node_g2,Tainted Glitterdust,da2,,,,0,uncategorized
genip_node_h1,Felandaris,da2,,,,0,uncategorized
genip_node_i1,Refined Lyrium,da2,,,,0,uncategorized
genip_node_i2,Raw Lyrium,da2,,,,0,uncategorized
genip_node_i3,Corrupted Lyrium,da2,,,,0,uncategorized
genip_node_j1,Silverite Ore,da2,,,,0,uncategorized
genip_node_j2,Pale Silverite,da2,,,,0,uncategorized
genip_node_k1,Deep Orichalcum,da2,,,,0,uncategorized
genip_node_k2,Crystalline Orichalcum,da2,,,,0,uncategorized
genip_node_l1,Dragon's Blood,da2,,,,0,uncategorized
genip_party_storage,Storage,da2,,,,0,uncategorized
genip_pickaxe,Pickaxe,da2,,,,0,uncategorized
genip_pp_cav_one_shot,Trap,da2,,,,0,uncategorized
genip_pp_cav_standing,Release Trap,da2,,,,0,uncategorized
genip_pp_cav_sustained,Sustained Trap,da2,,,,0,uncategorized
genip_pp_dr_one_shot,Trap,da2,,,,0,uncategorized
genip_pp_dr_standing,Release Trap,da2,,,,0,uncategorized
genip_pp_dr_sustained,Sustained Trap,da2,,,,0,uncategorized
genip_pp_drk_one_shot,Trap,da2,,,,0,uncategorized
genip_pp_drk_standing,Release Trap,da2,,,,0,uncategorized
genip_pp_drk_sustained,Sustained Trap,da2,,,,0,uncategorized
genip_pp_gle_one_shot,Trap,da2,,,,0,uncategorized
genip_pp_gle_standing,Release Trap,da2,,,,0,uncategorized
genip_pp_gle_sustained,Sustained Trap,da2,,,,0,uncategorized
genip_pp_gli_one_shot,Trap,da2,,,,0,uncategorized
genip_pp_gli_standing,Release Trap,da2,,,,0,uncategorized
genip_pp_gli_sustained,Sustained Trap,da2,,,,0,uncategorized
genip_pp_hl_one_shot,Trap,da2,,,,0,uncategorized
genip_pp_hl_standing,Release Trap,da2,,,,0,uncategorized
genip_pp_hl_sustained,Sustained Trap,da2,,,,0,uncategorized
genip_pp_hte_one_shot,Trap,da2,,,,0,uncategorized
genip_pp_hte_standing,Release Trap,da2,,,,0,uncategorized
genip_pp_hte_sustained,Sustained Trap,da2,,,,0,uncategorized
genip_pp_hti_one_shot,Trap,da2,,,,0,uncategorized
genip_pp_hti_standing,Release Trap,da2,,,,0,uncategorized
genip_pp_hti_sustained,Sustained Trap,da2,,,,0,uncategorized
genip_pp_lte_one_shot,Trap,da2,,,,0,uncategorized
genip_pp_lte_standing,Release Trap,da2,,,,0,uncategorized
genip_pp_lte_sustained,Sustained Trap,da2,,,,0,uncategorized
genip_pp_lti_one_shot,Trap,da2,,,,0,uncategorized
genip_pp_lti_standing,Release Trap,da2,,,,0,uncategorized
genip_pp_lti_sustained,Sustained Trap,da2,,,,0,uncategorized
genip_quill_pen,Quill Pen,da2,,,,0,uncategorized
genip_rubble,Rubble,da2,,,,0,uncategorized
genip_sarcophagous,Sarcophagus,da2,,,,0,uncategorized
genip_spittoon,Spittoon,da2,,,,0,uncategorized
genip_station_potions,Order Potions,da2,,,,0,uncategorized
genip_station_runes,Order Runes,da2,,,,0,uncategorized
genip_store_sacks,Bodahn's Goods,da2,,,,0,uncategorized
genip_table,Table,da2,,,,0,uncategorized
genip_trap_arm_lever,Arming Switch,da2,,,,0,uncategorized
genip_trap_blade,Blade Trap,da2,,,,0,uncategorized
genip_trap_bolt,Bolt Trap,da2,,,,0,uncategorized
genip_trap_door,Trap Door,da2,,,,0,uncategorized
genip_trap_fire_jet_long,Fire Jet,da2,,,,0,uncategorized
genip_trap_fire_jet_short,Fire Jet,da2,,,,0,uncategorized
genip_trap_firecone,Fire Trap,da2,,,,0,uncategorized
genip_trap_gas,Gas Trap,da2,,,,0,uncategorized
genip_trap_leghold,Leghold Trap,da2,,,,0,uncategorized
genip_trap_lever,Disarming Switch,da2,,,,0,uncategorized
genip_trap_spike,Spike Trap,da2,,,,0,uncategorized
genip_trap_vert_fire_jet,Vertical Fire Trap,da2,,,,0,uncategorized
genip_trap_web,Entangling Web,da2,,,,0,uncategorized
genip_tray,Tray,da2,,,,0,uncategorized
genip_treasure_pile,Treasure Pile,da2,,,,0,uncategorized
genip_vase,Vase,da2,,,,0,uncategorized
genip_vial_of_blood,Vial of Blood,da2,,,,0,uncategorized
genip_wine_bottle,Bottle of Wine,da2,,,,0,uncategorized
isa000ip_bottle_container,Chest,da2,,,,0,uncategorized
isa000ip_talisman_container,Storage,da2,,,,0,uncategorized
isa111cr_lucky,Lucky,da2,,,,0,uncategorized
isa111cr_thug_1,Archer,da2,,,,0,uncategorized
isa111cr_thug_2,Raider,da2,,,,0,uncategorized
isa120cr_letter_thug,Raider Ambusher,da2,,,,0,uncategorized
isa120ip_at_chantry,The Chantry,da2,,,,0,uncategorized
isa121ar_chantry,The Chantry,da2,,,,0,uncategorized
isa121cr_hayder,Hayder,da2,,,,0,uncategorized
isa121cr_hayder_henchman,Raider,da2,,,,0,uncategorized
isa200cr_badpoet,Bad Poet,da2,,,,0,uncategorized
isa200cr_tevinter_highmage,Tevinter Enchanter,da2,,,,0,uncategorized
isa200cr_tevinter_mage,Tevinter Mage,da2,,,,0,uncategorized
isa210ip_at_foundry,Lost-End Foundry,da2,,,,0,uncategorized
isa211_qunari_ambusher2,Qunari Warrior,da2,,,,0,uncategorized
isa211ar_foundry,Lost-End Foundry,da2,,,,0,uncategorized
isa211cr_walleyedsam,Wall-Eyed Sam,da2,,,,0,uncategorized
isa300ip_document_chest,Chest,da2,,,,0,uncategorized
isa300ip_office_door,Door,da2,,,,0,uncategorized
isa300ip_trail_marker,Isabela's Trail,da2,,,,0,uncategorized
isa300ip_warehouse_exit,Castillon's Landing,da2,,,,0,uncategorized
isa310ip_to_warehouse,Castillon's Landing,da2,,,,0,uncategorized
isa311ar_castillon_base,Castillon's Landing,da2,,,,0,uncategorized
isa311cr_castillon,Castillon,da2,,,,0,uncategorized
isa321cr_sabina,Sabina,da2,,,,0,uncategorized
isa321cr_velasco,Velasco,da2,,,,0,uncategorized
isa321ip_brothel_door,Door,da2,,,,0,uncategorized
lgt000_invis_plc,Generic Invisible Placeable,da2,,,,0,uncategorized
lgt000cr_aspire,Arcane Horror,da2,,,,0,uncategorized
lgt000cr_baz_ant_ass1,Antivan Assassin,da2,,,,0,uncategorized
lgt000cr_baz_car_loy,Carta Loyalist,da2,,,,0,uncategorized
lgt000cr_baz_den_rev,Denerim Avenger,da2,,,,0,uncategorized
lgt000cr_baz_den_rev2,Denerim Avenger,da2,,,,0,uncategorized
lgt000cr_baz_qun_ds,Qunari Death Squad,da2,,,,0,uncategorized
lgt000cr_baz_riv_leg,Rivaini Legendary Beard,da2,,,,0,uncategorized
lgt000cr_baz_sketch,Sketch,da2,,,,0,uncategorized
lgt000cr_beacon,Beacon,da2,,,,0,uncategorized
lgt000cr_bysmor,Bysmor,da2,,,,0,uncategorized
lgt000cr_crazed_loner,Crazed Loner,da2,,,,0,uncategorized
lgt000cr_dwf_turn_in_1,Waxler,da2,,,,0,uncategorized
lgt000cr_dwf_turn_in_2,Impeccable Bulf,da2,,,,0,uncategorized
lgt000cr_dwf_turn_in_3,Arintal the Lesser,da2,,,,0,uncategorized
lgt000cr_dwf_turn_in_4,New Surfacer,da2,,,,0,uncategorized
lgt000cr_dwf_turn_in_5,Whiskey Master,da2,,,,0,uncategorized
lgt000cr_dwf_turn_in_6,Traditionalist Envoy,da2,,,,0,uncategorized
lgt000cr_elf_turn_in_1,Eb Silsam,da2,,,,0,uncategorized
lgt000cr_elf_turn_in_2,Faj,da2,,,,0,uncategorized
lgt000cr_elf_turn_in_3,Elven Vintner,da2,,,,0,uncategorized
lgt000cr_elf_turn_in_6,Elven Radicalist,da2,,,,0,uncategorized
lgt000cr_epic_merchant_1,Nexus Golem,da2,,,,0,uncategorized
lgt000cr_epic_merchant_2,Juck Tugust,da2,,,,0,uncategorized
lgt000cr_epic_merchant_3,Bonny Lem,da2,,,,0,uncategorized
lgt000cr_epic_merchant_4,Magus Tavarin Hall,da2,,,,0,uncategorized
lgt000cr_foreshadow,Arl Foreshadow,da2,,,,0,uncategorized
lgt000cr_gifre,Gifre,da2,,,,0,uncategorized
lgt000cr_hate_apostate,Apostate,da2,,,,0,uncategorized
lgt000cr_hate_blood,Blood Mage,da2,,,,0,uncategorized
lgt000cr_hate_carta,Carta Thug,da2,,,,0,uncategorized
lgt000cr_hate_conspirator,Conspirator,da2,,,,0,uncategorized
lgt000cr_hate_dalish,Dalish Elf,da2,,,,0,uncategorized
lgt000cr_hate_demon,Demon,da2,,,,0,uncategorized
lgt000cr_hate_extremist,Anti-Qunari Extremist,da2,,,,0,uncategorized
lgt000cr_hate_gen_bandits,Bandit,da2,,,,0,uncategorized
lgt000cr_hate_gen_challenge,Head Hunter,da2,,,,0,uncategorized
lgt000cr_hate_gen_racist,Angry Kirkwaller,da2,,,,0,uncategorized
lgt000cr_hate_gen_thug,Thug,da2,,,,0,uncategorized
lgt000cr_hate_guards,Captain Jeven Loyalist,da2,,,,0,uncategorized
lgt000cr_hate_guild,Coterie Thug,da2,,,,0,uncategorized
lgt000cr_hate_isabelathug,Hired Thug,da2,,,,0,uncategorized
lgt000cr_hate_qunari,Tal-Vashoth Mercenary,da2,,,,0,uncategorized
lgt000cr_hate_raider,Raider,da2,,,,0,uncategorized
lgt000cr_hate_slaver,Slaver,da2,,,,0,uncategorized
lgt000cr_hate_templar,Rogue Templar,da2,,,,0,uncategorized
lgt000cr_hate_tevinter,Tevinter Bounty Hunter,da2,,,,0,uncategorized
lgt000cr_hate_thugs,Thug,da2,,,,0,uncategorized
lgt000cr_hybris,Hybris,da2,,,,0,uncategorized
lgt000cr_kirk_turn_in_1,Sareth Talwain,da2,,,,0,uncategorized
lgt000cr_kirk_turn_in_2,Sister Phylias,da2,,,,0,uncategorized
lgt000cr_kirk_turn_in_3,Mais Dalesdottir,da2,,,,0,uncategorized
lgt000cr_kirk_turn_in_4,Guardsman Eustice,da2,,,,0,uncategorized
lgt000cr_kirk_turn_in_6,Agnes Vorse de Soliere,da2,,,,0,uncategorized
lgt000cr_mage_turn_in_1,Azure Jamos,da2,,,,0,uncategorized
lgt000cr_mage_turn_in_2,Bonwald,da2,,,,0,uncategorized
lgt000cr_mage_turn_in_3,Dalian Shaw,da2,,,,0,uncategorized
lgt000cr_mage_turn_in_4,Record Keeper Teryn,da2,,,,0,uncategorized
lgt000cr_mage_turn_in_5,Bolund the Amateur Annalist,da2,,,,0,uncategorized
lgt000cr_mage_turn_in_6,"""East-Wise"" Gerralt",da2,,,,0,uncategorized
lgt000cr_medan,Medan,da2,,,,0,uncategorized
lgt000cr_merch_turn_in_4,Brother Plinth the Archivist,da2,,,,0,uncategorized
lgt000cr_merch_turn_in_6,Ship Spotter,da2,,,,0,uncategorized
lgt000cr_mystery_friend,A Friend,da2,,,,0,uncategorized
lgt000cr_sketch,Sketch,da2,,,,0,uncategorized
lgt000ip_ancient_stone_door,Ancient Stone Door,da2,,,,0,uncategorized
lgt000ip_ancient_stone_key,Ancient Stone Key,da2,,,,0,uncategorized
lgt000ip_at_hybris,Hidden Lair,da2,,,,0,uncategorized
lgt000ip_black_vial,Black Vial,da2,,,,0,uncategorized
lgt000ip_bones_disturb1,Corpse,da2,,,,0,uncategorized
lgt000ip_finger_sack,Bag of Bones,da2,,,,0,uncategorized
lgt000ip_grimoire_sack,Sack,da2,,,,0,uncategorized
lgt000ip_hat_sack,Sack,da2,,,,0,uncategorized
lgt000ip_knife_sack,Sack,da2,,,,0,uncategorized
lgt000ip_landmark,Mysterious Note,da2,,,,0,uncategorized
lgt000ip_map_crate,Crate,da2,,,,0,uncategorized
lgt000ip_old_locked_crate,Old Locked Crate,da2,,,,0,uncategorized
lgt000ip_pommel_sack,Sack,da2,,,,0,uncategorized
lgt000ip_ragged_manifest,Ragged Manifest,da2,,,,0,uncategorized
lgt000ip_redblossom_crate,Crate,da2,,,,0,uncategorized
lgt000ip_rusty_market_key,Rusty Market Key,da2,,,,0,uncategorized
lgt000ip_safe_crate,Very Safe Crate,da2,,,,0,uncategorized
lgt000ip_seal_crate,Crate,da2,,,,0,uncategorized
lgt000ip_show_world_map,Leave Area,da2,,,,0,uncategorized
lgt000ip_store_epic1_2,Magnus's Wares,da2,,,,0,uncategorized
lgt000ip_store_epic1_3,Magnus's Wares,da2,,,,0,uncategorized
lgt000ip_store_epic2_1,Bonny Lem's Wares,da2,,,,0,uncategorized
lgt000ip_store_epic2_2,Bonny Lem's Wares,da2,,,,0,uncategorized
lgt000ip_store_epic2_3,Bonny Lem's Wares,da2,,,,0,uncategorized
lgt000ip_store_epic3_2,Nexus Golem's Wares,da2,,,,0,uncategorized
lgt000ip_store_epic3_3,Nexus Golem's Wares,da2,,,,0,uncategorized
lgt000ip_talwain_crate,Crate,da2,,,,0,uncategorized
lgt000ip_toe_crate,Crate,da2,,,,0,uncategorized
lgt000ip_tombs_scroll,Mysterious Scroll,da2,,,,0,uncategorized
lgt000ip_tombs_seal,Metal Remnant,da2,,,,0,uncategorized
lgt000ip_ultra_bottledscar,Bottled Scar 5:34 Exalted,da2,,,,0,uncategorized
lgt000ip_ultra_dwf_remains,"""Bearded Beast"" Arintal's Remains",da2,,,,0,uncategorized
lgt000ip_ultra_elf_remains,"""Half-Braid"" Silsam's Remains",da2,,,,0,uncategorized
lgt000ip_ultra_hm_remains,Sister Plinth's Remains,da2,,,,0,uncategorized
lgt000ip_ultra_hoop,Lyrium-Laced Bilge Hoop,da2,,,,0,uncategorized
lgt000ip_ultra_mage_remains,"""South-Song"" Gerralt's Corpse",da2,,,,0,uncategorized
lgt000ip_ultra_tome,Locks of the Golden Fool,da2,,,,0,uncategorized
lgt000ip_ultra_treatise,Caste Treatise,da2,,,,0,uncategorized
lgt000ip_who_she_bookshelf,Wither Nug Storm,da2,,,,0,uncategorized
lgt000ip_who_she_torn_page,Torn Page,da2,,,,0,uncategorized
lgt100cr_captain_qerth,"""Captain"" Qerth",da2,,,,0,uncategorized
lgt100cr_gang_1_docks,Redwater Raider,da2,,,,0,uncategorized
lgt100cr_gang_1_ht,Guardsman Pretender,da2,,,,0,uncategorized
lgt100cr_gang_1_lt,Sharps Highwayman,da2,,,,0,uncategorized
lgt100cr_gang_2_docks,Redwater Raider,da2,,,,0,uncategorized
lgt100cr_gang_2_ht,Guardsman Pretender,da2,,,,0,uncategorized
lgt100cr_gang_2_lt,Sharps Highwayman,da2,,,,0,uncategorized
lgt100cr_gang_3_docks,Redwater Raider,da2,,,,0,uncategorized
lgt100cr_gang_3_ht,Guardsman Pretender,da2,,,,0,uncategorized
lgt100cr_gang_3_lt,Sharps Highwayman,da2,,,,0,uncategorized
lgt100cr_gang_4_docks,Redwater Raider,da2,,,,0,uncategorized
lgt100cr_ignacio_strand,Ignacio Strand,da2,,,,0,uncategorized
lgt100cr_leech,Leech,da2,,,,0,uncategorized
lgt101cr_mag_escp_terrie,Terrie,da2,,,,0,uncategorized
lgt110ar_gang_hideout_d,Warehouse,da2,,,,0,uncategorized
lgt110ar_gang_hideout_ht,The Barracks,da2,,,,0,uncategorized
lgt110ar_gang_hideout_lt,Hovel,da2,,,,0,uncategorized
lgt110cr_arl_bann_teagan,Teagan,da2,,,,0,uncategorized
lgt110cr_arl_connor,Connor,da2,,,,0,uncategorized
lgt110cr_arl_templar_accost,Templar Lieutenant,da2,,,,0,uncategorized
lgt110cr_coa_captain_1,Ship Captain,da2,,,,0,uncategorized
lgt110cr_coa_captain_2,Ship Captain,da2,,,,0,uncategorized
lgt110cr_coa_kirk_guard,Corrupt Guard,da2,,,,0,uncategorized
lgt110cr_coa_kirk_rep,Kirkwall Official,da2,,,,0,uncategorized
lgt110cr_coa_sailor,Sailor,da2,,,,0,uncategorized
lgt110cr_coa_sailor2,Mercenary Archer,da2,,,,0,uncategorized
lgt110cr_gxa_coa_spy,Suspicious Lady,da2,,,,0,uncategorized
lgt110cr_gxa_vgk_cnspr_1,Amaranthine Conspirator,da2,,,,0,uncategorized
lgt110cr_gxa_vgk_cnspr_2,Amaranthine Conspirator,da2,,,,0,uncategorized
lgt110cr_gxa_vgk_cnspr_3,Amaranthine Conspirator,da2,,,,0,uncategorized
lgt110cr_gxa_vgk_cnspr_4,Amaranthine Conspirator,da2,,,,0,uncategorized
lgt110cr_gxa_vgk_slvr_or_gd,Guard,da2,,,,0,uncategorized
lgt110cr_gxa_vgk_slvr_order,Sergeant Joanna,da2,,,,0,uncategorized
lgt110cr_orz_harrow_carta,Carta Lieutenant,da2,,,,0,uncategorized
lgt110cr_orz_harrow_guard,Dwarven Bodyguard,da2,,,,0,uncategorized
lgt110cr_orz_harrowmont,Lord Renvil Harrowmont,da2,,,,0,uncategorized
lgt110cr_urn_barker,Salesman,da2,,,,0,uncategorized
lgt110cr_urn_con_leader,Swindler,da2,,,,0,uncategorized
lgt110cr_urn_guard,Sergeant Melindra,da2,,,,0,uncategorized
lgt110cr_urn_shill,Sick Commoner,da2,,,,0,uncategorized
lgt110ip_at_docks_nt,Docks,da2,,,,0,uncategorized
lgt110ip_at_gang_hideout_d,Warehouse,da2,,,,0,uncategorized
lgt110ip_at_gang_hideout_lt,Hovel,da2,,,,0,uncategorized
lgt111ar_rand_sewer_1_nt,Disused Passage,da2,,,,0,uncategorized
lgt111cr_alistair_drunk,Alistair,da2,,,,0,uncategorized
lgt120cr_bhelen_supp_ass,Bhelen Supporter,da2,,,,0,uncategorized
lgt120cr_bhelen_supp_war,Bhelen Supporter,da2,,,,0,uncategorized
lgt120cr_orz_bln_messenger,Messenger,da2,,,,0,uncategorized
lgt120cr_orz_bln_official,Ser Ivhan,da2,,,,0,uncategorized
lgt120cr_orz_bln_servant,Servant,da2,,,,0,uncategorized
lgt120cr_orz_bln_traitor,Bhelen Supporter,da2,,,,0,uncategorized
lgt120cr_traitor,Bhelen Supporter,da2,,,,0,uncategorized
lgt120ip_at_gang_hideout_ht,"The ""Barracks""",da2,,,,0,uncategorized
lgt150cr_nat_were_dalish_gd,Dalish Hunter,da2,,,,0,uncategorized
lgt150cr_nat_were_supporter,Clara,da2,,,,0,uncategorized
lgt150ip_ntb_wr_ing_chest,Ingredient Chest,da2,,,,0,uncategorized
lgt150ip_ntb_wr_ing_chest_1,Ingredient Chest,da2,,,,0,uncategorized
lgt150ip_ntb_wr_ing_chest_2,Ingredient Chest,da2,,,,0,uncategorized
lgt150ip_ntb_wr_ing_chest_3,Ingredient Chest,da2,,,,0,uncategorized
lgt150ip_rand_1,Misty Cavern,da2,,,,0,uncategorized
lgt150ip_rand_2,Gloomy Caves,da2,,,,0,uncategorized
lgt150ip_rand_3,Darkened Cavern,da2,,,,0,uncategorized
lgt151ip_sundermount,Sundermount,da2,,,,0,uncategorized
lgt160cr_ntb_elf_dalish,Dalish Assassin,da2,,,,0,uncategorized
lgt160cr_ntb_elf_human,Traveling Merchant,da2,,,,0,uncategorized
lgt160cr_ntb_elf_werewolf,Fereldan Refugee,da2,,,,0,uncategorized
lgt160cr_wk_avern_archer,Bandit Archer,da2,,,,0,uncategorized
lgt160cr_wk_avern_archer_f,Bandit Archer,da2,,,,0,uncategorized
lgt160cr_wk_avern_bandit,Bandit,da2,,,,0,uncategorized
lgt160cr_wk_avern_bandit_f,Bandit,da2,,,,0,uncategorized
lgt160cr_wk_avern_messenger,Dead Messenger,da2,,,,0,uncategorized
lgt160cr_wk_soph_cultist,Strange Hunter,da2,,,,0,uncategorized
lgt160cr_wk_soph_hunter,Hunter,da2,,,,0,uncategorized
lgt160cr_wk_soph_sophia,Sophia Dryden,da2,,,,0,uncategorized
lgt160ip_wk_avern_deaddrop,Dead Drop,da2,,,,0,uncategorized
lgt160ip_wk_avern_messenger,Dead Messenger,da2,,,,0,uncategorized
lgt160ip_wk_soph_fake_soph,Sophia Dryden,da2,,,,0,uncategorized
lgt200cr_cor_blimey,"Cor ""The Bastard"" Blimey",da2,,,,0,uncategorized
lgt200cr_gang_1_docks,Undercut Thrifter,da2,,,,0,uncategorized
lgt200cr_gang_1_ht,Invisible Sister,da2,,,,0,uncategorized
lgt200cr_gang_1_lt,Dog Lord,da2,,,,0,uncategorized
lgt200cr_gang_2_docks,Undercut Thrifter,da2,,,,0,uncategorized
lgt200cr_gang_2_ht,Invisible Sister,da2,,,,0,uncategorized
lgt200cr_gang_2_lt,Dog Lord,da2,,,,0,uncategorized
lgt200cr_gang_3_ht,Invisible Sister,da2,,,,0,uncategorized
lgt200cr_gracious_gillian,"""Gracious"" Gillian Winger",da2,,,,0,uncategorized
lgt200cr_kanky_hammertoe,"""Kanky"" Hammertoe",da2,,,,0,uncategorized
lgt200cr_pride_abomination,Pride Abomination,da2,,,,0,uncategorized
lgt200ip_eau_tome01,Evil Tome,da2,,,,0,uncategorized
lgt200ip_eau_tome02,Evil Tome,da2,,,,0,uncategorized
lgt200ip_eau_tome03,Evil Tome,da2,,,,0,uncategorized
lgt200ip_eau_tome04,Evil Tome,da2,,,,0,uncategorized
lgt200ip_eau_tome05,Evil Tome,da2,,,,0,uncategorized
lgt210ar_gang_hideout_d,Run Down Alley,da2,,,,0,uncategorized
lgt210cr_debt_thug1,Hoodlum,da2,,,,0,uncategorized
lgt210cr_debt_thug2,Hooligan,da2,,,,0,uncategorized
lgt210cr_eau_keran_father,Keran's Father,da2,,,,0,uncategorized
lgt210cr_eau_margitte,Templar Recruit Margitte,da2,,,,0,uncategorized
lgt210cr_eau_senestra,Senestra,da2,,,,0,uncategorized
lgt210cr_eau_thug3,Cutthroat,da2,,,,0,uncategorized
lgt210cr_mag_escp_rescued,Captured Apostate,da2,,,,0,uncategorized
lgt210cr_magu_selby,Mistress Selby,da2,,,,0,uncategorized
lgt210cr_qun_blk_qunari,Qunari,da2,,,,0,uncategorized
lgt210cr_shp_kill_qunari1,Qunari,da2,,,,0,uncategorized
lgt210cr_shp_kill_qunari2,Qunari,da2,,,,0,uncategorized
lgt210cr_shp_kill_qunari3,Qunari,da2,,,,0,uncategorized
lgt210ip_ingredient1,First Ingredient,da2,,,,0,uncategorized
lgt210ip_ingredient2,Second Ingredient,da2,,,,0,uncategorized
lgt210ip_ingredient3,Third Ingredient,da2,,,,0,uncategorized
lgt210ip_ingredient4,Fourth Ingredient,da2,,,,0,uncategorized
lgt210ip_selby_board,Mistress Selby's Board,da2,,,,0,uncategorized
lgt211ar_gang_hideout_lt,Decrepit Alley,da2,,,,0,uncategorized
lgt211ar_rand_sewer_1_nt,Disused Passage,da2,,,,0,uncategorized
lgt211cr_alistair_drunk,Alistair,da2,,,,0,uncategorized
lgt220ar_gang_hideout_ht,Suspicious House,da2,,,,0,uncategorized
lgt220cr_mag_apost_apost1,Jake the Black,da2,,,,0,uncategorized
lgt220cr_mag_apost_apost2,Innley of Starkhaven,da2,,,,0,uncategorized
lgt220cr_mag_apost_apost3,Heborah de Soliere,da2,,,,0,uncategorized
lgt220cr_mag_templar,Templar,da2,,,,0,uncategorized
lgt220cr_mag_tmplr_archer,Templar Archer,da2,,,,0,uncategorized
lgt220cr_mag_tmplr_captain,Templar Lieutenant,da2,,,,0,uncategorized
lgt220cr_mag_tmplr_hunt,Templar Hunter,da2,,,,0,uncategorized
lgt220cr_shp_mag_bofort,Bofort,da2,,,,0,uncategorized
lgt220cr_shp_mag_devrona,Tate,da2,,,,0,uncategorized
lgt220cr_shp_mag_guard,Private Venelle,da2,,,,0,uncategorized
lgt220cr_shp_mag_tate,Tate,da2,,,,0,uncategorized
lgt220cr_shp_mag_victim,Ser Danvil Laurie,da2,,,,0,uncategorized
lgt220ip_shp_mag_bofort,Ser Bofort,da2,,,,0,uncategorized
lgt220ip_shp_mag_devrona,Devrona,da2,,,,0,uncategorized
lgt220ip_shp_mag_tate,Smart Tate,da2,,,,0,uncategorized
lgt230ip_at_tomecave,Evil Pit,da2,,,,0,uncategorized
lgt231cr_lyrium_smuggler,Dwarf Mercenary,da2,,,,0,uncategorized
lgt231ip_at_darktown,Darktown,da2,,,,0,uncategorized
lgt240ip_at_tomecave,Cave,da2,,,,0,uncategorized
lgt241ip_at_bonepit,The Bone Pit,da2,,,,0,uncategorized
lgt250cr_way_dalish_hunter,Dalish Hunter,da2,,,,0,uncategorized
lgt250cr_way_dalish_templar,Templar,da2,,,,0,uncategorized
lgt250ip_at_tomecave,Recently Opened Passage,da2,,,,0,uncategorized
lgt251cr_bancroft,Bancroft,da2,,,,0,uncategorized
lgt251cr_stone_golem,Stone Golem,da2,,,,0,uncategorized
lgt251ip_at_sundermount,Sundermount,da2,,,,0,uncategorized
lgt251ip_chest_disturbed,Chest,da2,,,,0,uncategorized
lgt251ip_door_trap1,Door,da2,,,,0,uncategorized
lgt260cr_eau_asst_harbor,Harbormaster's Assistant,da2,,,,0,uncategorized
lgt260cr_eau_official,Kirkwall Bureaucrat,da2,,,,0,uncategorized
lgt260cr_eau_templar_capt,Templar Lieutenant,da2,,,,0,uncategorized
lgt260cr_eau_tmp_angelique,Angelique,da2,,,,0,uncategorized
lgt260cr_eau_tmp_conrad,Ser Conrad,da2,,,,0,uncategorized
lgt260cr_eau_tmp_dockworker,Dockworker,da2,,,,0,uncategorized
lgt260cr_eau_tmp_flowergirl,Flower Girl,da2,,,,0,uncategorized
lgt260cr_eau_tmp_roderick,Ser Roderick,da2,,,,0,uncategorized
lgt260cr_eau_tmp_terrell,Ser Terrell,da2,,,,0,uncategorized
lgt260cr_way_apostate_1,Apostate,da2,,,,0,uncategorized
lgt260cr_way_apostate_2,Apostate,da2,,,,0,uncategorized
lgt260cr_way_bloodmage_1,Blood Mage,da2,,,,0,uncategorized
lgt260cr_way_bloodmage_lead,Blood Mage Controller,da2,,,,0,uncategorized
lgt260cr_way_mage2,Blood Mage Hypnotist,da2,,,,0,uncategorized
lgt260cr_way_merc_1,Mercenary,da2,,,,0,uncategorized
lgt260cr_way_merc_2,Mercenary,da2,,,,0,uncategorized
lgt260cr_way_merc_3,Mercenary,da2,,,,0,uncategorized
lgt260cr_way_merc_lead,Mercenary Captain,da2,,,,0,uncategorized
lgt260cr_way_merc_lead2,Mercenary Officer,da2,,,,0,uncategorized
lgt260ip_at_to_rescuecave,Bounty Hunter Getaway,da2,,,,0,uncategorized
lgt260ip_at_tomecave,Dank Cave,da2,,,,0,uncategorized
lgt261ar_rescue_cave,Bounty Hunter Getaway,da2,,,,0,uncategorized
lgt261cr_archer,Bounty Hunter,da2,,,,0,uncategorized
lgt261cr_rogue,Bounty Hunter Assassin,da2,,,,0,uncategorized
lgt261cr_rogue2,Bounty Hunter Commander,da2,,,,0,uncategorized
lgt261cr_thug,Bounty Hunter,da2,,,,0,uncategorized
lgt261ip_at_coast,Wounded Coast,da2,,,,0,uncategorized
lgt261ip_at_to_coast,Wounded Coast,da2,,,,0,uncategorized
lgt261ip_treasure,Pile of Treasure,da2,,,,0,uncategorized
lgt261ip_treasure_pile,Pile of Treasure,da2,,,,0,uncategorized
lgt270ip_eau_docks_scroll,Delivery Order,da2,,,,0,uncategorized
lgt300cr_gang_1_docks,Slave Hunter,da2,,,,0,uncategorized
lgt300cr_gang_1_ht,Bloodrager,da2,,,,0,uncategorized
lgt300cr_gang_1_lt,Follower of She,da2,,,,0,uncategorized
lgt300cr_gang_2_docks,Slave Hunter,da2,,,,0,uncategorized
lgt300cr_gang_2_ht,Bloodrager,da2,,,,0,uncategorized
lgt300cr_gang_2_lt,Follower of She,da2,,,,0,uncategorized
lgt300cr_gang_3_docks,Slave Hunter,da2,,,,0,uncategorized
lgt300cr_gang_3_ht,Bloodrager Thrall,da2,,,,0,uncategorized
lgt300cr_gang_3_lt,Follower of She,da2,,,,0,uncategorized
lgt300cr_gang_4_ht,Bloodrager Thrall,da2,,,,0,uncategorized
lgt300cr_gang_4_lt,Follower of She,da2,,,,0,uncategorized
lgt300cr_gang_5_ht,Bloodrager Thrall,da2,,,,0,uncategorized
lgt300cr_hanker,Hanker,da2,,,,0,uncategorized
lgt300cr_jakeson_hall,"Jakeson ""The Bleeder"" Hall",da2,,,,0,uncategorized
lgt300cr_jess_varvel,"Jess ""Leashmaster"" Varvel",da2,,,,0,uncategorized
lgt310cr_mag_grigor,Grigor,da2,,,,0,uncategorized
lgt310cr_mag_melson,Melson,da2,,,,0,uncategorized
lgt310cr_mag_melson_guard1,Melson's Guard,da2,,,,0,uncategorized
lgt310cr_mag_melson_guard2,Melson's Guard,da2,,,,0,uncategorized
lgt310cr_mag_ors_informant,Informant,da2,,,,0,uncategorized
lgt310cr_mis_burn_murder1,Street Thug,da2,,,,0,uncategorized
lgt310cr_mis_burn_murder2,Street Thug,da2,,,,0,uncategorized
lgt310cr_mis_burn_rival_thu,Street Thug,da2,,,,0,uncategorized
lgt310cr_shw_ors_inform_tmp,Informant,da2,,,,0,uncategorized
lgt310cr_shw_ors_informant,Ser Edgert the Hound,da2,,,,0,uncategorized
lgt310ip_at_bandit_alley,Run Down Alley,da2,,,,0,uncategorized
lgt310ip_body_1,Dead Body,da2,,,,0,uncategorized
lgt310ip_body_2,Dead Body,da2,,,,0,uncategorized
lgt310ip_body_3,Dead Body,da2,,,,0,uncategorized
lgt310ip_body_4,Dead Body,da2,,,,0,uncategorized
lgt310ip_drop_zone_1,Dispose of Body,da2,,,,0,uncategorized
lgt310ip_drop_zone_2,Dispose of Body,da2,,,,0,uncategorized
lgt310ip_drop_zone_3,Dispose of Body,da2,,,,0,uncategorized
lgt310ip_drop_zone_4,Dispose of Body,da2,,,,0,uncategorized
lgt310ip_stones,Tie Stone to Dead Body,da2,,,,0,uncategorized
lgt311ar_gang_hideout,Run Down Alley,da2,,,,0,uncategorized
lgt311ar_gang_hideout_lt,Decrepit Alley,da2,,,,0,uncategorized
lgt311ar_rand_sewer_1_nt,Disused Passage,da2,,,,0,uncategorized
lgt311cr_shw_mer_agatha,Ser Agatha,da2,,,,0,uncategorized
lgt311cr_shw_mer_intro,Barmaid,da2,,,,0,uncategorized
lgt311cr_shw_mer_mettin,Ser Mettin,da2,,,,0,uncategorized
lgt311ip_at_bandit_alley_lt,Decrepit Alley,da2,,,,0,uncategorized
lgt320ar_gang_hideout_ht,Suspicious House,da2,,,,0,uncategorized
lgt320cr_mis_resp_swordhntr,Taarbas,da2,,,,0,uncategorized
lgt320cr_shw_ors_black_op,Ser Mettin,da2,,,,0,uncategorized
lgt320cr_shw_ors_marlein,Ser Marlein Selbrech,da2,,,,0,uncategorized
lgt320cr_shw_ors_scrt_nob,Ser Theodore of Wildervale,da2,,,,0,uncategorized
lgt320cr_shw_ors_scrt_thug,Thug,da2,,,,0,uncategorized
lgt320cr_shw_ors_sympathize,Mage Sympathizer,da2,,,,0,uncategorized
lgt320ip_at_gang_hideout_ht,Suspicious House,da2,,,,0,uncategorized
lgt321cr_alistair_king,King Alistair,da2,,,,0,uncategorized
lgt321cr_teagan,Teagan,da2,,,,0,uncategorized
lgt321cr_templar,Templar,da2,,,,0,uncategorized
lgt330ip_shw_mer_to_sewer,Hidden Sewer,da2,,,,0,uncategorized
lgt330ip_shw_ors_to_spl_dpt,Hidden Supply Depot,da2,,,,0,uncategorized
lgt331ar_hybris,Hidden Dungeon,da2,,,,0,uncategorized
lgt331ar_shw_bloodmage,Hidden Sewer,da2,,,,0,uncategorized
lgt331ar_supply_depot,Hidden Supply Depot,da2,,,,0,uncategorized
lgt331cr_shw_bmage_lead1,Blood Mage Leader,da2,,,,0,uncategorized
lgt331ip_at_darktown,Darktown,da2,,,,0,uncategorized
lgt331ip_codex_note,Note,da2,,,,0,uncategorized
lgt331ip_shw_mer_to_dtown,Darktown,da2,,,,0,uncategorized
lgt351ar_rand_1,Hidden Dungeon,da2,,,,0,uncategorized
lgt351ar_shw_finale_cave,Blood Mage Refuge,da2,,,,0,uncategorized
lgt351cr_shw_mer_sympathize,Mage Sympathizer,da2,,,,0,uncategorized
lgt351ip_disarm_door,Door,da2,,,,0,uncategorized
lgt351ip_shw_mer_at_smount,Sundermount,da2,,,,0,uncategorized
lgt351ip_shw_mer_to_bmage,Blood Mage Base,da2,,,,0,uncategorized
lgt360cr_mag_bandit_leader,Bandit Leader,da2,,,,0,uncategorized
lgt360cr_mag_orlanna,Orlanna,da2,,,,0,uncategorized
lgtcr_dalish_archer,Outcast Dalish Archer,da2,,,,0,uncategorized
lgtcr_dalish_assassin,Outcast Dalish Assassin,da2,,,,0,uncategorized
lgtcr_dalish_warrior,Outcast Dalish Warrior,da2,,,,0,uncategorized
lgtcr_revenant_1,Revenant,da2,,,,0,uncategorized
mag000im_bethany_gift,A Private Memento,da2,,,https://dragonage.fandom.com/wiki/A_Private_Memento,0,uncategorized
mag000im_bethany_gift_2,Grandmother Amell's Wedding Band,da2,,,https://dragonage.fandom.com/wiki/Grandmother_Amell%27s_Wedding_Band,0,uncategorized
mag000im_merrill_gift,The Inner Eye,da2,,,https://dragonage.fandom.com/wiki/The_Inner_Eye,0,uncategorized
mag000im_merrill_gift_2,Sylaise's Favor,da2,,,https://dragonage.fandom.com/wiki/Sylaise%27s_Favor,0,uncategorized
mag100ar_eau_road,Wilmod's Camp,da2,,,,0,uncategorized
mag100ar_encounter,Wounded Coast Approach,da2,,,,0,uncategorized
mag100cr_cullen,Knight-Captain Cullen,da2,,,,0,uncategorized
mag100cr_karras,Ser Karras,da2,,,,0,uncategorized
mag100cr_templar,Templar,da2,,,,0,uncategorized
mag100cr_templar2,Templar,da2,,,,0,uncategorized
mag100cr_templar3,Templar Archer,da2,,,,0,uncategorized
mag100cr_templar4,Templar Hunter,da2,,,,0,uncategorized
mag100cr_thrask,Thrask,da2,,,,0,uncategorized
mag100cr_wilmod,Templar Recruit Wilmod,da2,,,,0,uncategorized
mag100cr_wilmod_demon,Wilmod,da2,,,,0,uncategorized
mag100im_mage_boots,The Long Trek,da2,,,https://dragonage.fandom.com/wiki/The_Long_Trek,0,uncategorized
mag100im_mage_chest,The Fugitive's Mantle,da2,,,https://dragonage.fandom.com/wiki/The_Fugitive%27s_Mantle,0,uncategorized
mag100im_mage_helm,The Fugitive's Crown,da2,,,https://dragonage.fandom.com/wiki/The_Fugitive%27s_Crown,0,uncategorized
mag100im_mage_staff,Malcolm's Honor,da2,,,https://dragonage.fandom.com/wiki/Malcolm%27s_Honor,0,uncategorized
mag100ip_bones_1,Bones,da2,,,,0,uncategorized
mag100ip_corpse_1,Corpse,da2,,,,0,uncategorized
mag100ip_gravestone,Gravestone,da2,,,,0,uncategorized
mag101ar_caverns,Runaways' Cavern,da2,,,,0,uncategorized
mag101cr_alain,Alain,da2,,,,0,uncategorized
mag101cr_apostate,Apostate,da2,,,,0,uncategorized
mag101cr_apostate2,Apostate,da2,,,,0,uncategorized
mag101cr_decimus,Decimus,da2,,,,0,uncategorized
mag101cr_grace,Grace,da2,,,,0,uncategorized
mag101ip_at_mag100ar_enc,Wounded Coast Approach,da2,,,,0,uncategorized
mag110cr_abomination,Abomination,da2,,,,0,uncategorized
mag110cr_arianni,Arianni,da2,,,,0,uncategorized
mag110cr_guardsman,Guard,da2,,,,0,uncategorized
mag110cr_guardsman2,Guard,da2,,,,0,uncategorized
mag110cr_pre_abomination,Captured Mage,da2,,,,0,uncategorized
mag110cr_sailor_1,Captain Reiner,da2,,,,0,uncategorized
mag110cr_sailor_2,Sailor,da2,,,,0,uncategorized
mag110cr_sailor_3,Marine,da2,,,,0,uncategorized
mag110cr_sailor_4,Sailor,da2,,,,0,uncategorized
mag110cr_sailor_5,Enforcer,da2,,,,0,uncategorized
mag110cr_samson,Samson,da2,,,,0,uncategorized
mag110cr_vincento,Vincento,da2,,,,0,uncategorized
mag110ip_store_arthuris,Arcane Shop,da2,,,,0,uncategorized
mag110ip_vincento_store,Vincento's Northern Merchandise,da2,,,,0,uncategorized
mag111ar_warehouse,Arthuris's Private Dock,da2,,,,0,uncategorized
mag111ip_backroom_door1,Door,da2,,,,0,uncategorized
mag111ip_backroom_door2,Door,da2,,,,0,uncategorized
mag111ip_hh_at_lowtown,Docks,da2,,,,0,uncategorized
mag111ip_ws_chest,Chest,da2,,,,0,uncategorized
mag120cr_brothelguard,City Guardsman,da2,,,,0,uncategorized
mag120cr_macha,Macha,da2,,,,0,uncategorized
mag120cr_templar_1,Templar,da2,,,,0,uncategorized
mag121cr_idunna,Idunna,da2,,,,0,uncategorized
mag121cr_idunna_stunt,Idunna,da2,,,,0,uncategorized
mag121cr_viveka,Viveka,da2,,,,0,uncategorized
mag121ip_corthwaite_store,Corthwaite's Boutique,da2,,,,0,uncategorized
mag121ip_idunna_clue01,Documents,da2,,,,0,uncategorized
mag121ip_idunna_door,Door,da2,,,,0,uncategorized
mag130cr_danzig,Danzig,da2,,,,0,uncategorized
mag130cr_slaver,Slaver,da2,,,,0,uncategorized
mag130cr_slaver2,Slaver,da2,,,,0,uncategorized
mag130cr_slaver3,Slaver Archer,da2,,,,0,uncategorized
mag130cr_slaver_listener,Slaver,da2,,,,0,uncategorized
mag130cr_slaver_mage,Slaver Mage,da2,,,,0,uncategorized
mag130ip_at_eau_mages,Sanctuary,da2,,,,0,uncategorized
mag131ar_bloodmages,Sanctuary,da2,,,,0,uncategorized
mag131cr_bloodmage,Blood Mage,da2,,,,0,uncategorized
mag131cr_bloodmage2,Blood Mage,da2,,,,0,uncategorized
mag131cr_bloodmage3,Blood Mage,da2,,,,0,uncategorized
mag131cr_keran,Keran,da2,,,,0,uncategorized
mag131cr_keran_civ,Keran,da2,,,,0,uncategorized
mag131cr_keran_templar,Keran,da2,,,,0,uncategorized
mag131cr_taraneh,Tarohne,da2,,,,0,uncategorized
mag131ip_at_undercity,Darktown,da2,,,,0,uncategorized
mag131ip_loot_corpse_1,Corpse,da2,,,,0,uncategorized
mag131ip_loot_corpse_2,Corpse,da2,,,,0,uncategorized
mag160cr_feynriel,Feynriel,da2,,,,0,uncategorized
mag160cr_slaver,Slaver,da2,,,,0,uncategorized
mag160cr_slaver_mage,Slaver Mage,da2,,,,0,uncategorized
mag160cr_varian_ilithis,Varian Ilithis,da2,,,,0,uncategorized
mag160ip_at_to_ws_cave,Slaver Caverns,da2,,,,0,uncategorized
mag161ar_cave,Slaver Caverns,da2,,,,0,uncategorized
mag161ip_at_to_coast,Wounded Coast,da2,,,,0,uncategorized
mag161ip_loot_1,Chest,da2,,,,0,uncategorized
mag170cr_hugh,Templar Recruit Hugh,da2,,,,0,uncategorized
mag170cr_recruit01,Templar Recruit Paxley,da2,,,,0,uncategorized
mag170cr_recruit02,Templar Recruit Ruvena,da2,,,,0,uncategorized
mag170cr_thrask,Thrask,da2,,,,0,uncategorized
mag200cr_feynriel,Feynriel,da2,,,,0,uncategorized
mag200im_mage_boots,The Long Trek,da2,,,https://dragonage.fandom.com/wiki/The_Long_Trek,0,uncategorized
mag200im_mage_chest,The Fugitive's Mantle,da2,,,https://dragonage.fandom.com/wiki/The_Fugitive%27s_Mantle,0,uncategorized
mag200im_mage_helm,The Fugitive's Crown,da2,,,https://dragonage.fandom.com/wiki/The_Fugitive%27s_Crown,0,uncategorized
mag200im_mage_staff,Malcolm's Honor,da2,,,https://dragonage.fandom.com/wiki/Malcolm%27s_Honor,0,uncategorized
mag200ip_corpse_1,Corpse,da2,,,,0,uncategorized
mag210cr_arianni,Arianni,da2,,,,0,uncategorized
mag210cr_feynriel_abominat,Feynriel,da2,,,,0,uncategorized
mag210ip_store_arthuris,Arcane Shop,da2,,,,0,uncategorized
mag211ar_ariannis_house,Arianni's House,da2,,,,0,uncategorized
mag221ip_corthwaite_store,Corthwaite's Boutique,da2,,,,0,uncategorized
mag230cr_evelina,Evelina,da2,,,,0,uncategorized
mag270cr_hugh,Templar Hugh,da2,,,,0,uncategorized
mag270cr_recruit01,Templar Paxley,da2,,,,0,uncategorized
mag270cr_recruit02,Templar Ruvena,da2,,,,0,uncategorized
mag291ar_gallows_templar_fd,Templar Hall,da2,,,,0,uncategorized
mag291cr_caress,Caress,da2,,,,0,uncategorized
mag291cr_crowd_elf_1,Ghostly Elf,da2,,,,0,uncategorized
mag291cr_crowd_elf_2,Ghostly Elf,da2,,,,0,uncategorized
mag291cr_crowd_elf_3,Ghostly Elf,da2,,,,0,uncategorized
mag291cr_crowd_elf_4,Ghostly Elf,da2,,,,0,uncategorized
mag291cr_crowd_elf_5,Ghostly Elf,da2,,,,0,uncategorized
mag291cr_torpor,Torpor,da2,,,,0,uncategorized
mag291cr_vincento,Vincento,da2,,,,0,uncategorized
mag291cr_wesley,Wesley,da2,,,,0,uncategorized
mag291cr_wryme,Wryme,da2,,,,0,uncategorized
mag291cr_young_feynriel,Young Feynriel,da2,,,,0,uncategorized
mag291ip_barrel,Barrel,da2,,,,0,uncategorized
mag291ip_book,Book,da2,,,,0,uncategorized
mag291ip_chest,Chest,da2,,,,0,uncategorized
mag291ip_folly,Feynriel's Folly,da2,,,,0,uncategorized
mag291ip_lever,Lever,da2,,,,0,uncategorized
mag291ip_to_caress,Feynriel's Desires,da2,,,,0,uncategorized
mag291ip_to_wryme,Feynriel's Pride,da2,,,,0,uncategorized
mag300im_mage_chest,Malcolm's Bequest,da2,,,https://dragonage.fandom.com/wiki/Malcolm%27s_Bequest,0,uncategorized
mag300im_mage_helm,The Apostate's Mask,da2,,,https://dragonage.fandom.com/wiki/The_Apostate%27s_Mask,0,uncategorized
mag300im_mage_staff,Malcolm's Honor,da2,,,https://dragonage.fandom.com/wiki/Malcolm%27s_Honor,0,uncategorized
mag310cr_controlled_1,Dominated Worker,da2,,,,0,uncategorized
mag310cr_controlled_2,Dominated Fighter,da2,,,,0,uncategorized
mag310cr_controlled_3,Dominated Fighter,da2,,,,0,uncategorized
mag310cr_controlled_4,Dominated Scoundrel,da2,,,,0,uncategorized
mag310cr_progenitor_1,Progenitor,da2,,,,0,uncategorized
mag310cr_progenitor_2,Progenitor,da2,,,,0,uncategorized
mag310cr_progenitor_3,Progenitor,da2,,,,0,uncategorized
mag310cr_scion_1,Scion,da2,,,,0,uncategorized
mag310cr_scion_2,Scion,da2,,,,0,uncategorized
mag310cr_scion_3,Scion,da2,,,,0,uncategorized
mag310ip_store_arthuris,Arcane Shop,da2,,,,0,uncategorized
mag311ar_warehouse,Secret Meeting Place,da2,,,,0,uncategorized
mag311cr_emile,Emile de Launcet,da2,,,,0,uncategorized
mag311cr_huon,Huon,da2,,,,0,uncategorized
mag311cr_keran,Keran,da2,,,,0,uncategorized
mag311cr_keran_civ,Keran,da2,,,,0,uncategorized
mag311cr_nyssa,Nyssa,da2,,,,0,uncategorized
mag311ip_door,Door,da2,,,,0,uncategorized
mag320cr_circle_mage,Circle Mage,da2,,,,0,uncategorized
mag320cr_mage_1,Circle Mage,da2,,,,0,uncategorized
mag320cr_mage_conspirator,Enchanter,da2,,,,0,uncategorized
mag320cr_nobleman_1,Nobleman,da2,,,,0,uncategorized
mag320cr_nobleman_2,Nobleman,da2,,,,0,uncategorized
mag320cr_nobleman_3,Nobleman,da2,,,,0,uncategorized
mag320cr_noblewoman_1,Noblewoman,da2,,,,0,uncategorized
mag320cr_noblewoman_2,Noblewoman,da2,,,,0,uncategorized
mag320cr_templar,Templar,da2,,,,0,uncategorized
mag320cr_templar_1,Templar Lieutenant,da2,,,,0,uncategorized
mag320cr_templar_archer,Templar Archer,da2,,,,0,uncategorized
mag320ip_to_launcet,De Launcet Mansion,da2,,,,0,uncategorized
mag321ar_mansion,De Launcet Mansion,da2,,,,0,uncategorized
mag321cr_butler,Butler,da2,,,,0,uncategorized
mag321cr_comte,Comte de Launcet,da2,,,,0,uncategorized
mag321cr_dulci,Comtesse Dulci de Launcet,da2,,,,0,uncategorized
mag321cr_nella,Nella,da2,,,,0,uncategorized
mag321cr_servant_distract,Servant,da2,,,,0,uncategorized
mag321cr_servant_gossip_1a,Servant,da2,,,,0,uncategorized
mag321cr_servant_gossip_1b,Servant,da2,,,,0,uncategorized
mag321cr_servant_gossip_2a,Servant,da2,,,,0,uncategorized
mag321cr_servant_gossip_2b,Servant,da2,,,,0,uncategorized
mag321ip_corthwaite_store,Corthwaite's Boutique,da2,,,,0,uncategorized
mag321ip_launcet_to_hitown,Hightown,da2,,,,0,uncategorized
mag330cr_cricket,Cricket,da2,,,,0,uncategorized
mag330cr_evelina,Evelina,da2,,,,0,uncategorized
mag330cr_walter,Walter,da2,,,,0,uncategorized
mag330ip_to_hideout,Sewer Passage,da2,,,,0,uncategorized
mag331ar_evelinas_hideout,Sewer Passage,da2,,,,0,uncategorized
mag331ip_hideout_exit,Darktown,da2,,,,0,uncategorized
mag360cr_alain,Alain,da2,,,,0,uncategorized
mag360cr_apostate,Apostate,da2,,,,0,uncategorized
mag360cr_cullen,Knight-Captain Cullen,da2,,,,0,uncategorized
mag360cr_grace,Grace,da2,,,,0,uncategorized
mag360cr_hostage_anders,Anders,da2,,,,0,uncategorized
mag360cr_hostage_aveline,Aveline,da2,,,,0,uncategorized
mag360cr_hostage_bethany,Bethany,da2,,,,0,uncategorized
mag360cr_hostage_carver,Carver,da2,,,,0,uncategorized
mag360cr_hostage_fenris,Fenris,da2,,,,0,uncategorized
mag360cr_hostage_isabela,Isabela,da2,,,,0,uncategorized
mag360cr_hostage_merrill,Merrill,da2,,,,0,uncategorized
mag360cr_hostage_varric,Varric,da2,,,,0,uncategorized
mag360cr_samson,Samson,da2,,,,0,uncategorized
mag360cr_templar,Renegade Templar,da2,,,,0,uncategorized
mag360cr_templar_archer,Renegade Templar,da2,,,,0,uncategorized
mag360cr_thrask,Thrask,da2,,,,0,uncategorized
mag371ar_gallows_templar,Templar Hall,da2,,,,0,uncategorized
mag371cr_elsa,Elsa,da2,,,,0,uncategorized
mag371ip_at_courtyard,Gallows Courtyard,da2,,,,0,uncategorized
matt_warrior_2,Male Warrior,da2,,,,0,uncategorized
mcr000cr_leliana,Leliana,da2,,,,0,uncategorized
mcr310ar_docks_nt,The Docks (Night),da2,,,,0,uncategorized
mcr310ar_lowtown_nt,Lowtown (Night),da2,,,,0,uncategorized
mcr310cr_apostate,Mage,da2,,,,0,uncategorized
mcr310cr_bloodmage,Mage,da2,,,,0,uncategorized
mcr310cr_circle_highmage,Circle Mage,da2,,,,0,uncategorized
mcr310cr_circle_mage,Circle Mage,da2,,,,0,uncategorized
mcr310cr_confused_guard,City Guardsman,da2,,,,0,uncategorized
mcr310cr_confused_guard_ldr,Guard Captain,da2,,,,0,uncategorized
mcr310cr_loyalist_mage,Loyalist Mage,da2,,,,0,uncategorized
mcr310cr_loyalist_mage_ldr,Loyalist Mage,da2,,,,0,uncategorized
mcr310cr_scared_mage,Scared Mage,da2,,,,0,uncategorized
mcr310cr_templar_commander,Templar Lieutenant,da2,,,,0,uncategorized
mcr310cr_templar_escort,Templar,da2,,,,0,uncategorized
mcr310cr_templar_loyalist,Templar Loyalist,da2,,,,0,uncategorized
mcr310cr_templar_lyl_ldr,Templar Loyalist,da2,,,,0,uncategorized
mcr310cr_templar_seeker,Templar Hunter,da2,,,,0,uncategorized
mcr310cr_templar_trooper,Templar,da2,,,,0,uncategorized
mcr310ip_to_docks,The Docks,da2,,,,0,uncategorized
mcr310ip_to_gallows,Gallows,da2,,,,0,uncategorized
mcr370_templar1,Templar,da2,,,,0,uncategorized
mcr370_templar2,Templar,da2,,,,0,uncategorized
mcr370ar_gallows_nt,Gallows Courtyard,da2,,,,0,uncategorized
mcr370cr_boss_meredith,Meredith,da2,,,,0,uncategorized
mcr370cr_corpse_1,Corpse,da2,,,,0,uncategorized
mcr370cr_corpse_2,Corpse,da2,,,,0,uncategorized
mcr370cr_corpse_3,Arcane Horror,da2,,,,0,uncategorized
mcr370cr_gate_guardian,Gate Guardian,da2,,,,0,uncategorized
mcr370cr_gate_guardian_top,Gate Guardian,da2,,,,0,uncategorized
mcr370cr_guardsman,City Guardsman,da2,,,,0,uncategorized
mcr370cr_mage_escort,Mage,da2,,,,0,uncategorized
mcr370cr_mage_messenger,Mage,da2,,,,0,uncategorized
mcr370cr_moira,Moira,da2,,,,0,uncategorized
mcr370cr_samson,Samson,da2,,,,0,uncategorized
mcr370cr_slave_statue,Slave Statue,da2,,,,0,uncategorized
mcr370cr_templar_messenger,Templar,da2,,,,0,uncategorized
mcr370ip_to_templar_hall,Templar Hall,da2,,,,0,uncategorized
mcr371_scared_mage_f,Mage,da2,,,,0,uncategorized
mcr371_scared_mage_m,Mage,da2,,,,0,uncategorized
mcr371ar_gallows_prison_nt,Gallows Prison,da2,,,,0,uncategorized
mcr371ar_gallows_templar_nt,Templar Hall,da2,,,,0,uncategorized
mcr371cr_alain,Alain,da2,,,,0,uncategorized
mcr371cr_anders,Anders,da2,,,,0,uncategorized
mcr371cr_anders_cut,Anders,da2,,,,0,uncategorized
mcr371cr_aveline,Aveline,da2,,,,0,uncategorized
mcr371cr_aveline_cut,Aveline,da2,,,,0,uncategorized
mcr371cr_bethany_cut,Bethany,da2,,,,0,uncategorized
mcr371cr_carver_cut,Carver,da2,,,,0,uncategorized
mcr371cr_city_guard,City Guardsman,da2,,,,0,uncategorized
mcr371cr_emile_de_launcet,Emile de Launcet,da2,,,,0,uncategorized
mcr371cr_fenris,Fenris,da2,,,,0,uncategorized
mcr371cr_fenris_cut,Fenris,da2,,,,0,uncategorized
mcr371cr_harvester1,Orsino,da2,,,,0,uncategorized
mcr371cr_harvester2,Orsino,da2,,,,0,uncategorized
mcr371cr_harvester3,Orsino,da2,,,,0,uncategorized
mcr371cr_idunna,Idunna,da2,,,,0,uncategorized
mcr371cr_isabela_cut,Isabela,da2,,,,0,uncategorized
mcr371cr_merrill,Merrill,da2,,,,0,uncategorized
mcr371cr_merrill_cut,Merrill,da2,,,,0,uncategorized
mcr371cr_templar_lieutenant,Knight-Lieutenant Barsus,da2,,,,0,uncategorized
mcr371cr_varric_cut,Varric,da2,,,,0,uncategorized
mcr371ip_sandal_store,Sandal's Store,da2,,,,0,uncategorized
mcr371ip_to_courtyard,Gallows Courtyard,da2,,,,0,uncategorized
mcr371ip_to_prison,Templar Hall,da2,,,,0,uncategorized
mcr371ip_to_templar_hall,Templar Hall,da2,,,,0,uncategorized
mcr372ar_gallows_templar_nt,Templar Hall,da2,,,,0,uncategorized
mer000ip_hubert_store,Hubert's Fine Goods,da2,,,,0,uncategorized
mer110cr_jansen,Jansen,da2,,,,0,uncategorized
mer110cr_mine_looter,Looter,da2,,,,0,uncategorized
mer110cr_mine_scavenger_1,Looter,da2,,,,0,uncategorized
mer110cr_miner1,Earl,da2,,,,0,uncategorized
mer110cr_miner2,Unemployed Miner,da2,,,,0,uncategorized
mer120cr_hubert,Hubert,da2,,,,0,uncategorized
mer140cr_jansen,Jansen,da2,,,,0,uncategorized
mer140ip_at_caverns,Bone Pit Mines,da2,,,,0,uncategorized
mer140ip_at_caverns_ledge,Bone Pit Mines,da2,,,,0,uncategorized
mer140ip_dragon_treasure,Rubble,da2,,,,0,uncategorized
mer140ip_item_rubble,Rubble,da2,,,,0,uncategorized
mer140ip_item_rubble_2,Rubble,da2,,,,0,uncategorized
mer141ar_caverns,Bone Pit Mines,da2,,,,0,uncategorized
mer141cr_drake_boss,Mature Dragon,da2,,,,0,uncategorized
mer141cr_jansen,Jansen,da2,,,,0,uncategorized
mer141ip_at_bone_pit,The Bone Pit,da2,,,,0,uncategorized
mer141ip_at_bone_pit_ledge,Bone Pit Ledge,da2,,,,0,uncategorized
mer200ar_exterior,Outside Kirkwall,da2,,,,0,uncategorized
mer200cr_ambush_leader,Ambush Leader,da2,,,,0,uncategorized
mer200im_arlan_note,Directions to Arlan,da2,,,,0,uncategorized
mer200im_pickaxe,Pickax,da2,,,,0,uncategorized
mer200ip_cavern_chest,Chest,da2,,,,0,uncategorized
mer210cr_coterie_lieutenant,Coterie Lieutenant,da2,,,,0,uncategorized
mer210cr_coterie_thug_1,Coterie Rogue,da2,,,,0,uncategorized
mer210cr_coterie_thug_2,Coterie Thug,da2,,,,0,uncategorized
mer210cr_coterie_thug_3,Coterie Thug,da2,,,,0,uncategorized
mer210cr_seldrek,Lilley,da2,,,,0,uncategorized
mer210cr_smith,Smith,da2,,,,0,uncategorized
mer220cr_hubert,Hubert,da2,,,,0,uncategorized
mer221ar_player_home,Hawke Estate,da2,,,,0,uncategorized
mer221cr_sabin,Sabin,da2,,,,0,uncategorized
mer230ip_to_arlan_hideout,Brekker's Hideaway,da2,,,,0,uncategorized
mer231ar_arlan_hideout,Arlan's Hideaway,da2,,,,0,uncategorized
mer231cr_brekker,Brekker,da2,,,,0,uncategorized
mer231ip_to_undercity,Darktown,da2,,,,0,uncategorized
mer240cr_jansen,Jansen,da2,,,,0,uncategorized
mer240cr_miner1,Bone Pit Miner,da2,,,,0,uncategorized
mer240cr_miner2,Bone Pit Miner,da2,,,,0,uncategorized
mer240cr_miner3,Bone Pit Miner,da2,,,,0,uncategorized
mer240cr_miner4,Bone Pit Miner,da2,,,,0,uncategorized
mer240cr_miner5,Bone Pit Miner,da2,,,,0,uncategorized
mer240ip_sabins_stash,Sabin's Stash,da2,,,,0,uncategorized
mer241ar_cavern_of_dead,Bone Pit Mines,da2,,,,0,uncategorized
mer241ar_caverns,Bone Pit Mines,da2,,,,0,uncategorized
mer241cr_queen_spider,Queen Spider,da2,,,,0,uncategorized
mer241ip_tunnel_blocker,Collapsed Tunnel,da2,,,,0,uncategorized
mer300cr_high_dragon,High Dragon,da2,,,,0,uncategorized
mer320cr_hubert,Hubert,da2,,,,0,uncategorized
mer320cr_lady_hubert,Lady Bartiere,da2,,,,0,uncategorized
mer340cr_angry_miner,Miner,da2,,,,0,uncategorized
mer340cr_cavern_guard,Bone Pit Protector,da2,,,,0,uncategorized
mer340cr_cowan,Keran,da2,,,,0,uncategorized
mer340cr_high_dragon,High Dragon,da2,,,,0,uncategorized
mer340cr_hubert_combat,Hubert,da2,,,,0,uncategorized
mer340cr_hubert_guard,Guard,da2,,,,0,uncategorized
mer340cr_hubert_guard_2,Guard,da2,,,,0,uncategorized
mer341ar_caverns,Bone Pit Mines,da2,,,,0,uncategorized
mer341cr_earl,Earl,da2,,,,0,uncategorized
mer341cr_jansen,Jansen,da2,,,,0,uncategorized
mgb000im_bethany_gift,Grandmother Amell's Wedding Band,da2,,,https://dragonage.fandom.com/wiki/Grandmother_Amell%27s_Wedding_Band,0,uncategorized
mgb000im_merrill_gift,Sylaise's Favor,da2,,,https://dragonage.fandom.com/wiki/Sylaise%27s_Favor,0,uncategorized
mgb100im_mage_boots,Quickflight,da2,,,https://dragonage.fandom.com/wiki/Quickflight,0,uncategorized
mgb100im_mage_staff,Freedom's Promise,da2,,,https://dragonage.fandom.com/wiki/Freedom%27s_Promise,0,uncategorized
mgb300im_mage_boots,Stalwart Treads,da2,,,https://dragonage.fandom.com/wiki/Stalwart_Treads,0,uncategorized
mgb300im_mage_helm,Wisdom's Eye,da2,,,https://dragonage.fandom.com/wiki/Wisdom%27s_Eye,0,uncategorized
mrl000ip_at_exit_house,Leave Area,da2,,,,0,uncategorized
mrl111ar_house,Merrill's Home,da2,,,,0,uncategorized
mrl150cr_arcane_horror,Arcane Horror,da2,,,,0,uncategorized
mrl150cr_dalish_guard1,Dalish Hunter,da2,,,,0,uncategorized
mrl150cr_dalish_guard2,Dalish Hunter,da2,,,,0,uncategorized
mrl150cr_dalish_hunter,Dalish Hunter,da2,,,,0,uncategorized
mrl150cr_revenant,Revenant,da2,,,,0,uncategorized
mrl150cr_shadow_assasin,Shadow Assassin,da2,,,,0,uncategorized
mrl150cr_shadow_warrior,Shadow Warrior,da2,,,,0,uncategorized
mrl150ip_altar,Altar,da2,,,,0,uncategorized
mrl150ip_pile_a,Pile of Bones,da2,,,,0,uncategorized
mrl150ip_pile_b,Rubble,da2,,,,0,uncategorized
mrl150ip_return_to_camp,Return to Camp,da2,,,,0,uncategorized
mrl151ip_chest_a,Chest,da2,,,,0,uncategorized
mrl211ar_house,Merrill's Home,da2,,,,0,uncategorized
mrl211ip_mirror,Eluvian,da2,,,,0,uncategorized
mrl250cr_corpse,Corpse,da2,,,,0,uncategorized
mrl250cr_corpse_archer,Skeleton Archer,da2,,,,0,uncategorized
mrl250cr_frosthorror,Frost Horror,da2,,,,0,uncategorized
mrl250cr_reptilerock,Rock Reptile,da2,,,,0,uncategorized
mrl250cr_skeleton_ice,Frost Skeleton,da2,,,,0,uncategorized
mrl250cr_spider_cv,Cave Spider,da2,,,,0,uncategorized
mrl250cr_spider_wasp,Wasp Spider,da2,,,,0,uncategorized
mrl250cr_spiderhunt,Hunter Spider,da2,,,,0,uncategorized
mrl250cr_spiderling_cv,Cave Spiderling,da2,,,,0,uncategorized
mrl250cr_thief_a,Thief,da2,,,,0,uncategorized
mrl250cr_thief_b,Thief,da2,,,,0,uncategorized
mrl250cr_thief_c,Thief,da2,,,,0,uncategorized
mrl250cr_thief_d,Thief,da2,,,,0,uncategorized
mrl250cr_thief_e,Thief,da2,,,,0,uncategorized
mrl250cr_thief_lt,Thief Leader,da2,,,,0,uncategorized
mrl250ip_at_elfcave,Varterral Hunting Ground,da2,,,,0,uncategorized
mrl251ar_elf_cave,Varterral Hunting Ground,da2,,,,0,uncategorized
mrl251cr_pol,Pol,da2,,,,0,uncategorized
mrl251cr_spider,Spider,da2,,,,0,uncategorized
mrl251cr_varterral,Varterral,da2,,,,0,uncategorized
mrl251ip_at_sundermount,Sundermount,da2,,,,0,uncategorized
mrl251ip_bosshorde_a,Pile of Treasure,da2,,,,0,uncategorized
mrl251ip_bosshorde_b,Elven Staff,da2,,,,0,uncategorized
mrl251ip_dead_chandan,Hunter Chandan,da2,,,,0,uncategorized
mrl251ip_dead_harshal,Hunter Harshal,da2,,,,0,uncategorized
mrl251ip_dead_radha,Hunter Radha,da2,,,,0,uncategorized
mrl251ip_loot_a,Pile of Bones,da2,,,,0,uncategorized
mrl251ip_loot_b,Pile of Bones,da2,,,,0,uncategorized
mrl251ip_loot_c,Chest,da2,,,,0,uncategorized
mrl251ip_loot_d,Pile of Treasure,da2,,,,0,uncategorized
mrl251ip_loot_e,Rubble,da2,,,,0,uncategorized
mrl251ip_loot_f,Bones,da2,,,,0,uncategorized
mrl251ip_loot_g,Pile of Treasure,da2,,,,0,uncategorized
mrl311ar_house,Merrill's Home,da2,,,,0,uncategorized
mrl311ip_mirror_shattered,Eluvian,da2,,,,0,uncategorized
mrl311ip_mirror_whole,Eluvian,da2,,,,0,uncategorized
mrl350cr_dragon,Dragon,da2,,,,0,uncategorized
mrl350cr_wraith,Shadow Warrior,da2,,,,0,uncategorized
mrl350ip_at_demoncave,Pride's End,da2,,,,0,uncategorized
mrl350ip_at_downmountain,Travel Down the Mountain,da2,,,,0,uncategorized
mrl350ip_grave_a,Grave,da2,,,,0,uncategorized
mrl350ip_grave_b,Grave,da2,,,,0,uncategorized
mrl350ip_grave_c,Grave,da2,,,,0,uncategorized
mrl350ip_grave_d,Grave,da2,,,,0,uncategorized
mrl350ip_grave_e,Grave,da2,,,,0,uncategorized
mrl350ip_grave_f,Grave,da2,,,,0,uncategorized
mrl350ip_marethari_corpse,Corpse,da2,,,,0,uncategorized
mrl350ip_pile_a,Pile of Bones,da2,,,,0,uncategorized
mrl350ip_shrine,Shrine,da2,,,,0,uncategorized
mrl351ar_demon_cave,Pride's End,da2,,,,0,uncategorized
mrl351cr_fakechandan,Hunter Chandan,da2,,,,0,uncategorized
mrl351cr_fakefemaleelf,Elven Mother,da2,,,,0,uncategorized
mrl351cr_fakeharshal,Hunter Harshal,da2,,,,0,uncategorized
mrl351cr_fakemaleelf,Elven Elder,da2,,,,0,uncategorized
mrl351cr_fakemarethari,Keeper Marethari,da2,,,,0,uncategorized
mrl351cr_fakepol,Pol,da2,,,,0,uncategorized
mrl351cr_fakeradha,Hunter Radha,da2,,,,0,uncategorized
mrl351cr_faketamlen,Tamlen,da2,,,,0,uncategorized
mrl351cr_pridedemon,Pride Demon,da2,,,,0,uncategorized
mrl351ip_at_sundermount,Sundermount,da2,,,,0,uncategorized
mrl351ip_cavern_chest_a,Chest,da2,,,,0,uncategorized
mrl351ip_demon_statue,Strange Idol,da2,,,,0,uncategorized
nat300ip_barrel_lever,Lever,da2,,,,0,uncategorized
nat300ip_explosive_barrel,Explosive Barrel,da2,,,,0,uncategorized
nat300ip_item_chest,Chest,da2,,,,0,uncategorized
nat300ip_lore_item_chest,Chest,da2,,,,0,uncategorized
nat320cr_delilah,Delilah Howe,da2,,,,0,uncategorized
nat380cr_explosive_barrel,Explosive Barrel,da2,,,,0,uncategorized
nat380cr_nathaniel,Nathaniel Howe,da2,,,,0,uncategorized
nat380cr_ogre,Ogre,da2,,,,0,uncategorized
nat380cr_temmerin,Temmerin Glavonak,da2,,,,0,uncategorized
one100ar_ruin_ext,Abandoned Ruins,da2,,,,0,uncategorized
one100cr_elren,Elren,da2,,,,0,uncategorized
one100cr_guard,City Guardsman,da2,,,,0,uncategorized
one100cr_nabil,Nabil,da2,,,,0,uncategorized
one100ip_at_ruin_ext,Exit,da2,,,,0,uncategorized
one100ip_at_ruin_int,Ruined Passage,da2,,,,0,uncategorized
one100ip_chest_1,Chest,da2,,,,0,uncategorized
one100ip_chest_2,Chest,da2,,,,0,uncategorized
one100ip_ironwood,Pure Ironbark,da2,,,,0,uncategorized
one100ip_st_ilen,Clan Craftmaster,da2,,,,0,uncategorized
one100ip_st_solivitus,Formari Herbalist,da2,,,,0,uncategorized
one101ar_ggt_cavern,The Sink,da2,,,,0,uncategorized
one101ar_ruin_int,Ruined Passage,da2,,,,0,uncategorized
one101cr_kelder,Kelder,da2,,,,0,uncategorized
one101cr_lia,Lia,da2,,,,0,uncategorized
one101cr_smuggler,Raider,da2,,,,0,uncategorized
one101cr_spider_loot,Venomous Spider,da2,,,,0,uncategorized
one101ip_at_hightown,Exit,da2,,,,0,uncategorized
one110cr_coterie_thug_1,Coterie Assassin,da2,,,,0,uncategorized
one110cr_coterie_thug_2,Coterie Thug,da2,,,,0,uncategorized
one110cr_coterie_thug_3,Coterie Archer,da2,,,,0,uncategorized
one110cr_gustav,Gustav,da2,,,,0,uncategorized
one110cr_harimann,Lord Harimann,da2,,,,0,uncategorized
one110cr_harimann_guard_1,Guard Captain,da2,,,,0,uncategorized
one110cr_harimann_guard_2,Guard,da2,,,,0,uncategorized
one110cr_harimann_guard_3,Guard,da2,,,,0,uncategorized
one110cr_meeran,Meeran,da2,,,,0,uncategorized
one110cr_pryce,Pryce,da2,,,,0,uncategorized
one110cr_tree_minder,Jelden,da2,,,,0,uncategorized
one110ip_ggt_tree,Vhenadahl,da2,,,,0,uncategorized
one110ip_ggt_warehouse,Smetty's Fish Guttery,da2,,,,0,uncategorized
one111ip_ggt_crate_1,Shipment 917,da2,,,,0,uncategorized
one111ip_ggt_crate_2,Shipment 1023,da2,,,,0,uncategorized
one111ip_ggt_crate_3,Shipment 1029,da2,,,,0,uncategorized
one111ip_ggt_crate_4,Shipment 925,da2,,,,0,uncategorized
one111ip_ggt_crate_5,Shipment 963,da2,,,,0,uncategorized
one111ip_ggt_crate_6,Shipment 973,da2,,,,0,uncategorized
one111ip_ggt_crate_7,Shipment 1039,da2,,,,0,uncategorized
one111ip_ggt_crate_8,Shipment 1049,da2,,,,0,uncategorized
one111ip_ggt_mallet,Wallop Mallet,da2,,,,0,uncategorized
one111ip_ggt_note,Crumpled Note,da2,,,,0,uncategorized
one111ip_ggt_trap,Shipment 1023,da2,,,,0,uncategorized
one120cr_athenril,Athenril,da2,,,,0,uncategorized
one120cr_magistrate,Magistrate Vanard,da2,,,,0,uncategorized
one121ar_warehouse,Smetty's Fish Guttery,da2,,,,0,uncategorized
one121cr_note_thug,Mercenary Commander,da2,,,,0,uncategorized
one121ip_at_lowtown,Smetty's Fish Guttery,da2,,,,0,uncategorized
one130ar_booker_dungeon,Booker's Fall,da2,,,,0,uncategorized
one130ar_disciple_dungeon,Jonas's Demise,da2,,,,0,uncategorized
one130cr_mekel,Mekel,da2,,,,0,uncategorized
one140cr_charade,Charade,da2,,,,0,uncategorized
one140cr_veld,Veld,da2,,,,0,uncategorized
one200ip_flower,Harlot's Blush Flower,da2,,,,0,uncategorized
one200ip_ink_chest,Chest,da2,,,,0,uncategorized
one200ip_st_ilen,Master Ilen's Shop,da2,,,,0,uncategorized
one200ip_st_solivitus,Formari Herbalist,da2,,,,0,uncategorized
one220cr_dera,Dera,da2,,,,0,uncategorized
one220cr_yevhen,Yevhen,da2,,,,0,uncategorized
one280cr_emissary,Darkspawn Emissary,da2,,,,0,uncategorized
one280cr_emrys,Emrys,da2,,,,0,uncategorized
one280cr_golem,Golem,da2,,,,0,uncategorized
one280cr_iwan,Iwan,da2,,,,0,uncategorized
one280cr_merin,Merin,da2,,,,0,uncategorized
one280cr_uncontrolled_golem,Golem,da2,,,,0,uncategorized
one280ip_cache,Treasure Cache,da2,,,,0,uncategorized
one280ip_locked_door,Door,da2,,,,0,uncategorized
one280ip_sealed_door,Sealed Door,da2,,,,0,uncategorized
one300ar_crow_camp,Antivan Camp,da2,,,,0,uncategorized
one300ar_vanard_fight,Vanard's Ambush,da2,,,,0,uncategorized
one300cr_crow_1,Antivan Crow,da2,,,,0,uncategorized
one300cr_crow_2,Antivan Crow,da2,,,,0,uncategorized
one300cr_crow_3,Antivan Crow,da2,,,,0,uncategorized
one300cr_crow_4,Antivan Crow,da2,,,,0,uncategorized
one300cr_ggt_thug2,Mercenary,da2,,,,0,uncategorized
one300cr_ggt_thug3,Mercenary,da2,,,,0,uncategorized
one300cr_ggt_thug4,Mercenary,da2,,,,0,uncategorized
one300cr_ggt_thug5,Mercenary,da2,,,,0,uncategorized
one300cr_lia,Lia,da2,,,,0,uncategorized
one300cr_nuncio,Nuncio,da2,,,,0,uncategorized
one300cr_nuncio_guard,Nuncio's Guard,da2,,,,0,uncategorized
one300cr_zevran,Zevran,da2,,,,0,uncategorized
one300ip_st_ilen,Master Ilen's Shop,da2,,,,0,uncategorized
one300ip_st_solivitus,Formari Herbalist,da2,,,,0,uncategorized
one300ip_worldmap,Leave Area,da2,,,,0,uncategorized
one320cr_magistrate,Magistrate Vanard,da2,,,,0,uncategorized
one330cr_ggt_thug1,Mercenary,da2,,,,0,uncategorized
one350cr_terath,Terath,da2,,,,0,uncategorized
one350cr_variel,Variel,da2,,,,0,uncategorized
one350cr_vinell,Vinell,da2,,,,0,uncategorized
one350ip_to_zevran_cave,Mountain Cave,da2,,,,0,uncategorized
one350ip_zevran_note,Inconspicuous Note,da2,,,,0,uncategorized
one3510cr_dead_fighter_1,Dead Man,da2,,,,0,uncategorized
one3510cr_dead_fighter_2,Corpse,da2,,,,0,uncategorized
one3510cr_dead_fighter_3,Slain Assassin,da2,,,,0,uncategorized
one3510cr_dead_fighter_4,Dead Warrior,da2,,,,0,uncategorized
one3510cr_dead_fighter_5,Dead Body,da2,,,,0,uncategorized
one351ar_zevran_cave,Mountain Cave,da2,,,,0,uncategorized
one351ip_to_sundermount,Sundermount,da2,,,,0,uncategorized
one351ip_worldmap,Leave Area,da2,,,,0,uncategorized
prm000im_air_ring,Air of Confidence,da2,,,https://dragonage.fandom.com/wiki/Air_of_Confidence,0,uncategorized
prm000im_blood_boots,Blood Dragon Greaves,da2,,,https://dragonage.fandom.com/wiki/Blood_Dragon_Greaves,0,uncategorized
prm000im_cliffs_tome,The Far Cliffs of Kirkwall,da2,,,https://dragonage.fandom.com/wiki/The_Far_Cliffs_of_Kirkwall,0,uncategorized
prm000im_deep_blade,Hayder's Razor,da2,,,https://dragonage.fandom.com/wiki/Hayder%27s_Razor,0,uncategorized
prm000im_duru_amulet,Dura's Blue Flame,da2,,,https://dragonage.fandom.com/wiki/Dura%27s_Blue_Flame,0,uncategorized
prm000im_evra_ring,Evra's Might,da2,,,https://dragonage.fandom.com/wiki/Evra%27s_Might,0,uncategorized
prm000im_fade_sword,Fadeshear,da2,,,https://dragonage.fandom.com/wiki/Fadeshear,0,uncategorized
prm000im_fut02,Arlathan Focusing Crystal,da2,,,https://dragonage.fandom.com/wiki/Arlathan_Focusing_Crystal,0,uncategorized
prm000im_fut07,Band of Stolen Shadows,da2,,,https://dragonage.fandom.com/wiki/Band_of_Stolen_Shadows,0,uncategorized
prm000im_fut08,The Deep Green,da2,,,https://dragonage.fandom.com/wiki/The_Deep_Green,0,uncategorized
prm000im_fut10,Hawke Family Crest,da2,,,https://dragonage.fandom.com/wiki/Hawke_Family_Crest,0,uncategorized
prm000im_hindsight_belt,Hindsight,da2,,,https://dragonage.fandom.com/wiki/Hindsight,0,uncategorized
prm000im_irons_belt,The Irons,da2,,,https://dragonage.fandom.com/wiki/The_Irons,0,uncategorized
prm000im_ivo_amulet,Ivo Family Crest,da2,,,https://dragonage.fandom.com/wiki/Ivo_Family_Crest,0,uncategorized
prm000im_lion_shield,The Lion of Orlais,da2,,,https://dragonage.fandom.com/wiki/The_Lion_of_Orlais,0,uncategorized
prm000im_lost_tome,Of Things Not Lost,da2,,,https://dragonage.fandom.com/wiki/Of_Things_Not_Lost,0,uncategorized
prm000im_parth_staff,Staff of Parthalan,da2,,,https://dragonage.fandom.com/wiki/Staff_of_Parthalan,0,uncategorized
prm000ip_curio_chest,Special Deliveries,da2,,,,0,uncategorized
pro000ar_gallow_court,Gallows Courtyard,da2,,,,0,uncategorized
pro000cr_athenril,Athenril,da2,,,,0,uncategorized
pro000cr_athenril_entourage,Athenril's Smuggler,da2,,,,0,uncategorized
pro000cr_athenril_entouragm,Athenril's Smuggler,da2,,,,0,uncategorized
pro000cr_barrier_disciple,Hurlock Emissary,da2,,,,0,uncategorized
pro000cr_bethany_fake,Bethany,da2,,,,0,uncategorized
pro000cr_captain_wright,Guardsman Wright,da2,,,,0,uncategorized
pro000cr_carver_fake,Carver,da2,,,,0,uncategorized
pro000cr_colonel_ewald,Captain Ewald,da2,,,,0,uncategorized
pro000cr_desperate_refugee,Desperate Refugee,da2,,,,0,uncategorized
pro000cr_flemeth_ogre,Ogre,da2,,,,0,uncategorized
pro000cr_friedrich,Friedrich,da2,,,,0,uncategorized
pro000cr_friedrich_thug,Friedrich's Guard,da2,,,,0,uncategorized
pro000cr_friedrich_thug_2,Friedrich's Guard,da2,,,,0,uncategorized
pro000cr_friedrich_thug_3,Friedrich's Guard,da2,,,,0,uncategorized
pro000cr_guard,City Guardsman,da2,,,,0,uncategorized
pro000cr_guard_amb,City Guardsman,da2,,,,0,uncategorized
pro000cr_guard_archer,City Guardsman,da2,,,,0,uncategorized
pro000cr_guard_f,City Guardsman,da2,,,,0,uncategorized
pro000cr_hurlock_aveline,Hurlock,da2,,,,0,uncategorized
pro000cr_hurlock_fake,Hurlock,da2,,,,0,uncategorized
pro000cr_hurlock_firewall,Hurlock,da2,,,,0,uncategorized
pro000cr_hurlock_rng_fake,Hurlock Bolter,da2,,,,0,uncategorized
pro000cr_meeran,Meeran,da2,,,,0,uncategorized
pro000cr_meeran_entourage,Red Iron Mercenary,da2,,,,0,uncategorized
pro000cr_merchant,Merchant Cavril,da2,,,,0,uncategorized
pro000cr_merchants_guard,Merchant's Guard,da2,,,,0,uncategorized
pro000cr_merchants_guard_2,Merchant's Guard,da2,,,,0,uncategorized
pro000cr_ogre_fake,Ogre,da2,,,,0,uncategorized
pro000cr_refugee1,Refugee,da2,,,,0,uncategorized
pro000cr_refugee2,Refugee,da2,,,,0,uncategorized
pro000cr_refugee3,Refugee,da2,,,,0,uncategorized
pro000cr_refugee4,Refugee,da2,,,,0,uncategorized
pro000cr_refugee5,Refugee,da2,,,,0,uncategorized
pro000cr_refugee6,Refugee,da2,,,,0,uncategorized
pro000cr_refugee7,Refugee,da2,,,,0,uncategorized
pro000cr_soldier1,Deserter,da2,,,,0,uncategorized
pro000cr_soldier2,Deserter,da2,,,,0,uncategorized
pro000cr_soldier3,Deserter,da2,,,,0,uncategorized
pro000cr_soldier4,Deserter Archer,da2,,,,0,uncategorized
pro000cr_soldier5,Deserter,da2,,,,0,uncategorized
pro000cr_soldier6,Deserter Reaver,da2,,,,0,uncategorized
pro000cr_soldier7,Deserter Assassin,da2,,,,0,uncategorized
pro000cr_soldier_leader,Deserter Leader,da2,,,,0,uncategorized
pro000cr_wesley,Wesley,da2,,,,0,uncategorized
pro000cr_wesley_tainted,Wesley,da2,,,,0,uncategorized
pro000ip_barrier,Magical Barrier,da2,,,,0,uncategorized
pro000ip_corpse_1,Dead Refugee,da2,,,,0,uncategorized
pro000ip_corpse_2,Dead Refugee,da2,,,,0,uncategorized
pro000ip_corpse_3,Dead Refugee,da2,,,,0,uncategorized
pro000ip_corpse_demo,Dead Refugee,da2,,,,0,uncategorized
pro000ip_corpse_nonint,Dead Refugee,da2,,,,0,uncategorized
pro000ip_corpse_weapons,Dead Refugee,da2,,,,0,uncategorized
pro000ip_corpse_weapons2,Dead Refugee,da2,,,,0,uncategorized
pro000ip_corpse_weapons3,Dead Refugee,da2,,,,0,uncategorized
pro000ip_gallows_gate,Gate,da2,,,,0,uncategorized
pro000ip_gate,Gate,da2,,,,0,uncategorized
pro000ip_locked_chest,Chest,da2,,,,0,uncategorized
pro000ip_merchant_chest,Merchant's Chest,da2,,,,0,uncategorized
pro000ip_merchant_store,Cavril's Sundries,da2,,,,0,uncategorized
pro00fl_bethany_stunt,Bethany,da2,,,,0,uncategorized
pro00fl_carver_stunt,Carver,da2,,,,0,uncategorized
qcr210ar_lowtown_nt,Lowtown (Night),da2,,,,0,uncategorized
qcr210cr_converted_elf,Elf Convert,da2,,,,0,uncategorized
qcr210cr_elven_supporter_rg,Elven Supporter,da2,,,,0,uncategorized
qcr210cr_elven_supporters,Elven Supporter,da2,,,,0,uncategorized
qcr210cr_guardman,City Guardsman,da2,,,,0,uncategorized
qcr210cr_guardsman_m,City Guardsman,da2,,,,0,uncategorized
qcr210cr_looter_thug,Looter,da2,,,,0,uncategorized
qcr210ip_to_hightown,Hightown,da2,,,,0,uncategorized
qcr220ar_hightown_nt,Hightown (Night),da2,,,,0,uncategorized
qcr220cr_alistar_gw,Alistair,da2,,,,0,uncategorized
qcr220cr_bethany,Bethany,da2,,,,0,uncategorized
qcr220cr_bethany_circle,Bethany,da2,,,,0,uncategorized
qcr220cr_carver,Carver,da2,,,,0,uncategorized
qcr220cr_carver_templar,Carver,da2,,,,0,uncategorized
qcr220cr_gray_warden,Grey Warden,da2,,,,0,uncategorized
qcr220cr_nobleman,Nobleman,da2,,,,0,uncategorized
qcr220cr_nobleman2,Nobleman,da2,,,,0,uncategorized
qcr220cr_nobleman3,Nobleman,da2,,,,0,uncategorized
qcr220cr_noblewoman,Noblewoman,da2,,,,0,uncategorized
qcr220cr_noblewoman2,Noblewoman,da2,,,,0,uncategorized
qcr220cr_noblewoman3,Noblewoman,da2,,,,0,uncategorized
qcr220cr_qunari_cut_a1,Karashok,da2,,,,0,uncategorized
qcr220cr_qunari_hunter,Sten,da2,,,,0,uncategorized
qcr220cr_stroud,Stroud,da2,,,,0,uncategorized
qcr220cr_templar,Templar,da2,,,,0,uncategorized
qcr221ar_keep,Viscount's Keep,da2,,,,0,uncategorized
qcr221cr_qunari_archer,Ashaad,da2,,,,0,uncategorized
qcr221cr_qunari_honor_guard,Qunari Honor Guard,da2,,,,0,uncategorized
qcr221cr_qunari_mage,Saarebas,da2,,,,0,uncategorized
qcr221cr_qunari_warrior,Karasaad,da2,,,,0,uncategorized
qcr221ip_throne_door,Door,da2,,,,0,uncategorized
qcr270ar_gallows,Gallows Courtyard,da2,,,,0,uncategorized
qcr270cr_abomination,Abomination,da2,,,,0,uncategorized
qcr270cr_fake_meredith,Meredith,da2,,,,0,uncategorized
qcr270cr_fake_templar,Templar,da2,,,,0,uncategorized
qun100ar_exterior,Vimmark Mountain Pass,da2,,,,0,uncategorized
qun100ar_plot_start,Dead Man's Pass,da2,,,,0,uncategorized
qun100cr_qunari_warrior1,Karashok,da2,,,,0,uncategorized
qun100cr_qunari_warrior2,Karashok,da2,,,,0,uncategorized
qun100cr_qunari_warrior3,Karashok,da2,,,,0,uncategorized
qun100cr_qunari_warrior4,Ashaad,da2,,,,0,uncategorized
qun100cr_qunari_warrior5,Ashaad,da2,,,,0,uncategorized
qun100cr_qunari_warrior6,Ashaad,da2,,,,0,uncategorized
qun100cr_warrior1,Karasaad,da2,,,,0,uncategorized
qun100cr_warrior2,Karasaad,da2,,,,0,uncategorized
qun100ip_at_exit,Vimmark Mountain Pass,da2,,,,0,uncategorized
qun100ip_at_safehouse,Petrice's Safehouse,da2,,,,0,uncategorized
qun101ar_talvashoth_cave,Tal-Vashoth Cavern,da2,,,,0,uncategorized
qun101ip_at_coast,Wounded Coast,da2,,,,0,uncategorized
qun110cr_arishok_guard,Qunari,da2,,,,0,uncategorized
qun110cr_arishok_guard_nt,Qunari,da2,,,,0,uncategorized
qun110cr_mugger,Shady Character,da2,,,,0,uncategorized
qun110cr_petrice,Sister Petrice,da2,,,,0,uncategorized
qun110cr_throne_guard,Qunari,da2,,,,0,uncategorized
qun110cr_varnell,Ser Varnell,da2,,,,0,uncategorized
qun110ip_compound_gate,Qunari Compound,da2,,,,0,uncategorized
qun110ip_compound_gate_nt,Qunari Compound,da2,,,,0,uncategorized
qun111ar_safehouse,Petrice's Safehouse,da2,,,,0,uncategorized
qun111cr_ketojan,Ketojan,da2,,,,0,uncategorized
qun111im_ketojan_cut,Phylactery of Saarebas,da2,,,,0,uncategorized
qun111ip_at_lowtown,Lowtown,da2,,,,0,uncategorized
qun111ip_trapdoor,Undercity Warrens,da2,,,,0,uncategorized
qun120cr_javaris,Javaris,da2,,,,0,uncategorized
qun131ar_undercity_warrens,Undercity Warrens,da2,,,,0,uncategorized
qun131cr_taskmaster,Arvaarad,da2,,,,0,uncategorized
qun131cr_warrens_thug,Thug Leader,da2,,,,0,uncategorized
qun131cr_warrens_thug2,Undercity Thug,da2,,,,0,uncategorized
qun131cr_warrens_thug3,Undercity Thug,da2,,,,0,uncategorized
qun131cr_warrens_thug4,Undercity Thug,da2,,,,0,uncategorized
qun131cr_warrens_thug5,Undercity Thug,da2,,,,0,uncategorized
qun131cr_warrens_thug6,Undercity Thug,da2,,,,0,uncategorized
qun131cr_warrens_thug7,Undercity Thug,da2,,,,0,uncategorized
qun131ip_treasure,Chest,da2,,,,0,uncategorized
qun131ip_treasure2,Chest,da2,,,,0,uncategorized
qun131ip_treasure3,Chest,da2,,,,0,uncategorized
qun150cr_merc,Mercenary,da2,,,,0,uncategorized
qun150cr_merc_2,Mercenary,da2,,,,0,uncategorized
qun160cr_leader,Tal-Vashoth Leader,da2,,,,0,uncategorized
qun160cr_vashothlead,Mercenary,da2,,,,0,uncategorized
qun160ip_at_cave,Tal-Vashoth Cavern,da2,,,,0,uncategorized
qun160ip_chest_1,Chest,da2,,,,0,uncategorized
qun160ip_chest_2,Chest,da2,,,,0,uncategorized
qun160ip_vashothlead_dummy,Tal-Vashoth Mercenary,da2,,,,0,uncategorized
qun210ar_fq_random_enc,Winding Alley,da2,,,,0,uncategorized
qun210ar_javaris_encounter,Outside Smuggler's Cut,da2,,,,0,uncategorized
qun210cr_commoner,Concerned Commoner,da2,,,,0,uncategorized
qun210cr_guard,Guardsman Maecon,da2,,,,0,uncategorized
qun210cr_javaris_guard,Mercenary,da2,,,,0,uncategorized
qun210cr_random_thug,Thug,da2,,,,0,uncategorized
qun210cr_random_thug_leader,Thug Leader,da2,,,,0,uncategorized
qun210ip_at_exit,Qunari Compound,da2,,,,0,uncategorized
qun210ip_loot_a,Barrel,da2,,,,0,uncategorized
qun210ip_loot_b,Crate,da2,,,,0,uncategorized
qun211ar_poison_encounter,Side Alley,da2,,,,0,uncategorized
qun211cr_braggart,Orwald the Braggart,da2,,,,0,uncategorized
qun211cr_braggart_ally_f,Patron,da2,,,,0,uncategorized
qun211cr_braggart_ally_f2,Patron,da2,,,,0,uncategorized
qun211cr_braggart_ally_f3,Patron,da2,,,,0,uncategorized
qun211cr_braggart_ally_f4,Patron,da2,,,,0,uncategorized
qun211cr_braggart_ally_m,Patron,da2,,,,0,uncategorized
qun211cr_braggart_ally_m2,Patron,da2,,,,0,uncategorized
qun211cr_braggart_ally_m3,Patron,da2,,,,0,uncategorized
qun211cr_braggart_ally_m4,Patron,da2,,,,0,uncategorized
qun211cr_crazy_woman,Crazed Woman,da2,,,,0,uncategorized
qun211cr_elf_warrior,Elven Fanatic,da2,,,,0,uncategorized
qun211cr_final1,Mercenary Archer,da2,,,,0,uncategorized
qun211cr_final2,Mercenary Archer,da2,,,,0,uncategorized
qun211cr_henchman,Mercenary,da2,,,,0,uncategorized
qun211cr_henchman2,Mercenary,da2,,,,0,uncategorized
qun211cr_merc_loot,Mercenary,da2,,,,0,uncategorized
qun211ip_area_exit,Leave Area,da2,,,,0,uncategorized
qun211ip_barrel,Gas Barrel,da2,,,,0,uncategorized
qun211ip_barrel_latch,Steel Latch,da2,,,,0,uncategorized
qun220cr_javaris,Javaris,da2,,,,0,uncategorized
qun220ip_at_chantry_n,The Chantry,da2,,,,0,uncategorized
qun221ar_chantry_nt,The Chantry,da2,,,,0,uncategorized
qun221cr_cleric,Sister Emeline,da2,,,,0,uncategorized
qun221cr_mob_leader,Mob Leader,da2,,,,0,uncategorized
qun221cr_petrice,Mother Petrice,da2,,,,0,uncategorized
qun221cr_petrice_mob,Righteous Mob,da2,,,,0,uncategorized
qun221cr_petrice_mob2,Righteous Mob,da2,,,,0,uncategorized
qun221cr_petrice_mob3,Righteous Mob,da2,,,,0,uncategorized
qun221cr_petrice_mob4,Righteous Mob,da2,,,,0,uncategorized
qun221cr_qunari_assassin,Ashaad,da2,,,,0,uncategorized
qun221cr_qunari_guard,Qunari,da2,,,,0,uncategorized
qun221cr_saemus,Saemus,da2,,,,0,uncategorized
qun221ip_at_cht_htown_nt,Hightown,da2,,,,0,uncategorized
qun230ar_cavern,Smuggler's Cut,da2,,,,0,uncategorized
qun230cr_carta_thug,Carta Thug,da2,,,,0,uncategorized
qun230cr_guild_contact,Coterie Barker,da2,,,,0,uncategorized
qun230ip_to_darktown,Darktown,da2,,,,0,uncategorized
qun230ip_to_smugglers_cut,Smuggler's Cut,da2,,,,0,uncategorized
qun230ip_to_wilderness,Wilderness,da2,,,,0,uncategorized
qun231ar_varnell_hideout,Ser Varnell's Refuge,da2,,,,0,uncategorized
qun231cr_envoy,Qunari Delegate,da2,,,,0,uncategorized
qun231cr_hideout_qunari,Qunari,da2,,,,0,uncategorized
qun231cr_qunari1,Qunari Delegate,da2,,,,0,uncategorized
qun231cr_qunari2,Qunari Delegate,da2,,,,0,uncategorized
qun231cr_qunari3,Qunari Delegate,da2,,,,0,uncategorized
qun231cr_varnell,Ser Varnell,da2,,,,0,uncategorized
qun231cr_varnell_minion1,Fanatic,da2,,,,0,uncategorized
qun231cr_varnell_minion2,Fanatic,da2,,,,0,uncategorized
qun231cr_varnell_minion3,Fanatic,da2,,,,0,uncategorized
qun231cr_varnell_minion4,Fanatic,da2,,,,0,uncategorized
qun231cr_varnell_minion5,Fanatic,da2,,,,0,uncategorized
qun231cr_varnell_minion6,Fanatic,da2,,,,0,uncategorized
qun231cr_varnell_minion7,Fanatic,da2,,,,0,uncategorized
qun231cr_varnell_minion8,Fanatic,da2,,,,0,uncategorized
qun231cr_viscount_guard1,Guard,da2,,,,0,uncategorized
qun231cr_viscount_guard2,Guard,da2,,,,0,uncategorized
qun231cr_viscount_guard3,Guard,da2,,,,0,uncategorized
qun231cr_viscount_guard4,Guard,da2,,,,0,uncategorized
qun231ip_chest_a,Chest,da2,,,,0,uncategorized
rdr110cr_dockworker,Longshoreman,da2,,,,0,uncategorized
rdr110cr_dockworker2,Longshoreman,da2,,,,0,uncategorized
rdr110cr_guard_sleeping,Guard,da2,,,,0,uncategorized
rdr110cr_guard_warehouse,Guard,da2,,,,0,uncategorized
rdr110cr_guard_warehouse2,Guard,da2,,,,0,uncategorized
rdr111ar_warehouse,Woodrow's Warehouse,da2,,,,0,uncategorized
rdr111cr_assistant,Aden,da2,,,,0,uncategorized
rdr111cr_harbormaster,Harbormaster Liam,da2,,,,0,uncategorized
rdr111cr_martin,Martin,da2,,,,0,uncategorized
rdr111ip_at_docks,Docks,da2,,,,0,uncategorized
rdr111ip_at_warehouse,Woodrow's Warehouse,da2,,,,0,uncategorized
rdr111ip_crate_cargo,Crate,da2,,,,0,uncategorized
rdr111ip_desk,Harbormaster's Desk,da2,,,,0,uncategorized
rdr111ip_martin_door,Door,da2,,,,0,uncategorized
rdrip_store,Martin's Contraband,da2,,,,0,uncategorized
rgb100im_rogue_1h_a,Bard's Honor,da2,,,https://dragonage.fandom.com/wiki/Bard%27s_Honor,0,uncategorized
rgb100im_rogue_1h_b,Fiona (axe),da2,,,https://dragonage.fandom.com/wiki/Fiona_(axe),0,uncategorized
rgb100im_rogue_boots,The River Trudgers,da2,,,https://dragonage.fandom.com/wiki/The_River_Trudgers,0,uncategorized
rgb100im_rogue_chest,Arms of the River Dane,da2,,,https://dragonage.fandom.com/wiki/Arms_of_the_River_Dane,0,uncategorized
rgb300im_rogue_boots,Path of the Wilds,da2,,,https://dragonage.fandom.com/wiki/Path_of_the_Wilds,0,uncategorized
rgb300im_rogue_chest,Arms of Mac Tir,da2,,,https://dragonage.fandom.com/wiki/Arms_of_Mac_Tir,0,uncategorized
rgb300im_rogue_gloves,The Queen's Guard,da2,,,https://dragonage.fandom.com/wiki/The_Queen%27s_Guard,0,uncategorized
rog000im_isabela_gift,Lady's Choice,da2,,,https://dragonage.fandom.com/wiki/Lady%27s_Choice,0,uncategorized
rog000im_sebastian_gift,The Light that Pierces,da2,,,https://dragonage.fandom.com/wiki/The_Light_that_Pierces,0,uncategorized
rog000im_varric_gift,Eye of the Bearded Dragon,da2,,,https://dragonage.fandom.com/wiki/Eye_of_the_Bearded_Dragon,0,uncategorized
rog100im_rogue_1h_a,Jarvia's Shank,da2,,,https://dragonage.fandom.com/wiki/Jarvia%27s_Shank,0,uncategorized
rog100im_rogue_1h_b,Beraht's Revenge,da2,,,https://dragonage.fandom.com/wiki/Beraht%27s_Revenge,0,uncategorized
rog100im_rogue_boots,Simon's Lament,da2,,,https://dragonage.fandom.com/wiki/Simon%27s_Lament,0,uncategorized
rog100im_rogue_bow,Hood's Message to the King,da2,,,https://dragonage.fandom.com/wiki/Hood%27s_Message_to_the_King,0,uncategorized
rog100im_rogue_chest,"The Rascal's Scale, by Coinheart",da2,,,"https://dragonage.fandom.com/wiki/The_Rascal%27s_Scale,_by_Coinheart",0,uncategorized
rog100im_rogue_helm,The Black Sheep's Visor,da2,,,https://dragonage.fandom.com/wiki/The_Black_Sheep%27s_Visor,0,uncategorized
rog200im_rogue_1h_a,Jarvia's Shank,da2,,,https://dragonage.fandom.com/wiki/Jarvia%27s_Shank,0,uncategorized
rog200im_rogue_1h_b,Beraht's Revenge,da2,,,https://dragonage.fandom.com/wiki/Beraht%27s_Revenge,0,uncategorized
rog200im_rogue_boots,Simon's Lament,da2,,,https://dragonage.fandom.com/wiki/Simon%27s_Lament,0,uncategorized
rog200im_rogue_bow,Hood's Message to the King,da2,,,https://dragonage.fandom.com/wiki/Hood%27s_Message_to_the_King,0,uncategorized
rog200im_rogue_chest,"The Rascal's Scale, by Coinheart",da2,,,"https://dragonage.fandom.com/wiki/The_Rascal%27s_Scale,_by_Coinheart",0,uncategorized
rog200im_rogue_helm,The Black Sheep's Visor,da2,,,https://dragonage.fandom.com/wiki/The_Black_Sheep%27s_Visor,0,uncategorized
rog300im_rogue_1h_a,Jarvia's Shank,da2,,,https://dragonage.fandom.com/wiki/Jarvia%27s_Shank,0,uncategorized
rog300im_rogue_1h_b,Beraht's Revenge,da2,,,https://dragonage.fandom.com/wiki/Beraht%27s_Revenge,0,uncategorized
rog300im_rogue_bow,Hood's Message to the King,da2,,,https://dragonage.fandom.com/wiki/Hood%27s_Message_to_the_King,0,uncategorized
rog300im_rogue_chest,The Black Fox's Jerkin,da2,,,https://dragonage.fandom.com/wiki/The_Black_Fox%27s_Jerkin,0,uncategorized
rog300im_rogue_gloves,The Lion's Claws,da2,,,https://dragonage.fandom.com/wiki/The_Lion%27s_Claws,0,uncategorized
rog300im_rogue_helm,Jasmine Cutty's Wrap,da2,,,https://dragonage.fandom.com/wiki/Jasmine_Cutty%27s_Wrap,0,uncategorized
seb100im_flint_chest,Flint Company Cuirass,da2,,,https://dragonage.fandom.com/wiki/Flint_Company_Cuirass,0,uncategorized
seb100im_vael_amulet,Meghan Vael's Locket,da2,,,https://dragonage.fandom.com/wiki/Meghan_Vael%27s_Locket,0,uncategorized
seb200im_allure_staff,Allure's Crook,da2,,,https://dragonage.fandom.com/wiki/Allure%27s_Crook,0,uncategorized
seb200im_fade_1h,Fade's Fury,da2,,,https://dragonage.fandom.com/wiki/Fade%27s_Fury,0,uncategorized
seb201cr_allure,Allure,da2,,,,0,uncategorized
seb201cr_lady_harimann,Lady Harimann,da2,,,,0,uncategorized
seb220ip_to_harimann_estate,Harimann Estate,da2,,,,0,uncategorized
seb221ar_harimann_estate,Harimann Estate,da2,,,,0,uncategorized
seb221at_to_ruin,Underground Passage,da2,,,,0,uncategorized
seb221cr_brett_harimann,Brett Harimann,da2,,,,0,uncategorized
seb221cr_flora_harimann,Flora Harimann,da2,,,,0,uncategorized
seb221cr_ruxton_harimann,Ruxton Harimann,da2,,,,0,uncategorized
seb221ip_at_hightown,Hightown,da2,,,,0,uncategorized
seb222ar_ruin,Underground Passage,da2,,,,0,uncategorized
seb222at_to_estate,Harimann Estate,da2,,,,0,uncategorized
seb300im_ether_amulet,Jewel of the Ether,da2,,,https://dragonage.fandom.com/wiki/Jewel_of_the_Ether,0,uncategorized
seb300im_low_dagger,The Low Blade,da2,,,https://dragonage.fandom.com/wiki/The_Low_Blade,0,uncategorized
seb300im_mage_shield,Mage's Friend,da2,,,https://dragonage.fandom.com/wiki/Mage%27s_Friend,0,uncategorized
seb300im_resolution_helm,The Resolutionist's Cap,da2,,,https://dragonage.fandom.com/wiki/The_Resolutionist%27s_Cap,0,uncategorized
seb320ip_at_keep,Viscount's Keep,da2,,,,0,uncategorized
seb321ar_keep_nt,Viscount's Keep,da2,,,,0,uncategorized
seb321cr_leliana,Leliana,da2,,,,0,uncategorized
seb321ip_at_hightown,Hightown,da2,,,,0,uncategorized
sebcr_merc_archer,Flint Company Mercenary,da2,,,,0,uncategorized
sebcr_merc_archer_f,Flint Company Mercenary,da2,,,,0,uncategorized
sebcr_merc_warrior_f,Flint Company Mercenary,da2,,,,0,uncategorized
sebcr_merch_warrior,Flint Company Mercenary,da2,,,,0,uncategorized
ser110ip_to_foundry,Dark Foundry,da2,,,,0,uncategorized
ser111ar_foundry,Dark Foundry,da2,,,,0,uncategorized
ser111ip_bone_sack,Sack of Bones,da2,,,,0,uncategorized
ser111ip_to_lowtown,Lowtown,da2,,,,0,uncategorized
ser120cr_ghyslain,Ghyslain de Carrac,da2,,,,0,uncategorized
ser120cr_market_guard,City Guardsman,da2,,,,0,uncategorized
ser120cr_market_guard_talk,City Guardsman,da2,,,,0,uncategorized
ser120cr_shade_cut,Shade,da2,,,,0,uncategorized
ser120cr_shade_cut2,Shade,da2,,,,0,uncategorized
ser120cr_shade_cut3,Shade,da2,,,,0,uncategorized
ser120ip_poster,Help Wanted,da2,,,,0,uncategorized
ser121cr_jethann,Jethann,da2,,,,0,uncategorized
ser130ar_emeric_encounter,Darktown: Emeric's Investigation,da2,,,,0,uncategorized
ser131ip_to_darktown,Meeting Place,da2,,,,0,uncategorized
ser131ip_to_darktown_2,Darktown,da2,,,,0,uncategorized
ser191cr_emeric,Emeric,da2,,,,0,uncategorized
ser210cr_witness,Urchin,da2,,,,0,uncategorized
ser210ip_blood_trail,Trail of Blood,da2,,,,0,uncategorized
ser210ip_to_dungeon,Hidden Trapdoor,da2,,,,0,uncategorized
ser211ar_dungeon,The Killer's Lair,da2,,,,0,uncategorized
ser211ar_foundry,Dark Foundry,da2,,,,0,uncategorized
ser211cr_demon_alessa,Possession of Alessa,da2,,,,0,uncategorized
ser211cr_demon_leandra,Possession of Leandra,da2,,,,0,uncategorized
ser211cr_demon_mharen,Possession of Mharen,da2,,,,0,uncategorized
ser211cr_demon_ninette,Possession of Ninette,da2,,,,0,uncategorized
ser211cr_mother,Mother,da2,,,,0,uncategorized
ser211ip_blood_trail_2,Trail of Blood,da2,,,,0,uncategorized
ser211ip_book,Book,da2,,,,0,uncategorized
ser211ip_dead_alessa,Dead Body,da2,,,,0,uncategorized
ser211ip_leave,Leave Area,da2,,,,0,uncategorized
ser211ip_mothers_ring,Locket,da2,,,,0,uncategorized
ser211ip_note_circle,Note,da2,,,,0,uncategorized
ser211ip_note_scribbles1,Note,da2,,,,0,uncategorized
ser211ip_note_scribbles2,Note,da2,,,,0,uncategorized
ser211ip_note_scribbles_3,Note,da2,,,,0,uncategorized
ser211ip_note_scribbles_4,Note,da2,,,,0,uncategorized
ser211ip_to_foundry,Foundry,da2,,,,0,uncategorized
ser211ip_to_foundry2,Foundry,da2,,,,0,uncategorized
ser211ip_to_gamlens,Gamlen's House,da2,,,,0,uncategorized
ser211ip_to_lowtown,Lowtown,da2,,,,0,uncategorized
ser220ip_to_estate,DuPuis Estate,da2,,,,0,uncategorized
ser221ar_murderer_estate_nt,DuPuis Estate,da2,,,,0,uncategorized
ser221cr_gascard,Gascard DuPuis,da2,,,,0,uncategorized
ser221cr_hostage,Alessa,da2,,,,0,uncategorized
ser221cr_last_corpse,Corpse,da2,,,,0,uncategorized
ser221ip_blood_vials,Vials of Blood,da2,,,,0,uncategorized
ser221ip_chest_1,Chest,da2,,,,0,uncategorized
ser221ip_chest_2,Chest,da2,,,,0,uncategorized
ser221ip_chest_clothes,Chest of Clothes,da2,,,,0,uncategorized
ser221ip_door_chase1,Door,da2,,,,0,uncategorized
ser221ip_door_west,North Wing,da2,,,,0,uncategorized
ser221ip_note_meredith,Note,da2,,,,0,uncategorized
ser221ip_note_shipment,Note,da2,,,,0,uncategorized
ser221ip_note_starkhaven,Note,da2,,,,0,uncategorized
ser221ip_to_hightown,Hightown,da2,,,,0,uncategorized
ser270_alley,Blind Alley,da2,,,,0,uncategorized
ser270cr_emeric,Emeric,da2,,,,0,uncategorized
ser270cr_templar,Moira,da2,,,,0,uncategorized
ser311cr_quentin,Quentin,da2,,,,0,uncategorized
sib110_carver_tobrius,Tobrius,da2,,,,0,uncategorized
sib130ip_at_family_estate,Amell Estate Cellar,da2,,,,0,uncategorized
sib131ar_exit_estate,Darktown,da2,,,,0,uncategorized
sib131ar_exit_estate2,Hightown,da2,,,,0,uncategorized
sib131ar_family_estate,Amell Estate Cellar,da2,,,,0,uncategorized
sib131cr_slave_a,Slave,da2,,,,0,uncategorized
sib131cr_slave_b,Slave,da2,,,,0,uncategorized
sib131cr_slave_c,Slave,da2,,,,0,uncategorized
sib131cr_slaver,Slave Guard,da2,,,,0,uncategorized
sib131cr_slaver_b,Slaver Assassin,da2,,,,0,uncategorized
sib131cr_slaver_lord,Master Slaver,da2,,,,0,uncategorized
sib131ip_chest_will,Chest,da2,,,,0,uncategorized
sib131ip_door_vault,Vault Door,da2,,,,0,uncategorized
tbe000im_ancient_chest,Ancient Leather Cuirass,da2,,,https://dragonage.fandom.com/wiki/Ancient_Leather_Cuirass,0,uncategorized
tbe000im_sorrow_dagger,Song of Sorrows,da2,,,https://dragonage.fandom.com/wiki/Song_of_Sorrows,0,uncategorized
tbe100ar_emporium,The Black Emporium,da2,,,,0,uncategorized
tbe100cr_golem,Emporium Golem,da2,,,,0,uncategorized
tbe100cr_urchin,Urchin Child,da2,,,,0,uncategorized
tbe100im_antivan_helm,Cap of the Antivan King,da2,,,https://dragonage.fandom.com/wiki/Cap_of_the_Antivan_King,0,uncategorized
tbe100im_desdemona_1h,Desdemona's Blade,da2,,,https://dragonage.fandom.com/wiki/Desdemona%27s_Blade,0,uncategorized
tbe100im_magister_staff,The Magister's Scythe,da2,,,https://dragonage.fandom.com/wiki/The_Magister%27s_Scythe,0,uncategorized
tbe100im_mystic_boot,Sandals of the Mystic,da2,,,https://dragonage.fandom.com/wiki/Sandals_of_the_Mystic,0,uncategorized
tbe100im_star_ring,The Fallen Star,da2,,,https://dragonage.fandom.com/wiki/The_Fallen_Star,0,uncategorized
tbe100im_treasure_map_1,Ancient Treasure Map,da2,,,,0,uncategorized
tbe100ip_mirror_transformat,Stare into the Mirror of Transformation,da2,,,,0,uncategorized
tbe100ip_shop_codex,The Basket of Lost Socks,da2,,,,0,uncategorized
tbe100ip_shop_codex_10,The Box of Screaming,da2,,,,0,uncategorized
tbe100ip_shop_codex_11,Velvet Cailan,da2,,,,0,uncategorized
tbe100ip_shop_codex_12,Vessel of Tears,da2,,,,0,uncategorized
tbe100ip_shop_codex_2,The Emergent Compendium,da2,,,,0,uncategorized
tbe100ip_shop_codex_4,Crate of Live Death Watch Beetles,da2,,,,0,uncategorized
tbe100ip_shop_codex_5,Broken Dowsing Rods,da2,,,,0,uncategorized
tbe100ip_shop_codex_7,Andraste in Nude Repose,da2,,,,0,uncategorized
tbe100ip_shop_codex_8,Chest of Unanswered Invitations,da2,,,,0,uncategorized
tbe100ip_shop_codex_9,Pickled Apples of Arlathan,da2,,,,0,uncategorized
tbe100ip_store_crafted_good,Emporium's Crafting Materials,da2,,,,0,uncategorized
tbe100ip_store_magic_good,Emporium's Relics and Antiques,da2,,,,0,uncategorized
tbe100ip_to_world_map,Leave Area,da2,,,,0,uncategorized
tbe100ip_xenon,Xenon the Antiquarian,da2,,,,0,uncategorized
tbe200im_barbarian_2h,The Barbarian's Blade,da2,,,https://dragonage.fandom.com/wiki/The_Barbarian%27s_Blade,0,uncategorized
tbe200im_fallen_dagger,Shard of the Fallen,da2,,,https://dragonage.fandom.com/wiki/Shard_of_the_Fallen,0,uncategorized
tbe200im_fate_gloves,The Hands of Fate,da2,,,https://dragonage.fandom.com/wiki/The_Hands_of_Fate,0,uncategorized
tbe200im_ponderer_helm,The Ponderer,da2,,,https://dragonage.fandom.com/wiki/The_Ponderer,0,uncategorized
tbe200im_sliver_bow,Sliver,da2,,,https://dragonage.fandom.com/wiki/Sliver,0,uncategorized
tbe300im_battle_1h,Blade of a Thousand Battles,da2,,,https://dragonage.fandom.com/wiki/Blade_of_a_Thousand_Battles,0,uncategorized
tbe300im_final_staff,The Final Thought,da2,,,https://dragonage.fandom.com/wiki/The_Final_Thought,0,uncategorized
tbe300im_maker_dagger,The Maker's Kiss,da2,,,https://dragonage.fandom.com/wiki/The_Maker%27s_Kiss,0,uncategorized
vis100ip_bounty_poster,Bounty - Rescue the Viscount's Son,da2,,,,0,uncategorized
vis110_commoner1,Lowtown Peasant,da2,,,,0,uncategorized
vis110_commoner2,Lowtown Peasant,da2,,,,0,uncategorized
vis110_commoner3,Lowtown Peasant,da2,,,,0,uncategorized
vis120_commoner1,Hightown Citizen,da2,,,,0,uncategorized
vis120_commoner2,Hightown Citizen,da2,,,,0,uncategorized
vis120_commoner3,Hightown Citizen,da2,,,,0,uncategorized
vis121cr_saemus,Saemus Dumar,da2,,,,0,uncategorized
vis160cr_ginnis,Ginnis,da2,,,,0,uncategorized
vis160cr_winter_archer,Winter Archer,da2,,,,0,uncategorized
vis160cr_winter_rogue,Winter Assassin,da2,,,,0,uncategorized
vis160cr_winter_warrior,Winter Warrior,da2,,,,0,uncategorized
vrc220ip_at_mansion,Bartrand's Estate,da2,,,,0,uncategorized
vrc221ar_mansion_fake,Bartrand's Estate,da2,,,,0,uncategorized
vrc221ar_mansion_real,Bartrand's Estate,da2,,,,0,uncategorized
vrc221cr_bartrand,Bartrand,da2,,,,0,uncategorized
vrc221cr_bartrand_fake,Bartrand,da2,,,,0,uncategorized
vrc221cr_crazed_archer,Crazed Guard,da2,,,,0,uncategorized
vrc221cr_crazed_commander,Crazed Commander,da2,,,,0,uncategorized
vrc221cr_crazed_warrior,Crazed Guard,da2,,,,0,uncategorized
vrc221cr_fake_commander,Guard,da2,,,,0,uncategorized
vrc221cr_guard_fake,Guard,da2,,,,0,uncategorized
vrc221cr_guards_fake,Guard,da2,,,,0,uncategorized
vrc221cr_hugin,Hugin,da2,,,,0,uncategorized
vrc221im_fake_bianca,Bianca,da2,,,https://dragonage.fandom.com/wiki/Bianca_(crossbow),0,uncategorized
vrc221ip_at_hightown,Hightown,da2,,,,0,uncategorized
vrc320ip_at_mansion,Bartrand's Estate,da2,,,,0,uncategorized
vrc321ar_mansion_haunted,Bartrand's Estate,da2,,,,0,uncategorized
vrc321cr_golem,Ethereal Golem,da2,,,,0,uncategorized
vrc321cr_golem_guard,Apparition,da2,,,,0,uncategorized
vrc321cr_housekeeper,Housekeeper,da2,,,,0,uncategorized
vrc321ip_at_hightown,Hightown,da2,,,,0,uncategorized
vrc321ip_haunted_door,Door,da2,,,,0,uncategorized
vrc321ip_ledger,Ledger,da2,,,,0,uncategorized
war000im_aveline_gift,The Guardian's Weighted Backhander,da2,,,https://dragonage.fandom.com/wiki/The_Guardian%27s_Weighted_Backhander,0,uncategorized
war000im_aveline_gift_2,Chevalier's Banded Pride,da2,,,https://dragonage.fandom.com/wiki/Chevalier%27s_Banded_Pride,0,uncategorized
war000im_carver_gift,Recruit's Band of Distinguished Service,da2,,,https://dragonage.fandom.com/wiki/Recruit%27s_Band_of_Distinguished_Service,0,uncategorized
war000im_carver_gift_2,Copper-Bladed Star,da2,,,https://dragonage.fandom.com/wiki/Copper-Bladed_Star,0,uncategorized
war000im_fenris_gift,The Lost Memory,da2,,,https://dragonage.fandom.com/wiki/The_Lost_Memory,0,uncategorized
war000im_fenris_gift_2,Band of Emancipation,da2,,,https://dragonage.fandom.com/wiki/Band_of_Emancipation,0,uncategorized
war100im_warrior_1h_sword,The Edge of Night,da2,,,https://dragonage.fandom.com/wiki/The_Edge_of_Night,0,uncategorized
war100im_warrior_2h_sword,The Blade of the Archon,da2,,,https://dragonage.fandom.com/wiki/The_Blade_of_the_Archon,0,uncategorized
war100im_warrior_boots,The Ancestor's Greaves,da2,,,https://dragonage.fandom.com/wiki/The_Ancestor%27s_Greaves,0,uncategorized
war100im_warrior_shield,Courage,da2,,,https://dragonage.fandom.com/wiki/Courage,0,uncategorized
war200im_warrior_1h_sword,The Edge of Night,da2,,,https://dragonage.fandom.com/wiki/The_Edge_of_Night,0,uncategorized
war200im_warrior_2h_sword,The Blade of the Archon,da2,,,https://dragonage.fandom.com/wiki/The_Blade_of_the_Archon,0,uncategorized
war200im_warrior_boots,The Ancestor's Greaves,da2,,,https://dragonage.fandom.com/wiki/The_Ancestor%27s_Greaves,0,uncategorized
war200im_warrior_shield,Courage,da2,,,https://dragonage.fandom.com/wiki/Courage,0,uncategorized
war300im_warrior_1h_sword,The Edge of Night,da2,,,https://dragonage.fandom.com/wiki/The_Edge_of_Night,0,uncategorized
war300im_warrior_2h_sword,The Empress's Point,da2,,,https://dragonage.fandom.com/wiki/The_Empress%27s_Point,0,uncategorized
war300im_warrior_boots,Golden Greaves,da2,,,https://dragonage.fandom.com/wiki/Golden_Greaves,0,uncategorized
war300im_warrior_chest,The Golden Prince's Raiment,da2,,,https://dragonage.fandom.com/wiki/The_Golden_Prince%27s_Raiment,0,uncategorized
war300im_warrior_helm,The Golden Mask,da2,,,https://dragonage.fandom.com/wiki/The_Golden_Mask,0,uncategorized
war300im_warrior_shield,Courage,da2,,,https://dragonage.fandom.com/wiki/Courage,0,uncategorized
wrb000im_aveline_gift,Chevalier's Banded Pride,da2,,,https://dragonage.fandom.com/wiki/Chevalier%27s_Banded_Pride,0,uncategorized
wrb000im_carver_gift,Copper-Bladed Star,da2,,,https://dragonage.fandom.com/wiki/Copper-Bladed_Star,0,uncategorized
wrb000im_fenris_gift,Band of Emancipation,da2,,,https://dragonage.fandom.com/wiki/Band_of_Emancipation,0,uncategorized
wrb100im_warrior_1h_sword,The Mountain-Father's Haft,da2,,,https://dragonage.fandom.com/wiki/The_Mountain-Father%27s_Haft,0,uncategorized
wrb100im_warrior_2h_sword,The Dogs of War,da2,,,https://dragonage.fandom.com/wiki/The_Dogs_of_War,0,uncategorized
wrb100im_warrior_boots,Coldsteel Greaves,da2,,,https://dragonage.fandom.com/wiki/Coldsteel_Greaves,0,uncategorized
wrb100im_warrior_chest,The Ashen Cuirass,da2,,,https://dragonage.fandom.com/wiki/The_Ashen_Cuirass,0,uncategorized
wrb300im_warrior_chest,Hauberk of Gelgenig the Faithful,da2,,,https://dragonage.fandom.com/wiki/Hauberk_of_Gelgenig_the_Faithful,0,uncategorized
wrb300im_warrior_helm,The Visionary's Visor,da2,,,https://dragonage.fandom.com/wiki/The_Visionary%27s_Visor,0,uncategorized
zz_amb_beggar,Beggar,da2,,,,0,uncategorized
zz_area_signage1,Qunari Compound,da2,,,,0,uncategorized
zz_area_signage10,Isabela's Foundry,da2,,,,0,uncategorized
zz_area_signage11,Serial Killer Foundry,da2,,,,0,uncategorized
zz_area_signage12,The Hanged Man,da2,,,,0,uncategorized
zz_area_signage13,Hightown Market,da2,,,,0,uncategorized
zz_area_signage14,Brothel (only open at night),da2,,,,0,uncategorized
zz_area_signage15,The Keep,da2,,,,0,uncategorized
zz_area_signage16,Dwarf Guild,da2,,,,0,uncategorized
zz_area_signage17,Hightown Store (Hunter and Hunted),da2,,,,0,uncategorized
zz_area_signage2,Lowtown Bazaar,da2,,,,0,uncategorized
zz_area_signage3,Gamlen's House,da2,,,,0,uncategorized
zz_area_signage4,Abandoned Warehouse (Wayward Son),da2,,,,0,uncategorized
zz_area_signage5,Warehouse (Merchant's Plot),da2,,,,0,uncategorized
zz_area_signage6,Warehouse (Smuggler's Plot),da2,,,,0,uncategorized
zz_area_signage7,Darktown,da2,,,,0,uncategorized
zz_area_signage8,Elven Alienage,da2,,,,0,uncategorized
zz_area_signage9,Merrill's Shack,da2,,,,0,uncategorized
zz_area_signage_18,Warehouse (Hunter and Hunted),da2,,,,0,uncategorized
zz_area_signage_19,The Gallows is Closed at Night,da2,,,,0,uncategorized
zz_area_signage_20,Anders's Base,da2,,,,0,uncategorized
zz_combat_demo,Gallows Courtyard,da2,,,,0,uncategorized
zz_combat_demo_start,Start Combat,da2,,,,0,uncategorized
zz_crowd_1,Crowd Male 1,da2,,,,0,uncategorized
zz_crowd_2,Crowd Male 2,da2,,,,0,uncategorized
zz_dae000ip_letter_desk,Letters for the Player,da2,,,,0,uncategorized
zz_facefx_test,zz_facefx_test,da2,,,,0,uncategorized
zz_ip_at_to_encounter,DELETE ME,da2,,,,0,uncategorized
zz_mer120ip_at_bone_pit,The Bone Pit,da2,,,,0,uncategorized
zz_mrl150ip_fence,Debug Fence,da2,,,,0,uncategorized
zz_mrl150ip_stage,Debug Fence,da2,,,,0,uncategorized
zz_mrl150ip_torchmarker,Debug Torch Marker,da2,,,,0,uncategorized
zz_qa_open,Open Bug,da2,,,,0,uncategorized
zz_qa_resolved,Resolved Bug,da2,,,,0,uncategorized
zz_spy121cr_cordy,Cordelia,da2,,,,0,uncategorized
zz_spy121cr_jalen,Lieutenant Jalen,da2,,,,0,uncategorized
zz_spy130cr_bookerthug,Darktown Thug,da2,,,,0,uncategorized
zz_spy130cr_darktown_res_1,Darktown Resident,da2,,,,0,uncategorized
zz_spy130cr_darktown_res_2,Darktown Resident,da2,,,,0,uncategorized
zz_spy130cr_darktown_res_3,Darktown Resident,da2,,,,0,uncategorized
zz_spy130cr_morton,Mad Marta,da2,,,,0,uncategorized
zz_spy131cr_booker_thug2,Street Thug,da2,,,,0,uncategorized
zz_spy132cr_booker,Booker,da2,,,,0,uncategorized
zz_spy133cr_disciple,Disciple,da2,,,,0,uncategorized
zz_spy133cr_slave,Slave,da2,,,,0,uncategorized
zz_start_dre,DEBUG - Click to advance Crit Path plot,da2,,,,0,uncategorized
zz_start_mcr,DEBUG - Click to advance Crit Path plot,da2,,,,0,uncategorized
zz_start_qcr,DEBUG - Click to advance Crit Path plot,da2,,,,0,uncategorized
zz_stever_test,Female Warrior - LOCKED,da2,,,,0,uncategorized
tbe100im_anderfel_2h,The Anderfel Cleaver,da2,,,https://dragonage.fandom.com/wiki/The_Anderfel_Cleaver,0,weapons.battleaxes
drk_im_wep_rog_arc_artifact,The Hawke's Key,da2,,,https://dragonage.fandom.com/wiki/The_Hawke%27s_Key,0,weapons.bows
eye_im_wep_rog_arc_01,The Houndmaster's Shortbow,da2,,,https://dragonage.fandom.com/wiki/The_Houndmaster%27s_Shortbow,0,weapons.bows
eye_im_wep_rog_arc_02,The Wyvern's Sting,da2,,,,0,weapons.bows
gen_im_wep_rog_arc_act0_01,Weathered Bow,da2,,,https://dragonage.fandom.com/wiki/Weathered_Bow,0,weapons.bows
gen_im_wep_rog_arc_act0_02,Mercenary's Recurve,da2,,,https://dragonage.fandom.com/wiki/Mercenary%27s_Recurve,0,weapons.bows
gen_im_wep_rog_arc_act0_03,Undeclared Orlesian Longbow,da2,,,https://dragonage.fandom.com/wiki/Undeclared_Orlesian_Longbow,0,weapons.bows
gen_im_wep_rog_arc_act0_04,Renegade's Ruin,da2,,,https://dragonage.fandom.com/wiki/Renegade%27s_Ruin,0,weapons.bows
gen_im_wep_rog_arc_act1_01,Nevarran Lancer,da2,,,https://dragonage.fandom.com/wiki/Nevarran_Lancer,0,weapons.bows
gen_im_wep_rog_arc_act1_02,The Runt's Spiker,da2,,,https://dragonage.fandom.com/wiki/The_Runt%27s_Spiker,0,weapons.bows
gen_im_wep_rog_arc_act1_03,Longtouch,da2,,,https://dragonage.fandom.com/wiki/Longtouch,0,weapons.bows
gen_im_wep_rog_arc_act1_04,The Trepanner's Gift,da2,,,https://dragonage.fandom.com/wiki/The_Trepanner%27s_Gift,0,weapons.bows
gen_im_wep_rog_arc_act1_05,Cracked Bow,da2,,,https://dragonage.fandom.com/wiki/Cracked_Bow,0,weapons.bows
gen_im_wep_rog_arc_act2_01,Borderfall,da2,,,https://dragonage.fandom.com/wiki/Borderfall,0,weapons.bows
gen_im_wep_rog_arc_act2_02,Felons' Punch-Gut,da2,,,https://dragonage.fandom.com/wiki/Felons%27_Punch-Gut,0,weapons.bows
gen_im_wep_rog_arc_act2_03,Swarm,da2,,,https://dragonage.fandom.com/wiki/Swarm,0,weapons.bows
gen_im_wep_rog_arc_act2_04,Quills of the Heretic,da2,,,https://dragonage.fandom.com/wiki/Quills_of_the_Heretic,0,weapons.bows
gen_im_wep_rog_arc_act2_05,The Heavens' Answer,da2,,,https://dragonage.fandom.com/wiki/The_Heavens%27_Answer,0,weapons.bows
gen_im_wep_rog_arc_act2_06,Mont de Glace Strand,da2,,,https://dragonage.fandom.com/wiki/Mont_de_Glace_Strand,0,weapons.bows
gen_im_wep_rog_arc_act2_07,Recurve Bow,da2,,,https://dragonage.fandom.com/wiki/Recurve_Bow,0,weapons.bows
gen_im_wep_rog_arc_act3_01,Bassrath-Kata,da2,,,https://dragonage.fandom.com/wiki/Bassrath-Kata_(longbow),0,weapons.bows
gen_im_wep_rog_arc_act3_02,Cynoeswr Sain,da2,,,https://dragonage.fandom.com/wiki/Cynoeswr_Sain,0,weapons.bows
gen_im_wep_rog_arc_act3_03,The Runner's Retort,da2,,,https://dragonage.fandom.com/wiki/The_Runner%27s_Retort,0,weapons.bows
gen_im_wep_rog_arc_act3_04,Crosscut Composite,da2,,,https://dragonage.fandom.com/wiki/Crosscut_Composite,0,weapons.bows
gen_im_wep_rog_arc_act3_05,Righteous Rain,da2,,,https://dragonage.fandom.com/wiki/Righteous_Rain,0,weapons.bows
gen_im_wep_rog_arc_act3_06,Truebow,da2,,,https://dragonage.fandom.com/wiki/Truebow,0,weapons.bows
gen_im_wep_rog_arc_default,Basic Longbow,da2,,,https://dragonage.fandom.com/wiki/Basic_Longbow,0,weapons.bows
gen_im_wep_rog_arc_lore_01,Jackal's Longbow,da2,,,https://dragonage.fandom.com/wiki/Jackal%27s_Longbow,0,weapons.bows
gen_im_wep_rog_arc_lore_02,Absolution,da2,,,https://dragonage.fandom.com/wiki/Absolution,0,weapons.bows
gen_im_wep_rog_arc_lore_03,Bianca,da2,,,https://dragonage.fandom.com/wiki/Bianca_(longbow),0,weapons.bows
gen_im_wep_rog_arc_start,Fereldan Shortbow,da2,,,https://dragonage.fandom.com/wiki/Fereldan_Shortbow,0,weapons.bows
drk_im_wep_rog_dua_artifact,The Hawke's Key,da2,,,https://dragonage.fandom.com/wiki/The_Hawke%27s_Key,0,weapons.daggers
eye_im_wep_rog_dua_01,Sacrificial Dagger,da2,,,https://dragonage.fandom.com/wiki/Sacrificial_Dagger,0,weapons.daggers
gen_im_wep_rog_dua_act0_01,Hunter's Skinning Knife,da2,,,https://dragonage.fandom.com/wiki/Hunter%27s_Skinning_Knife,0,weapons.daggers
gen_im_wep_rog_dua_act0_02,Mercenary's Shanker,da2,,,https://dragonage.fandom.com/wiki/Mercenary%27s_Shanker,0,weapons.daggers
gen_im_wep_rog_dua_act0_03,Enforcer's Blade,da2,,,https://dragonage.fandom.com/wiki/Enforcer%27s_Blade,0,weapons.daggers
gen_im_wep_rog_dua_act0_04,Blemished Dagger,da2,,,https://dragonage.fandom.com/wiki/Blemished_Dagger,0,weapons.daggers
gen_im_wep_rog_dua_act1_01,Bloodletter,da2,,,https://dragonage.fandom.com/wiki/Bloodletter,0,weapons.daggers
gen_im_wep_rog_dua_act1_02,The Bodice Ripper,da2,,,https://dragonage.fandom.com/wiki/The_Bodice_Ripper,0,weapons.daggers
gen_im_wep_rog_dua_act1_03,Blade of Red Birth,da2,,,https://dragonage.fandom.com/wiki/Blade_of_Red_Birth,0,weapons.daggers
gen_im_wep_rog_dua_act1_04,Thrice-Bound,da2,,,https://dragonage.fandom.com/wiki/Thrice-Bound,0,weapons.daggers
gen_im_wep_rog_dua_act1_05,Cruel Dagger,da2,,,https://dragonage.fandom.com/wiki/Cruel_Dagger,0,weapons.daggers
gen_im_wep_rog_dua_act1_06,Tarnished Dagger,da2,,,https://dragonage.fandom.com/wiki/Tarnished_Dagger,0,weapons.daggers
gen_im_wep_rog_dua_act1_07,Arm of Adruil,da2,,,https://dragonage.fandom.com/wiki/Arm_of_Adruil,0,weapons.daggers
gen_im_wep_rog_dua_act2_01,Chum-Cutter,da2,,,https://dragonage.fandom.com/wiki/Chum-Cutter,0,weapons.daggers
gen_im_wep_rog_dua_act2_02,Honeycut,da2,,,https://dragonage.fandom.com/wiki/Honeycut,0,weapons.daggers
gen_im_wep_rog_dua_act2_03,Stitch-Maker,da2,,,https://dragonage.fandom.com/wiki/Stitch-Maker,0,weapons.daggers
gen_im_wep_rog_dua_act2_04,Shine,da2,,,https://dragonage.fandom.com/wiki/Shine,0,weapons.daggers
gen_im_wep_rog_dua_act2_05,The Tiny Cut (413 of 1000),da2,,,https://dragonage.fandom.com/wiki/The_Tiny_Cut_(413_of_1000),0,weapons.daggers
gen_im_wep_rog_dua_act2_06,Seven Deaths,da2,,,https://dragonage.fandom.com/wiki/Seven_Deaths,0,weapons.daggers
gen_im_wep_rog_dua_act2_07,Guild Dagger,da2,,,https://dragonage.fandom.com/wiki/Guild_Dagger,0,weapons.daggers
gen_im_wep_rog_dua_act2_08,Coterie Shiv,da2,,,https://dragonage.fandom.com/wiki/Coterie_Shiv,0,weapons.daggers
gen_im_wep_rog_dua_act3_01,The Offhand Blade,da2,,,https://dragonage.fandom.com/wiki/The_Offhand_Blade,0,weapons.daggers
gen_im_wep_rog_dua_act3_02,Bassrath-Kata,da2,,,https://dragonage.fandom.com/wiki/Bassrath-Kata_(dagger),0,weapons.daggers
gen_im_wep_rog_dua_act3_03,Blade of the Many,da2,,,https://dragonage.fandom.com/wiki/Blade_of_the_Many,0,weapons.daggers
gen_im_wep_rog_dua_act3_04,Red Jenny Backbiter,da2,,,https://dragonage.fandom.com/wiki/Red_Jenny_Backbiter,0,weapons.daggers
gen_im_wep_rog_dua_act3_05,Tine,da2,,,https://dragonage.fandom.com/wiki/Tine,0,weapons.daggers
gen_im_wep_rog_dua_act3_06,The Pairing Knife,da2,,,https://dragonage.fandom.com/wiki/The_Pairing_Knife,0,weapons.daggers
gen_im_wep_rog_dua_act3_07,Ragged Edge,da2,,,https://dragonage.fandom.com/wiki/Ragged_Edge,0,weapons.daggers
gen_im_wep_rog_dua_act3_08,Disciple's Blade,da2,,,https://dragonage.fandom.com/wiki/Disciple%27s_Blade,0,weapons.daggers
gen_im_wep_rog_dua_act3_09,Spider's Heart,da2,,,https://dragonage.fandom.com/wiki/Spider%27s_Heart,0,weapons.daggers
gen_im_wep_rog_dua_act3_10,Shadow's Claw,da2,,,https://dragonage.fandom.com/wiki/Shadow%27s_Claw,0,weapons.daggers
gen_im_wep_rog_dua_default,Basic Dagger,da2,,,https://dragonage.fandom.com/wiki/Basic_Dagger,0,weapons.daggers
gen_im_wep_rog_dua_iconic,Champion's Edge,da2,,,,0,weapons.daggers
gen_im_wep_rog_dua_lore_01,Carta's Right-Hand,da2,,,https://dragonage.fandom.com/wiki/Carta%27s_Right-Hand,0,weapons.daggers
gen_im_wep_rog_dua_lore_02,Finesse,da2,,,https://dragonage.fandom.com/wiki/Finesse,0,weapons.daggers
gen_im_wep_rog_dua_lore_03,Carta's Left-Hand,da2,,,https://dragonage.fandom.com/wiki/Carta%27s_Left-Hand,0,weapons.daggers
gen_im_wep_rog_dua_start,Fereldan Dagger,da2,,,https://dragonage.fandom.com/wiki/Fereldan_Dagger,0,weapons.daggers
and110cr_street_archer,Refugee Bowman,da2,,,,0,weapons.longbows
rgb100im_rogue_bow,Longbow of the Avvars,da2,,,https://dragonage.fandom.com/wiki/Longbow_of_the_Avvars,0,weapons.longbows
tbe100im_artlathan_bow,Arlathan Replica Bow,da2,,,https://dragonage.fandom.com/wiki/Arlathan_Replica_Bow,0,weapons.longbows
genip_sword,Sword,da2,,,,0,weapons.longswords
drk_im_wep_war_one_artifact,The Hawke's Key,da2,,,https://dragonage.fandom.com/wiki/The_Hawke%27s_Key,0,weapons.one_handed
eye_im_wep_war_one_01,Baron Arlange's Sword,da2,,,https://dragonage.fandom.com/wiki/Baron_Arlange%27s_Sword,0,weapons.one_handed
gen_im_wep_war_one_act0_01,Landsman's Cudgel,da2,,,https://dragonage.fandom.com/wiki/Landsman%27s_Cudgel,0,weapons.one_handed
gen_im_wep_war_one_act0_02,Mercenary's Blade,da2,,,https://dragonage.fandom.com/wiki/Mercenary%27s_Blade,0,weapons.one_handed
gen_im_wep_war_one_act0_03,Smuggled Fereldan Blade,da2,,,https://dragonage.fandom.com/wiki/Smuggled_Fereldan_Blade,0,weapons.one_handed
gen_im_wep_war_one_act0_04,Cammer's Reach,da2,,,https://dragonage.fandom.com/wiki/Cammer%27s_Reach,0,weapons.one_handed
gen_im_wep_war_one_act1_01,Overland Render,da2,,,https://dragonage.fandom.com/wiki/Overland_Render,0,weapons.one_handed
gen_im_wep_war_one_act1_02,Edge of Song and Glory,da2,,,https://dragonage.fandom.com/wiki/Edge_of_Song_and_Glory,0,weapons.one_handed
gen_im_wep_war_one_act1_03,Palvo's Cocksure Cleaver,da2,,,https://dragonage.fandom.com/wiki/Palvo%27s_Cocksure_Cleaver,0,weapons.one_handed
gen_im_wep_war_one_act1_04,Thudpucker's Fist,da2,,,https://dragonage.fandom.com/wiki/Thudpucker%27s_Fist,0,weapons.one_handed
gen_im_wep_war_one_act1_05,Trust and Cut Blade,da2,,,https://dragonage.fandom.com/wiki/Trust_and_Cut_Blade,0,weapons.one_handed
gen_im_wep_war_one_act1_06,Maelstrom,da2,,,https://dragonage.fandom.com/wiki/Maelstrom,0,weapons.one_handed
gen_im_wep_war_one_act1_07,Notched Sword,da2,,,https://dragonage.fandom.com/wiki/Notched_Sword,0,weapons.one_handed
gen_im_wep_war_one_act2_01,Red Earth Long One,da2,,,https://dragonage.fandom.com/wiki/Red_Earth_Long_One,0,weapons.one_handed
gen_im_wep_war_one_act2_02,Sundarin Thunder,da2,,,https://dragonage.fandom.com/wiki/Sundarin_Thunder,0,weapons.one_handed
gen_im_wep_war_one_act2_03,Windsong Axe,da2,,,https://dragonage.fandom.com/wiki/Windsong_Axe,0,weapons.one_handed
gen_im_wep_war_one_act2_04,The Wailer,da2,,,https://dragonage.fandom.com/wiki/The_Wailer,0,weapons.one_handed
gen_im_wep_war_one_act2_05,One-Cut,da2,,,https://dragonage.fandom.com/wiki/One-Cut,0,weapons.one_handed
gen_im_wep_war_one_act2_06,Markham Heart Stopper,da2,,,https://dragonage.fandom.com/wiki/Markham_Heart_Stopper,0,weapons.one_handed
gen_im_wep_war_one_act2_07,Royeaux One and Two,da2,,,https://dragonage.fandom.com/wiki/Royeaux_One_and_Two_(Dragon_Age_II),0,weapons.one_handed
gen_im_wep_war_one_act2_08,Darktown Blade,da2,,,https://dragonage.fandom.com/wiki/Darktown_Blade,0,weapons.one_handed
gen_im_wep_war_one_act3_01,Bassrath-Kata,da2,,,https://dragonage.fandom.com/wiki/Bassrath-Kata_(longsword),0,weapons.one_handed
gen_im_wep_war_one_act3_02,Perrin's Nail,da2,,,https://dragonage.fandom.com/wiki/Perrin%27s_Nail,0,weapons.one_handed
gen_im_wep_war_one_act3_03,Hack,da2,,,https://dragonage.fandom.com/wiki/Hack,0,weapons.one_handed
gen_im_wep_war_one_act3_04,Smooth Rasp,da2,,,https://dragonage.fandom.com/wiki/Smooth_Rasp,0,weapons.one_handed
gen_im_wep_war_one_act3_05,The Weight,da2,,,https://dragonage.fandom.com/wiki/The_Weight,0,weapons.one_handed
gen_im_wep_war_one_act3_06,The Bringer of Silence,da2,,,https://dragonage.fandom.com/wiki/The_Bringer_of_Silence,0,weapons.one_handed
gen_im_wep_war_one_act3_07,Woodsman's Ire,da2,,,https://dragonage.fandom.com/wiki/Woodsman%27s_Ire,0,weapons.one_handed
gen_im_wep_war_one_act3_08,Raider Sword,da2,,,https://dragonage.fandom.com/wiki/Raider_Sword,0,weapons.one_handed
gen_im_wep_war_one_act3_09,City Guard Sword,da2,,,https://dragonage.fandom.com/wiki/City_Guard_Sword,0,weapons.one_handed
gen_im_wep_war_one_act3_10,Sword of the Antaam,da2,,,https://dragonage.fandom.com/wiki/Sword_of_the_Antaam,0,weapons.one_handed
gen_im_wep_war_one_default,Basic Longsword,da2,,,https://dragonage.fandom.com/wiki/Basic_Longsword,0,weapons.one_handed
gen_im_wep_war_one_lore_01,Sataareth,da2,,,https://dragonage.fandom.com/wiki/Sataareth,0,weapons.one_handed
gen_im_wep_war_one_lore_02,Aurvar's Prize,da2,,,https://dragonage.fandom.com/wiki/Aurvar%27s_Prize,0,weapons.one_handed
gen_im_wep_war_one_lore_03,The Vague Blade,da2,,,https://dragonage.fandom.com/wiki/The_Vague_Blade,0,weapons.one_handed
gen_im_wep_war_one_lore_04,Glandivalis,da2,,,https://dragonage.fandom.com/wiki/Glandivalis,0,weapons.one_handed
gen_im_wep_war_one_start,Fereldan Longsword,da2,,,https://dragonage.fandom.com/wiki/Fereldan_Longsword,0,weapons.one_handed
drk_im_wep_mag_artifact,The Hawke's Key,da2,,,https://dragonage.fandom.com/wiki/The_Hawke%27s_Key,0,weapons.staves
drk_im_wep_mag_bethany,Bloodline,da2,,,https://dragonage.fandom.com/wiki/Bloodline_(Legacy),0,weapons.staves
eye_im_wep_mag_sta_01,Sting,da2,,,https://dragonage.fandom.com/wiki/Sting,0,weapons.staves
gen_im_wep_mag_sta_act0_01,Free Man's Staff,da2,,,https://dragonage.fandom.com/wiki/Free_Man%27s_Staff,0,weapons.staves
gen_im_wep_mag_sta_act0_02,Mercenary's Staff,da2,,,https://dragonage.fandom.com/wiki/Mercenary%27s_Staff,0,weapons.staves
gen_im_wep_mag_sta_act0_03,"""Imported"" Circle Staff",da2,,,https://dragonage.fandom.com/wiki/%22Imported%22_Circle_Staff,0,weapons.staves
gen_im_wep_mag_sta_act0_04,Blemished,da2,,,https://dragonage.fandom.com/wiki/Blemished,0,weapons.staves
gen_im_wep_mag_sta_act1_01,Chanters' Staff,da2,,,https://dragonage.fandom.com/wiki/Chanters%27_Staff,0,weapons.staves
gen_im_wep_mag_sta_act1_02,The Hypnotist's Staff,da2,,,https://dragonage.fandom.com/wiki/The_Hypnotist%27s_Staff,0,weapons.staves
gen_im_wep_mag_sta_act1_03,The Turncoat's Walking Stick,da2,,,https://dragonage.fandom.com/wiki/The_Turncoat%27s_Walking_Stick,0,weapons.staves
gen_im_wep_mag_sta_act1_04,Staff of the Primal Order,da2,,,https://dragonage.fandom.com/wiki/Staff_of_the_Primal_Order,0,weapons.staves
gen_im_wep_mag_sta_act1_05,Acolyte's Staff,da2,,,https://dragonage.fandom.com/wiki/Acolyte%27s_Staff_(Dragon_Age_II_Act_1),0,weapons.staves
gen_im_wep_mag_sta_act2_01,Stone's Breath,da2,,,https://dragonage.fandom.com/wiki/Stone%27s_Breath,0,weapons.staves
gen_im_wep_mag_sta_act2_02,Hubris,da2,,,https://dragonage.fandom.com/wiki/Hubris,0,weapons.staves
gen_im_wep_mag_sta_act2_03,Wintersbreath,da2,,,https://dragonage.fandom.com/wiki/Wintersbreath_(Dragon_Age_II),0,weapons.staves
gen_im_wep_mag_sta_act2_04,Crooked Staff,da2,,,https://dragonage.fandom.com/wiki/Crooked_Staff,0,weapons.staves
gen_im_wep_mag_sta_act2_05,Sketch's Resplit-Shaft,da2,,,https://dragonage.fandom.com/wiki/Sketch%27s_Resplit-Shaft,0,weapons.staves
gen_im_wep_mag_sta_act2_06,Acolyte's Staff,da2,,,https://dragonage.fandom.com/wiki/Acolyte%27s_Staff_(Dragon_Age_II_Act_2),0,weapons.staves
gen_im_wep_mag_sta_act2_07,Enchanter's Staff,da2,,,https://dragonage.fandom.com/wiki/Enchanter%27s_Staff_(Dragon_Age_II),0,weapons.staves
gen_im_wep_mag_sta_act3_01,Bassrath-Kata,da2,,,https://dragonage.fandom.com/wiki/Bassrath-Kata_(staff),0,weapons.staves
gen_im_wep_mag_sta_act3_02,The Sylvan's Heart,da2,,,https://dragonage.fandom.com/wiki/The_Sylvan%27s_Heart,0,weapons.staves
gen_im_wep_mag_sta_act3_03,Voracity,da2,,,https://dragonage.fandom.com/wiki/Voracity,0,weapons.staves
gen_im_wep_mag_sta_act3_04,The Tiger's Tail,da2,,,https://dragonage.fandom.com/wiki/The_Tiger%27s_Tail,0,weapons.staves
gen_im_wep_mag_sta_act3_05,Torch of Falon'Din,da2,,,https://dragonage.fandom.com/wiki/Torch_of_Falon%27Din,0,weapons.staves
gen_im_wep_mag_sta_act3_06,Eye of the Storm,da2,,,https://dragonage.fandom.com/wiki/Eye_of_the_Storm,0,weapons.staves
gen_im_wep_mag_sta_act3_07,Mutiny,da2,,,https://dragonage.fandom.com/wiki/Mutiny,0,weapons.staves
gen_im_wep_mag_sta_act3_08,Architect's Legacy,da2,,,https://dragonage.fandom.com/wiki/Architect%27s_Legacy,0,weapons.staves
gen_im_wep_mag_sta_act3_09,Corrupted Acolyte's Staff,da2,,,https://dragonage.fandom.com/wiki/Corrupted_Acolyte%27s_Staff,0,weapons.staves
gen_im_wep_mag_sta_default,Basic Staff,da2,,,https://dragonage.fandom.com/wiki/Basic_Staff,0,weapons.staves
gen_im_wep_mag_sta_ico_fake,Champion's Warstaff,da2,,,,0,weapons.staves
gen_im_wep_mag_sta_iconic,Champion's Warstaff,da2,,,,0,weapons.staves
gen_im_wep_mag_sta_lore_01,Staff of Violation,da2,,,https://dragonage.fandom.com/wiki/Staff_of_Violation,0,weapons.staves
gen_im_wep_mag_sta_lore_02,Cold-Blooded,da2,,,https://dragonage.fandom.com/wiki/Cold-Blooded,0,weapons.staves
gen_im_wep_mag_sta_lore_03,Valdasine,da2,,,https://dragonage.fandom.com/wiki/Valdasine,0,weapons.staves
gen_im_wep_mag_sta_start,Apostate Staff,da2,,,https://dragonage.fandom.com/wiki/Apostate_Staff,0,weapons.staves
drk_im_wep_war_two_artifact,The Hawke's Key,da2,,,https://dragonage.fandom.com/wiki/The_Hawke%27s_Key,0,weapons.two_handed
drk_im_wep_war_two_carver,Lineage,da2,,,https://dragonage.fandom.com/wiki/Lineage,0,weapons.two_handed
eye_im_wep_war_two_01,Dragon's Breath,da2,,,https://dragonage.fandom.com/wiki/Dragon%27s_Breath,0,weapons.two_handed
gen_im_wep_war_two_act0_01,Fereldan Broadaxe,da2,,,https://dragonage.fandom.com/wiki/Fereldan_Broadaxe_(Dragon_Age_II),0,weapons.two_handed
gen_im_wep_war_two_act0_02,Mercenary's Longblade,da2,,,https://dragonage.fandom.com/wiki/Mercenary%27s_Longblade,0,weapons.two_handed
gen_im_wep_war_two_act0_03,"""Imported"" Antivan Blade",da2,,,https://dragonage.fandom.com/wiki/%22Imported%22_Antivan_Blade,0,weapons.two_handed
gen_im_wep_war_two_act0_04,Rebel Queen,da2,,,https://dragonage.fandom.com/wiki/Rebel_Queen,0,weapons.two_handed
gen_im_wep_war_two_act1_01,The Ream-Ward,da2,,,https://dragonage.fandom.com/wiki/The_Ream-Ward,0,weapons.two_handed
gen_im_wep_war_two_act1_02,Red Grace,da2,,,https://dragonage.fandom.com/wiki/Red_Grace,0,weapons.two_handed
gen_im_wep_war_two_act1_03,Caskhead's Portable Anvil,da2,,,https://dragonage.fandom.com/wiki/Caskhead%27s_Portable_Anvil,0,weapons.two_handed
gen_im_wep_war_two_act1_04,Reforged Hossberg Twainer,da2,,,https://dragonage.fandom.com/wiki/Reforged_Hossberg_Twainer,0,weapons.two_handed
gen_im_wep_war_two_act1_05,Templar Great Sword,da2,,,https://dragonage.fandom.com/wiki/Templar_Great_Sword,0,weapons.two_handed
gen_im_wep_war_two_act2_01,The Brothers' End,da2,,,https://dragonage.fandom.com/wiki/The_Brothers%27_End,0,weapons.two_handed
gen_im_wep_war_two_act2_02,Persuasion,da2,,,https://dragonage.fandom.com/wiki/Persuasion,0,weapons.two_handed
gen_im_wep_war_two_act2_03,All-Fall,da2,,,https://dragonage.fandom.com/wiki/All-Fall,0,weapons.two_handed
gen_im_wep_war_two_act2_04,Oath-Breaker,da2,,,https://dragonage.fandom.com/wiki/Oath-Breaker,0,weapons.two_handed
gen_im_wep_war_two_act2_05,Potency,da2,,,https://dragonage.fandom.com/wiki/Potency,0,weapons.two_handed
gen_im_wep_war_two_act2_06,Binky's Comfort,da2,,,https://dragonage.fandom.com/wiki/Binky%27s_Comfort,0,weapons.two_handed
gen_im_wep_war_two_act2_07,The Subtle Brute,da2,,,https://dragonage.fandom.com/wiki/The_Subtle_Brute,0,weapons.two_handed
gen_im_wep_war_two_act2_08,Void's Hammer,da2,,,https://dragonage.fandom.com/wiki/Void%27s_Hammer,0,weapons.two_handed
gen_im_wep_war_two_act3_01,Bassrath-Kata,da2,,,https://dragonage.fandom.com/wiki/Bassrath-Kata_(greatsword),0,weapons.two_handed
gen_im_wep_war_two_act3_02,Limbtaker,da2,,,https://dragonage.fandom.com/wiki/Limbtaker,0,weapons.two_handed
gen_im_wep_war_two_act3_03,Roadhammer,da2,,,https://dragonage.fandom.com/wiki/Roadhammer,0,weapons.two_handed
gen_im_wep_war_two_act3_04,Double-Bearded Axe,da2,,,https://dragonage.fandom.com/wiki/Double-Bearded_Axe,0,weapons.two_handed
gen_im_wep_war_two_act3_05,Her Song,da2,,,https://dragonage.fandom.com/wiki/Her_Song,0,weapons.two_handed
gen_im_wep_war_two_act3_06,Top-Chop Brand,da2,,,https://dragonage.fandom.com/wiki/Top-Chop_Brand,0,weapons.two_handed
gen_im_wep_war_two_act3_07,Widow's Fury,da2,,,https://dragonage.fandom.com/wiki/Widow%27s_Fury,0,weapons.two_handed
gen_im_wep_war_two_act3_08,Dwarven Great Axe,da2,,,https://dragonage.fandom.com/wiki/Dwarven_Great_Axe,0,weapons.two_handed
gen_im_wep_war_two_default,Basic Greatsword,da2,,,https://dragonage.fandom.com/wiki/Basic_Greatsword,0,weapons.two_handed
gen_im_wep_war_two_iconic,Champion's Warblade,da2,,,,0,weapons.two_handed
gen_im_wep_war_two_lore_01,Sundering,da2,,,https://dragonage.fandom.com/wiki/Sundering,0,weapons.two_handed
gen_im_wep_war_two_lore_02,The Celebrant,da2,,,https://dragonage.fandom.com/wiki/The_Celebrant,0,weapons.two_handed
gen_im_wep_war_two_lore_03,Vigilance,da2,,,https://dragonage.fandom.com/wiki/Vigilance_(Dragon_Age_II),0,weapons.two_handed
gen_im_wep_war_two_lore_04,Blade of Mercy,da2,,,https://dragonage.fandom.com/wiki/Blade_of_Mercy_(unrestricted),0,weapons.two_handed
gen_im_wep_war_two_lore_05,Bloom,da2,,,https://dragonage.fandom.com/wiki/Bloom,0,weapons.two_handed
gen_im_wep_war_two_start,Fereldan Greatsword,da2,,,https://dragonage.fandom.com/wiki/Fereldan_Greatsword,0,weapons.two_handed
