resref,name,game,material_family,material_target,wiki_url,stackable,category
den100ar_brothel,The Pearl,dao,,,,0,accessories.amulets
drk_im_acc_amu_war,Warden's Oath,dao,,,https://dragonage.fandom.com/wiki/Warden%27s_Oath,0,accessories.amulets
gen_im_acc_amu_am10,Shaper's Amulet,dao,,,https://dragonage.fandom.com/wiki/Shaper%27s_Amulet,0,accessories.amulets
gen_im_acc_amu_am11,Aneirin's Token,dao,,,https://dragonage.fandom.com/wiki/Aneirin%27s_Token,0,accessories.amulets
gen_im_acc_amu_am12,Spirit Charm,dao,,,https://dragonage.fandom.com/wiki/Spirit_Charm,0,accessories.amulets
gen_im_acc_amu_am13,Sailor's Charm,dao,,,https://dragonage.fandom.com/wiki/Sailor%27s_Charm,0,accessories.amulets
gen_im_acc_amu_am14,Spirit Ward,dao,,,https://dragonage.fandom.com/wiki/Spirit_Ward,0,accessories.amulets
gen_im_acc_amu_am15,Mud Idol,dao,,,https://dragonage.fandom.com/wiki/Mud_Idol,0,accessories.amulets
gen_im_acc_amu_am16,Magister's Shield,dao,,,https://dragonage.fandom.com/wiki/Magister%27s_Shield,0,accessories.amulets
gen_im_acc_amu_am17,Apprentice's Amulet,dao,,,https://dragonage.fandom.com/wiki/Apprentice%27s_Amulet,0,accessories.amulets
gen_im_acc_amu_am18,Amulet of Accord,dao,,,https://dragonage.fandom.com/wiki/Amulet_of_Accord,0,accessories.amulets
gen_im_acc_amu_am19,Silver Cord,dao,,,https://dragonage.fandom.com/wiki/Silver_Cord,0,accessories.amulets
gen_im_acc_amu_am6,Lifedrinker,dao,,,https://dragonage.fandom.com/wiki/Lifedrinker,0,accessories.amulets
gen_im_acc_amu_am7,Faulty Amulet,dao,,,https://dragonage.fandom.com/wiki/Faulty_Amulet,0,accessories.amulets
gen_im_acc_amu_am8,Gateway Amulet,dao,,,https://dragonage.fandom.com/wiki/Gateway_Amulet,0,accessories.amulets
gen_im_acc_amu_am9,Smith's Heart,dao,,,https://dragonage.fandom.com/wiki/Smith%27s_Heart,0,accessories.amulets
gen_im_acc_amu_ath,Athras's Pendant,dao,,,https://dragonage.fandom.com/wiki/Athras%27s_Pendant,0,accessories.amulets
gen_im_acc_amu_cir1,Charm of Flame,dao,,,https://dragonage.fandom.com/wiki/Charm_of_Flame,0,accessories.amulets
gen_im_acc_amu_cir2,Charm of Still Waters,dao,,,https://dragonage.fandom.com/wiki/Charm_of_Still_Waters,0,accessories.amulets
gen_im_acc_amu_cld10,Hearthstone Pendant,dao,,,https://dragonage.fandom.com/wiki/Hearthstone_Pendant,0,accessories.amulets
gen_im_acc_amu_cld20,Shiver,dao,,,https://dragonage.fandom.com/wiki/Shiver,0,accessories.amulets
gen_im_acc_amu_dal,Dalish Pendant,dao,,,https://dragonage.fandom.com/wiki/Dalish_Pendant,0,accessories.amulets
gen_im_acc_amu_ele10,Caridin's Cage,dao,,,https://dragonage.fandom.com/wiki/Caridin%27s_Cage,0,accessories.amulets
gen_im_acc_amu_hal,Halla Horn,dao,,,https://dragonage.fandom.com/wiki/Halla_Horn,0,accessories.amulets
gen_im_acc_amu_lel,Seeker's Circle,dao,,,https://dragonage.fandom.com/wiki/Seeker%27s_Circle,0,accessories.amulets
gen_im_acc_amu_men10,Temperament,dao,,,https://dragonage.fandom.com/wiki/Temperament,0,accessories.amulets
gen_im_acc_amu_men20,North Ward,dao,,,https://dragonage.fandom.com/wiki/North_Ward,0,accessories.amulets
gen_im_acc_amu_mor,Wildstone Clasp,dao,,,https://dragonage.fandom.com/wiki/Wildstone_Clasp,0,accessories.amulets
gen_im_acc_amu_nck,Heirloom Necklace,dao,,,https://dragonage.fandom.com/wiki/Heirloom_Necklace,0,accessories.amulets
gen_im_acc_amu_phs20,Deadhead Charge,dao,,,https://dragonage.fandom.com/wiki/Deadhead_Charge,0,accessories.amulets
gen_im_acc_amu_spl,The Spellward,dao,,,https://dragonage.fandom.com/wiki/The_Spellward,0,accessories.amulets
gen_im_acc_amu_urn,Reflection,dao,,,https://dragonage.fandom.com/wiki/Reflection,0,accessories.amulets
gen_im_acc_amu_var,Varathorn's Amulet,dao,,,https://dragonage.fandom.com/wiki/Varathorn%27s_Amulet,0,accessories.amulets
gen_im_acc_amu_war,Warden's Oath,dao,,,https://dragonage.fandom.com/wiki/Warden%27s_Oath,0,accessories.amulets
gen_im_acc_amu_wil,Par Vollen Willstone,dao,,,https://dragonage.fandom.com/wiki/Par_Vollen_Willstone,0,accessories.amulets
gen_im_acc_amu_wit,Heart of Witherfang,dao,,,https://dragonage.fandom.com/wiki/Heart_of_Witherfang,0,accessories.amulets
gib_im_acc_amu,The High Regard of House Dace,dao,,,https://dragonage.fandom.com/wiki/The_High_Regard_of_House_Dace_(Golems_of_Amgarrak),0,accessories.amulets
halla,Halla,dao,,,,0,accessories.amulets
lel_im_acc_amu_am01,Rivaini Grace,dao,,,https://dragonage.fandom.com/wiki/Rivaini_Grace,0,accessories.amulets
lel_im_acc_amu_am02,Lightning Chain,dao,,,https://dragonage.fandom.com/wiki/Lightning_Chain,0,accessories.amulets
lel_im_acc_amu_am03,Deep Sawtooth,dao,,,https://dragonage.fandom.com/wiki/Deep_Sawtooth,0,accessories.amulets
prc_im_gib_acc_amu_dao,The High Regard of House Dace,dao,,,https://dragonage.fandom.com/wiki/The_High_Regard_of_House_Dace,0,accessories.amulets
prc_im_gib_acc_amu_ep1,The High Regard of House Dace,dao,,,https://dragonage.fandom.com/wiki/The_High_Regard_of_House_Dace,0,accessories.amulets
prm000im_pearlan,Pearl of the Anointed (Origins),dao,,,https://dragonage.fandom.com/wiki/Pearl_of_the_Anointed_(Origins),0,accessories.amulets
prm000im_warmage,Amulet of the War Mage,dao,,,https://dragonage.fandom.com/wiki/Amulet_of_the_War_Mage,0,accessories.amulets
shl300im_cadash_amulet,Blood-Gorged Amulet,dao,,,https://dragonage.fandom.com/wiki/Blood-Gorged_Amulet,0,accessories.amulets
str_im_ariane_necklace,Amulet of Protection,dao,,,https://dragonage.fandom.com/wiki/Amulet_of_Protection,0,accessories.amulets
val_im_qck_amulet,Amulet of Memories,dao,,,https://dragonage.fandom.com/wiki/Amulet_of_Memories,0,accessories.amulets
witherfang,Witherfang,dao,,,,0,accessories.amulets
gen_im_acc_blt_and,Andruil's Blessing,dao,,,https://dragonage.fandom.com/wiki/Andruil%27s_Blessing,0,accessories.belts
gen_im_acc_blt_c1a,Ephemeralist's Belt,dao,,,https://dragonage.fandom.com/wiki/Ephemeralist%27s_Belt,0,accessories.belts
gen_im_acc_blt_c1b,Destructionist's Belt,dao,,,https://dragonage.fandom.com/wiki/Destructionist%27s_Belt,0,accessories.belts
gen_im_acc_blt_c1c,Creationist's Cord,dao,,,https://dragonage.fandom.com/wiki/Creationist%27s_Cord,0,accessories.belts
gen_im_acc_blt_cir1,Earthen Cinch,dao,,,https://dragonage.fandom.com/wiki/Earthen_Cinch,0,accessories.belts
gen_im_acc_blt_cir2,Buckle of the Winds,dao,,,https://dragonage.fandom.com/wiki/Buckle_of_the_Winds,0,accessories.belts
gen_im_acc_blt_d1a,Dwarven Merchant's Belt,dao,,,https://dragonage.fandom.com/wiki/Dwarven_Merchant%27s_Belt,0,accessories.belts
gen_im_acc_blt_d1b,Dwarven Smith's Belt,dao,,,https://dragonage.fandom.com/wiki/Dwarven_Smith%27s_Belt,0,accessories.belts
gen_im_acc_blt_d1c,Dwarven Warrior's Belt,dao,,,https://dragonage.fandom.com/wiki/Dwarven_Warrior%27s_Belt,0,accessories.belts
gen_im_acc_blt_e1a,Elfrope,dao,,,https://dragonage.fandom.com/wiki/Elfrope,0,accessories.belts
gen_im_acc_blt_e1b,Dalish Leather Belt,dao,,,https://dragonage.fandom.com/wiki/Dalish_Leather_Belt,0,accessories.belts
gen_im_acc_blt_e1c,Dalish Hunter's Belt,dao,,,https://dragonage.fandom.com/wiki/Dalish_Hunter%27s_Belt,0,accessories.belts
gen_im_acc_blt_f1a,Hardy's Belt,dao,,,https://dragonage.fandom.com/wiki/Hardy%27s_Belt,0,accessories.belts
gen_im_acc_blt_f1b,Fencer's Cinch,dao,,,https://dragonage.fandom.com/wiki/Fencer%27s_Cinch,0,accessories.belts
gen_im_acc_blt_f1c,Longbowman's Belt,dao,,,https://dragonage.fandom.com/wiki/Longbowman%27s_Belt,0,accessories.belts
gen_im_acc_blt_f2a,Sword Belt,dao,,,https://dragonage.fandom.com/wiki/Sword_Belt,0,accessories.belts
gen_im_acc_blt_f2b,Swordsman's Girdle,dao,,,https://dragonage.fandom.com/wiki/Swordsman%27s_Girdle,0,accessories.belts
gen_im_acc_blt_f2c,Ornate Leather Belt,dao,,,https://dragonage.fandom.com/wiki/Ornate_Leather_Belt,0,accessories.belts
gen_im_acc_blt_log,Borders Yet to Be,dao,,,https://dragonage.fandom.com/wiki/Borders_Yet_to_Be,0,accessories.belts
gen_im_acc_blt_ogh,One for the Ditch,dao,,,https://dragonage.fandom.com/wiki/One_for_the_Ditch_(Origins),0,accessories.belts
gen_im_acc_blt_t1a,Belt of the Magister Lords,dao,,,https://dragonage.fandom.com/wiki/Belt_of_the_Magister_Lords,0,accessories.belts
gen_im_acc_blt_t1b,Magister's Cinch,dao,,,https://dragonage.fandom.com/wiki/Magister%27s_Cinch,0,accessories.belts
gen_im_acc_blt_t1c,Archivist's Sash,dao,,,https://dragonage.fandom.com/wiki/Archivist%27s_Sash,0,accessories.belts
gen_im_acc_blt_wyn,Silver Aron,dao,,,https://dragonage.fandom.com/wiki/Silver_Aron,0,accessories.belts
gen_im_acc_blt_zev,Mixed Metal Rounds,dao,metal,shield,https://dragonage.fandom.com/wiki/Mixed_Metal_Rounds,0,accessories.belts
gib_im_acc_blt,Sash of Forbidden Secrets,dao,,,https://dragonage.fandom.com/wiki/Sash_of_Forbidden_Secrets_(Golems_of_Amgarrak),0,accessories.belts
gwb_im_acc_blt_sny,Shadow Belt,dao,,,https://dragonage.fandom.com/wiki/Shadow_Belt,0,accessories.belts
prc_im_gib_acc_blt_dao,Sash of Forbidden Secrets,dao,,,https://dragonage.fandom.com/wiki/Sash_of_Forbidden_Secrets,0,accessories.belts
prc_im_gib_acc_blt_ep1,Sash of Forbidden Secrets,dao,,,https://dragonage.fandom.com/wiki/Sash_of_Forbidden_Secrets,0,accessories.belts
prc_im_reward4,Cinch of Skillful Maneuvering,dao,,,https://dragonage.fandom.com/wiki/Cinch_of_Skillful_Maneuvering_(Origins),0,accessories.belts
prm000im_gm_belt,Guildmaster's Belt,dao,,,https://dragonage.fandom.com/wiki/Guildmaster%27s_Belt,0,accessories.belts
str_im_ariane_belt,Ariane's Bearskin Belt,dao,,,https://dragonage.fandom.com/wiki/Ariane%27s_Bearskin_Belt,0,accessories.belts
str_im_finn_belt,"Stylish, Yet Functional Belt",dao,,,"https://dragonage.fandom.com/wiki/Stylish,_Yet_Functional_Belt",0,accessories.belts
val_im_acc_blt_chs,Chastity Belt,dao,,,https://dragonage.fandom.com/wiki/Chastity_Belt,0,accessories.belts
val_im_chastity_key,Key to Zevran's Chastity Belt,dao,,,https://dragonage.fandom.com/wiki/Key_to_Zevran%27s_Chastity_Belt,0,accessories.belts
val_im_gift_chastity,Chastity Belt,dao,,,https://dragonage.fandom.com/wiki/Chastity_Belt_(gift),0,accessories.belts
bed100ar_forest_clearing,Forest Clearing,dao,,,,0,accessories.rings
bed110ip_to_forest,Forest Clearing,dao,,,,0,accessories.rings
corpse_d,"Corpse, Devouring",dao,,,,0,accessories.rings
corpse_devouring,Devouring Corpse,dao,,,,0,accessories.rings
corpse_devouring_putrid,Putrid Devouring Corpse,dao,,,,0,accessories.rings
drk_im_acc_rng_drk,Spirit Band,dao,,,https://dragonage.fandom.com/wiki/Spiral_Band,0,accessories.rings
gen_im_acc_rng_age,Ring of Ages,dao,,,https://dragonage.fandom.com/wiki/Ring_of_Ages,0,accessories.rings
gen_im_acc_rng_ali,Runic Worry Token,dao,,,https://dragonage.fandom.com/wiki/Runic_Worry_Token,0,accessories.rings
gen_im_acc_rng_bld,Blood Ring,dao,,,https://dragonage.fandom.com/wiki/Blood_Ring,0,accessories.rings
gen_im_acc_rng_cir1,Focus Ring,dao,,,https://dragonage.fandom.com/wiki/Focus_Ring,0,accessories.rings
gen_im_acc_rng_cir2,Iced Band,dao,,,https://dragonage.fandom.com/wiki/Iced_Band,0,accessories.rings
gen_im_acc_rng_cld10,Frostshear,dao,,,https://dragonage.fandom.com/wiki/Frostshear,0,accessories.rings
gen_im_acc_rng_cld5,Hailstone,dao,,,https://dragonage.fandom.com/wiki/Hailstone,0,accessories.rings
gen_im_acc_rng_ele10,Dalish Battery,dao,,,https://dragonage.fandom.com/wiki/Dalish_Battery,0,accessories.rings
gen_im_acc_rng_ele5,Twitch,dao,,,https://dragonage.fandom.com/wiki/Twitch,0,accessories.rings
gen_im_acc_rng_exp,Memory Band,dao,,,https://dragonage.fandom.com/wiki/Memory_Band,0,accessories.rings
gen_im_acc_rng_fir10,Ember,dao,,,https://dragonage.fandom.com/wiki/Ember,0,accessories.rings
gen_im_acc_rng_gld,Gold Ring,dao,,,https://dragonage.fandom.com/wiki/Gold_Ring_(Origins),0,accessories.rings
gen_im_acc_rng_kep,Keeper's Ring,dao,,,https://dragonage.fandom.com/wiki/Keeper%27s_Ring,0,accessories.rings
gen_im_acc_rng_key,Key to the City,dao,,,https://dragonage.fandom.com/wiki/Key_to_the_City,0,accessories.rings
gen_im_acc_rng_lif,Lifegiver,dao,,,https://dragonage.fandom.com/wiki/Lifegiver,0,accessories.rings
gen_im_acc_rng_mag,Lloyd's Magic Ring,dao,,,https://dragonage.fandom.com/wiki/Lloyd%27s_Magic_Ring,0,accessories.rings
gen_im_acc_rng_mph,Seal of Rat Red,dao,,,https://dragonage.fandom.com/wiki/Seal_of_Rat_Red,0,accessories.rings
gen_im_acc_rng_nat10,Ring of Selection,dao,,,https://dragonage.fandom.com/wiki/Ring_of_Selection,0,accessories.rings
gen_im_acc_rng_nat5,Thorn,dao,,,https://dragonage.fandom.com/wiki/Thorn,0,accessories.rings
gen_im_acc_rng_r02,Silver Ring,dao,,,https://dragonage.fandom.com/wiki/Silver_Ring,0,accessories.rings
gen_im_acc_rng_r03,Emerald Ring,dao,,,https://dragonage.fandom.com/wiki/Emerald_Ring,0,accessories.rings
gen_im_acc_rng_r04,Ring of Resistance,dao,,,https://dragonage.fandom.com/wiki/Ring_of_Resistance,0,accessories.rings
gen_im_acc_rng_r05,Surveyor,dao,,,https://dragonage.fandom.com/wiki/Surveyor,0,accessories.rings
gen_im_acc_rng_r06,Ring of Study,dao,,,https://dragonage.fandom.com/wiki/Ring_of_Study,0,accessories.rings
gen_im_acc_rng_r07,Ring of Faith,dao,,,https://dragonage.fandom.com/wiki/Ring_of_Faith,0,accessories.rings
gen_im_acc_rng_r09,Morrigan's Ring,dao,,,https://dragonage.fandom.com/wiki/Morrigan%27s_Ring,0,accessories.rings
gen_im_acc_rng_r11,Dusk Ring,dao,,,https://dragonage.fandom.com/wiki/Dusk_Ring,0,accessories.rings
gen_im_acc_rng_r12,Dawn Ring,dao,,,https://dragonage.fandom.com/wiki/Dawn_Ring,0,accessories.rings
gen_im_acc_rng_r14,Iron Ring,dao,,,https://dragonage.fandom.com/wiki/Iron_Ring,0,accessories.rings
gen_im_acc_rng_r15,Ring of the Warrior,dao,,,https://dragonage.fandom.com/wiki/Ring_of_the_Warrior,0,accessories.rings
gen_im_acc_rng_r16,Silverleaf,dao,,,https://dragonage.fandom.com/wiki/Silverleaf,0,accessories.rings
gen_im_acc_rng_r18,Golden Ring,dao,,,https://dragonage.fandom.com/wiki/Golden_Ring,0,accessories.rings
gen_im_acc_rng_spr10,Dreamsever,dao,,,https://dragonage.fandom.com/wiki/Dreamsever,0,accessories.rings
gen_im_acc_rng_spr5,Spiral Band,dao,,,https://dragonage.fandom.com/wiki/Spiral_Band,0,accessories.rings
gen_im_acc_rng_wed,Wedding Ring,dao,,,https://dragonage.fandom.com/wiki/Wedding_Ring,0,accessories.rings
gib100cr_skeleton_twohand,Devouring Corpse,dao,,,,0,accessories.rings
gib_im_acc_rng_mage,Brother Bedine's Mnemonic,dao,,,,0,accessories.rings
lel_im_acc_rng_r01,Blackhand Pouch,dao,,,https://dragonage.fandom.com/wiki/Blackhand_Pouch,0,accessories.rings
lel_im_acc_rng_r02,Hotspur,dao,,,https://dragonage.fandom.com/wiki/Hotspur,0,accessories.rings
lel_im_acc_rng_r03,Madstone,dao,,,https://dragonage.fandom.com/wiki/Madstone,0,accessories.rings
lel_im_acc_rng_r04,Progenitor Crosscut,dao,,,https://dragonage.fandom.com/wiki/Progenitor_Crosscut,0,accessories.rings
lite_mage_adv_fighter,Adventuring Warrior,dao,,,,0,accessories.rings
lite_mage_adv_mage,Adventuring Mage,dao,,,,0,accessories.rings
lite_mage_adv_rogue,Adventuring Rogue,dao,,,,0,accessories.rings
liteip_rogue_message,Firing Point,dao,,,,0,accessories.rings
lot100ar_lothering,Lothering,dao,,,,0,accessories.rings
lot110ip_to_village,Lothering,dao,,,,0,accessories.rings
lot120ip_to_village,Lothering,dao,,,,0,accessories.rings
ntb210cr_skeleton_normal1_1,Devouring Skeleton,dao,,,,0,accessories.rings
ntb210cr_skeleton_normal1_2,Devouring Skeleton,dao,,,,0,accessories.rings
orzltip_asunder_altar,Altar of Sundering,dao,,,,0,accessories.rings
prm000im_dalish_ring,Dalish Promise Ring,dao,,,https://dragonage.fandom.com/wiki/Dalish_Promise_Ring,0,accessories.rings
ran130cr_corpse_devour,Devouring Corpse,dao,,,,0,accessories.rings
ran152ar_chest_offering,Offering,dao,,,,0,accessories.rings
ran200ar_forest_were,Forest Clearing,dao,,,,0,accessories.rings
rxa150ar,Forest Clearing,dao,,,,0,accessories.rings
rxa_cor_devouring,Putrid Devouring Corpse,dao,,,,0,accessories.rings
rxa_skel_frenzied,Frenzied Devouring Skeleton,dao,,,,0,accessories.rings
shl200im_harvest_fest_ring,Harvest Festival Ring,dao,,,https://dragonage.fandom.com/wiki/Harvest_Festival_Ring,0,accessories.rings
skeleton_normal,Devouring Skeleton,dao,,,,0,accessories.rings
skeleton_normal_frenzied,Frenzied Devouring Skeleton,dao,,,,0,accessories.rings
str100ip_flemeths_death,Small Clearing,dao,,,,0,accessories.rings
str_im_ariane_ring_1,The Keeper's Ring,dao,,,https://dragonage.fandom.com/wiki/The_Keeper%27s_Ring,0,accessories.rings
str_im_finn_ring_1,Decoder Ring,dao,,,https://dragonage.fandom.com/wiki/Decoder_Ring,0,accessories.rings
vgk330ip_korth_off_speak,Offering,dao,,,,0,accessories.rings
vgk330ip_korth_offering,Offering,dao,,,,0,accessories.rings
wmt_wow_docks_to_lot,Lothering,dao,,,,0,accessories.rings
wmt_wow_red_to_lot,Lothering,dao,,,,0,accessories.rings
wmt_wow_wilds_north,Lothering,dao,,,,0,accessories.rings
drk_im_arm_bot_hvy_drk,Darkspawn Plate Boots,dao,metal,armor,https://dragonage.fandom.com/wiki/Darkspawn_Plate_Boots,0,armor.boots
drk_im_arm_bot_mas_drk,Vanguard Plate Boots,dao,metal,armor,https://dragonage.fandom.com/wiki/Vanguard_Plate_Boots,0,armor.boots
gen_im_arm_bot_hvy_cer,Ceremonial Armored Boots,dao,metal,armor,https://dragonage.fandom.com/wiki/Ceremonial_Armored_Boots,0,armor.boots
gen_im_arm_bot_hvy_dil,Boots of Diligence,dao,metal,armor,https://dragonage.fandom.com/wiki/Boots_of_Diligence,0,armor.boots
gen_im_arm_bot_hvy_drb,Wade's Superior Heavy Dragonscale Boots,dao,metal,armor,https://dragonage.fandom.com/wiki/Wade%27s_Superior_Heavy_Dragonscale_Boots,0,armor.boots
gen_im_arm_bot_hvy_drw,Wade's Heavy Dragonscale Boots,dao,metal,armor,https://dragonage.fandom.com/wiki/Wade%27s_Heavy_Dragonscale_Boots,0,armor.boots
gen_im_arm_bot_hvy_dwv,Dwarven Heavy Boots,dao,metal,armor,https://dragonage.fandom.com/wiki/Dwarven_Heavy_Boots,0,armor.boots
gen_im_arm_bot_hvy_hch,Heavy Chainmail Boots,dao,metal,armor,https://dragonage.fandom.com/wiki/Heavy_Chainmail_Boots,0,armor.boots
gen_im_arm_bot_lgt_ada,Adaia's Boots,dao,leather,armor,https://dragonage.fandom.com/wiki/Adaia%27s_Boots,0,armor.boots
gen_im_arm_bot_lgt_ant,Antivan Leather Boots,dao,leather,armor,https://dragonage.fandom.com/wiki/Antivan_Leather_Boots,0,armor.boots
gen_im_arm_bot_lgt_dal,Dalish Boots,dao,leather,armor,https://dragonage.fandom.com/wiki/Dalish_Boots,0,armor.boots
gen_im_arm_bot_lgt_dex,Silverhammer's Tackmasters,dao,leather,armor,https://dragonage.fandom.com/wiki/Silverhammer%27s_Tackmasters,0,armor.boots
gen_im_arm_bot_lgt_dey,Deygan's Boots,dao,leather,armor,https://dragonage.fandom.com/wiki/Deygan%27s_Boots,0,armor.boots
gen_im_arm_bot_lgt_df1,Enchanter's Footing,dao,leather,armor,https://dragonage.fandom.com/wiki/Enchanter%27s_Footing,0,armor.boots
gen_im_arm_bot_lgt_df2,Magus War Boots,dao,leather,armor,https://dragonage.fandom.com/wiki/Magus_War_Boots,0,armor.boots
gen_im_arm_bot_lgt_dod,Imperial Weavers,dao,leather,armor,https://dragonage.fandom.com/wiki/Imperial_Weavers,0,armor.boots
gen_im_arm_bot_lgt_drb,Wade's Superior Drakeskin Boots,dao,leather,armor,https://dragonage.fandom.com/wiki/Wade%27s_Superior_Drakeskin_Boots,0,armor.boots
gen_im_arm_bot_lgt_drw,Wade's Drakeskin Boots,dao,leather,armor,https://dragonage.fandom.com/wiki/Wade%27s_Drakeskin_Boots,0,armor.boots
gen_im_arm_bot_lgt_dus,Duster Leather Boots,dao,leather,armor,https://dragonage.fandom.com/wiki/Duster_Leather_Boots,0,armor.boots
gen_im_arm_bot_lgt_ltr,Leather Boots,dao,leather,armor,https://dragonage.fandom.com/wiki/Leather_Boots,0,armor.boots
gen_im_arm_bot_lgt_mag,Fade Striders,dao,leather,armor,https://dragonage.fandom.com/wiki/Fade_Striders,0,armor.boots
gen_im_arm_bot_lgt_msl,Silverhammer's Evaders,dao,leather,armor,https://dragonage.fandom.com/wiki/Silverhammer%27s_Evaders,0,armor.boots
gen_im_arm_bot_lgt_new,Bard's Dancing Shoes,dao,leather,armor,https://dragonage.fandom.com/wiki/Bard%27s_Dancing_Shoes,0,armor.boots
gen_im_arm_bot_lgt_rlr,Studded Leather Boots,dao,leather,armor,https://dragonage.fandom.com/wiki/Studded_Leather_Boots,0,armor.boots
gen_im_arm_bot_mas_chv,Chevalier's Boots,dao,metal,armor,https://dragonage.fandom.com/wiki/Chevalier%27s_Boots,0,armor.boots
gen_im_arm_bot_mas_cpl,Commander's Plate Boots,dao,metal,armor,https://dragonage.fandom.com/wiki/Commander%27s_Plate_Boots,0,armor.boots
gen_im_arm_bot_mas_drb,Wade's Superior Dragonbone Plate Boots,dao,metal,armor,https://dragonage.fandom.com/wiki/Wade%27s_Superior_Dragonbone_Plate_Boots,0,armor.boots
gen_im_arm_bot_mas_drw,Wade's Dragonbone Plate Boots,dao,metal,armor,https://dragonage.fandom.com/wiki/Wade%27s_Dragonbone_Plate_Boots,0,armor.boots
gen_im_arm_bot_mas_dwv,Dwarven Massive Armored Boots,dao,metal,armor,https://dragonage.fandom.com/wiki/Dwarven_Massive_Armored_Boots,0,armor.boots
gen_im_arm_bot_mas_eff,Effort's Boots,dao,metal,armor,https://dragonage.fandom.com/wiki/Effort%27s_Boots,0,armor.boots
gen_im_arm_bot_mas_hpl,Heavy Plate Boots,dao,metal,armor,https://dragonage.fandom.com/wiki/Heavy_Plate_Boots,0,armor.boots
gen_im_arm_bot_mas_jug,Juggernaut Plate Boots,dao,metal,armor,https://dragonage.fandom.com/wiki/Juggernaut_Plate_Boots,0,armor.boots
gen_im_arm_bot_mas_leg,Boots of the Legion,dao,metal,armor,https://dragonage.fandom.com/wiki/Boots_of_the_Legion,0,armor.boots
gen_im_arm_bot_mas_log,Armor of the River Dane Boots,dao,metal,armor,https://dragonage.fandom.com/wiki/Armor_of_the_River_Dane_Boots,0,armor.boots
gen_im_arm_bot_mas_tmp,Templar Boots,dao,metal,armor,https://dragonage.fandom.com/wiki/Templar_Boots,0,armor.boots
gen_im_arm_bot_med_chn,Chainmail Boots,dao,metal,armor,https://dragonage.fandom.com/wiki/Chainmail_Boots,0,armor.boots
gen_im_arm_bot_med_drb,Wade's Superior Dragonskin Boots,dao,metal,armor,https://dragonage.fandom.com/wiki/Wade%27s_Superior_Dragonskin_Boots,0,armor.boots
gen_im_arm_bot_med_drw,Wade's Dragonskin Boots,dao,metal,armor,https://dragonage.fandom.com/wiki/Wade%27s_Dragonskin_Boots,0,armor.boots
gen_im_arm_bot_med_dwi,Dwarven Noble Armored Boots,dao,metal,armor,https://dragonage.fandom.com/wiki/Dwarven_Noble_Armored_Boots,0,armor.boots
gen_im_arm_bot_med_dwv,Dwarven Armored Boots,dao,metal,armor,https://dragonage.fandom.com/wiki/Dwarven_Armored_Boots,0,armor.boots
gen_im_arm_bot_med_elv,Ancient Elven Boots,dao,metal,armor,https://dragonage.fandom.com/wiki/Ancient_Elven_Boots,0,armor.boots
gen_im_arm_bot_med_scl,Scale Boots,dao,metal,armor,https://dragonage.fandom.com/wiki/Scale_Boots,0,armor.boots
gen_im_arm_bot_med_spl,Splintmail Boots,dao,metal,armor,https://dragonage.fandom.com/wiki/Splintmail_Boots,0,armor.boots
gwb_im_arm_bot_hvy_hch,Heavy Chainmail Boots,dao,metal,armor,https://dragonage.fandom.com/wiki/Heavy_Chainmail_Boots,0,armor.boots
gwb_im_arm_bot_hvy_wdn1,Warden Heavy Boots,dao,metal,armor,,0,armor.boots
gwb_im_arm_bot_lgt_rlr,Studded Leather Boots,dao,leather,armor,https://dragonage.fandom.com/wiki/Studded_Leather_Boots,0,armor.boots
gwb_im_arm_bot_lgt_wdn,Studded Warden Boots,dao,leather,armor,,0,armor.boots
gwb_im_arm_bot_lgt_wdn2,Warden Scout Boots,dao,leather,armor,,0,armor.boots
gwb_im_arm_bot_mas_hpl,Heavy Plate Boots,dao,metal,armor,https://dragonage.fandom.com/wiki/Heavy_Plate_Boots,0,armor.boots
gwb_im_arm_bot_mas_wcm,Warden Commander Boots,dao,metal,armor,https://dragonage.fandom.com/wiki/Warden_Commander_Boots,0,armor.boots
gwb_im_arm_bot_med_spl,Splintmail Boots,dao,metal,armor,https://dragonage.fandom.com/wiki/Splintmail_Boots,0,armor.boots
gwb_im_arm_bot_med_wdn1,Warden Splintmail Boots,dao,metal,armor,,0,armor.boots
kcc_im_arm_bot_mas_cai,Cailan's Greaves,dao,metal,armor,https://dragonage.fandom.com/wiki/Cailan%27s_Greaves,0,armor.boots
lel_im_arm_bot_hvy_01,Heavy Hobnails,dao,metal,armor,https://dragonage.fandom.com/wiki/Heavy_Hobnails,0,armor.boots
lel_im_arm_bot_hvy_02,Long Road Soles,dao,metal,armor,https://dragonage.fandom.com/wiki/Long_Road_Soles,0,armor.boots
lel_im_arm_bot_lgt_01,High Court Shoe,dao,leather,armor,https://dragonage.fandom.com/wiki/High_Court_Shoe,0,armor.boots
lel_im_arm_bot_lgt_02,Silverhammer's Light Heel,dao,leather,armor,,0,armor.boots
prm000im_dragon_blood_boots,Blood Dragon Plate Boots,dao,,,https://dragonage.fandom.com/wiki/Blood_Dragon_Plate_Boots,0,armor.boots
str_im_ariane_boots,Ariane's Favorite Boots,dao,,,https://dragonage.fandom.com/wiki/Ariane%27s_Favorite_Boots,0,armor.boots
str_im_finn_boots,Fur-Lined Boots,dao,,,https://dragonage.fandom.com/wiki/Fur-Lined_Boots,0,armor.boots
val_im_arm_bot_lgt_ugl,Ugly Boots,dao,leather,armor,https://dragonage.fandom.com/wiki/Ugly_Boots,0,armor.boots
val_im_gift_boots,Ugly Boots,dao,,,https://dragonage.fandom.com/wiki/Ugly_Boots_(gift),0,armor.boots
wolf,Wolf,dao,,,,0,armor.boots
zz_gwb_im_arm_bot_lgt_war,Warden's Boots,dao,leather,armor,,0,armor.boots
zz_gwb_im_arm_bot_mas_war,Heavy Grey Warden Boots,dao,metal,armor,,0,armor.boots
zz_setboots,Dragonbone Legion Boots,dao,,,,0,armor.boots
arl220cr_suit_of_armor,Suit of Armor,dao,,,,0,armor.chestpieces
arl220ip_door_armory,Armory,dao,,,,0,armor.chestpieces
armor_rune,(armor_rune),dao,,,,0,armor.chestpieces
armored_ogre,Armored Ogre,dao,,,,0,armor.chestpieces
armored_ogre_boss,Armored Ogre Alpha,dao,,,,0,armor.chestpieces
bdc140ip_everds_chest,Everd's Armor Chest,dao,,,,0,armor.chestpieces
bdn100cr_armor_merchant,Armor Merchant,dao,,,,0,armor.chestpieces
bec210ip_armour_stand,Armor Stand,dao,,,,0,armor.chestpieces
bec210ip_vaughan_armour,Armor Stand,dao,,,,0,armor.chestpieces
bhn200ip_treasury_armour,Armor Stand,dao,,,,0,armor.chestpieces
den000ip_armor_stand,Armor Stand,dao,,,,0,armor.chestpieces
den250ip_trap_explode_a,Pressure Plate,dao,,,,0,armor.chestpieces
den260ip_armour_stand,Armor Stand,dao,,,,0,armor.chestpieces
den400ip_armor_stand,Armor Stand,dao,,,,0,armor.chestpieces
den971tr_golem_trap,Pressure Plate,dao,,,,0,armor.chestpieces
drk_im_arm_cht_hvy_drk,Darkspawn Plate Armor,dao,metal,armor,https://dragonage.fandom.com/wiki/Darkspawn_Plate_Armor,0,armor.chestpieces
drk_im_arm_cht_mas_drk,Vanguard Plate Armor,dao,metal,armor,https://dragonage.fandom.com/wiki/Vanguard_Plate_Armor,0,armor.chestpieces
gen_im_arm_cht_hvy_cer,Ceremonial Armor,dao,metal,armor,https://dragonage.fandom.com/wiki/Ceremonial_Armor,0,armor.chestpieces
gen_im_arm_cht_hvy_dil,Armor of Diligence,dao,metal,armor,https://dragonage.fandom.com/wiki/Armor_of_Diligence,0,armor.chestpieces
gen_im_arm_cht_hvy_drb,Wade's Superior Heavy Dragonscale Armor,dao,metal,armor,https://dragonage.fandom.com/wiki/Wade%27s_Superior_Heavy_Dragonscale_Armor,0,armor.chestpieces
gen_im_arm_cht_hvy_drw,Wade's Heavy Dragonscale Armor,dao,metal,armor,https://dragonage.fandom.com/wiki/Wade%27s_Heavy_Dragonscale_Armor,0,armor.chestpieces
gen_im_arm_cht_hvy_dwg,Dwarven Guard Armor,dao,metal,armor,https://dragonage.fandom.com/wiki/Dwarven_Guard_Armor,0,armor.chestpieces
gen_im_arm_cht_hvy_dwv,Dwarven Heavy Armor,dao,metal,armor,https://dragonage.fandom.com/wiki/Dwarven_Heavy_Armor,0,armor.chestpieces
gen_im_arm_cht_hvy_evn,Evon the Great's Mail,dao,metal,armor,https://dragonage.fandom.com/wiki/Evon_the_Great%27s_Mail,0,armor.chestpieces
gen_im_arm_cht_hvy_hch,Heavy Chainmail,dao,metal,armor,https://dragonage.fandom.com/wiki/Heavy_Chainmail,0,armor.chestpieces
gen_im_arm_cht_hvy_sdg,Superior Dwarven Guard Armor,dao,metal,armor,https://dragonage.fandom.com/wiki/Superior_Dwarven_Guard_Armor,0,armor.chestpieces
gen_im_arm_cht_lgt_dal,Dalish Armor,dao,leather,armor,https://dragonage.fandom.com/wiki/Dalish_Armor,0,armor.chestpieces
gen_im_arm_cht_lgt_drb,Wade's Superior Drakeskin Leather Armor,dao,leather,armor,https://dragonage.fandom.com/wiki/Wade%27s_Superior_Drakeskin_Leather_Armor,0,armor.chestpieces
gen_im_arm_cht_lgt_drw,Wade's Drakeskin Leather Armor,dao,leather,armor,https://dragonage.fandom.com/wiki/Wade%27s_Drakeskin_Leather_Armor,0,armor.chestpieces
gen_im_arm_cht_lgt_dus,Duster Leather Armor,dao,leather,armor,https://dragonage.fandom.com/wiki/Duster_Leather_Armor,0,armor.chestpieces
gen_im_arm_cht_lgt_fel,The Felon's Coat,dao,leather,armor,https://dragonage.fandom.com/wiki/The_Felon%27s_Coat,0,armor.chestpieces
gen_im_arm_cht_lgt_ltr,Leather Armor,dao,leather,armor,https://dragonage.fandom.com/wiki/Leather_Armor,0,armor.chestpieces
gen_im_arm_cht_lgt_new,Shadow of the Empire,dao,leather,armor,https://dragonage.fandom.com/wiki/Shadow_of_the_Empire,0,armor.chestpieces
gen_im_arm_cht_lgt_rlr,Studded Leather Armor,dao,leather,armor,https://dragonage.fandom.com/wiki/Studded_Leather_Armor,0,armor.chestpieces
gen_im_arm_cht_mas_chv,Chevalier's Armor,dao,metal,armor,https://dragonage.fandom.com/wiki/Chevalier%27s_Armor,0,armor.chestpieces
gen_im_arm_cht_mas_cpl,Commander's Plate Armor,dao,metal,armor,https://dragonage.fandom.com/wiki/Commander%27s_Plate_Armor,0,armor.chestpieces
gen_im_arm_cht_mas_drb,Wade's Superior Dragonbone Plate Armor,dao,metal,armor,https://dragonage.fandom.com/wiki/Wade%27s_Superior_Dragonbone_Plate_Armor,0,armor.chestpieces
gen_im_arm_cht_mas_drw,Wade's Dragonbone Plate Armor,dao,metal,armor,https://dragonage.fandom.com/wiki/Wade%27s_Dragonbone_Plate_Armor,0,armor.chestpieces
gen_im_arm_cht_mas_dwv,Dwarven Massive Armor,dao,metal,armor,https://dragonage.fandom.com/wiki/Dwarven_Massive_Armor,0,armor.chestpieces
gen_im_arm_cht_mas_eff,Effort,dao,metal,armor,https://dragonage.fandom.com/wiki/Effort,0,armor.chestpieces
gen_im_arm_cht_mas_hpl,Heavy Plate Armor,dao,metal,armor,https://dragonage.fandom.com/wiki/Heavy_Plate_Armor,0,armor.chestpieces
gen_im_arm_cht_mas_jug,Juggernaut Plate Armor,dao,metal,armor,https://dragonage.fandom.com/wiki/Juggernaut_Plate_Armor,0,armor.chestpieces
gen_im_arm_cht_mas_leg,Armor of the Legion,dao,metal,armor,https://dragonage.fandom.com/wiki/Armor_of_the_Legion,0,armor.chestpieces
gen_im_arm_cht_mas_log,Armor of the River Dane,dao,metal,armor,https://dragonage.fandom.com/wiki/Armor_of_the_River_Dane,0,armor.chestpieces
gen_im_arm_cht_mas_tem,Armor of the Divine Will,dao,metal,armor,https://dragonage.fandom.com/wiki/Armor_of_the_Divine_Will,0,armor.chestpieces
gen_im_arm_cht_mas_tmp,Templar Armor,dao,metal,armor,https://dragonage.fandom.com/wiki/Templar_Armor,0,armor.chestpieces
gen_im_arm_cht_mas_tmp_a,Templar Armor,dao,metal,armor,https://dragonage.fandom.com/wiki/Templar_Armor_(Origins),0,armor.chestpieces
gen_im_arm_cht_mas_tmp_b,Knight Commander's Plate,dao,metal,armor,https://dragonage.fandom.com/wiki/Knight_Commander%27s_Plate,0,armor.chestpieces
gen_im_arm_cht_med_chn,Chainmail,dao,metal,armor,https://dragonage.fandom.com/wiki/Chainmail,0,armor.chestpieces
gen_im_arm_cht_med_drb,Wade's Superior Dragonskin Armor,dao,metal,armor,https://dragonage.fandom.com/wiki/Wade%27s_Superior_Dragonskin_Armor,0,armor.chestpieces
gen_im_arm_cht_med_drw,Wade's Dragonskin Armor,dao,metal,armor,https://dragonage.fandom.com/wiki/Wade%27s_Dragonskin_Armor,0,armor.chestpieces
gen_im_arm_cht_med_dwi,Dwarven Noble Armor,dao,metal,armor,https://dragonage.fandom.com/wiki/Dwarven_Noble_Armor,0,armor.chestpieces
gen_im_arm_cht_med_dwv,Dwarven Armor,dao,metal,armor,https://dragonage.fandom.com/wiki/Dwarven_Armor,0,armor.chestpieces
gen_im_arm_cht_med_elv,Ancient Elven Armor,dao,metal,armor,https://dragonage.fandom.com/wiki/Ancient_Elven_Armor,0,armor.chestpieces
gen_im_arm_cht_med_scl,Scale Armor,dao,metal,armor,https://dragonage.fandom.com/wiki/Scale_Armor,0,armor.chestpieces
gen_im_arm_cht_med_sdw,Shielded Dwarven Armor,dao,metal,armor,https://dragonage.fandom.com/wiki/Shielded_Dwarven_Armor,0,armor.chestpieces
gen_im_arm_cht_med_spl,Splintmail,dao,metal,armor,https://dragonage.fandom.com/wiki/Splintmail,0,armor.chestpieces
gen_im_arm_cht_med_var,Varathorn's Armor,dao,metal,armor,https://dragonage.fandom.com/wiki/Varathorn%27s_Armor,0,armor.chestpieces
genip_armor_stand,Armor Stand,dao,,,,0,armor.chestpieces
genip_press_plate_dwf_1,Pressure Plate,dao,,,,0,armor.chestpieces
genip_press_plate_dwf_2,Pressure Plate,dao,,,,0,armor.chestpieces
genip_press_plate_rnd_lrg,Pressure Plate,dao,,,,0,armor.chestpieces
genip_press_plate_rnd_med,Pressure Plate,dao,,,,0,armor.chestpieces
genip_press_plate_rnd_sml,Pressure Plate,dao,,,,0,armor.chestpieces
genip_press_plate_rnd_tny,Pressure Plate,dao,,,,0,armor.chestpieces
genip_press_plate_sqr_lrg,Pressure Plate,dao,,,,0,armor.chestpieces
genip_press_plate_sqr_med,Pressure Plate,dao,,,,0,armor.chestpieces
genip_press_plate_sqr_sml,Pressure Plate,dao,,,,0,armor.chestpieces
gib000cr_ogre_armored_a,Armored Ogre,dao,,,,0,armor.chestpieces
gib_im_arm_cht_hvy_001,Dace Family Armor,dao,metal,armor,https://dragonage.fandom.com/wiki/Dace_Family_Armor,0,armor.chestpieces
gib_im_carmor_gibgolem,Heavy Plate Armor,dao,,,https://dragonage.fandom.com/wiki/Heavy_Plate_Armor,0,armor.chestpieces
gib_im_carmor_gibgolemhead,Chainmail,dao,,,https://dragonage.fandom.com/wiki/Chainmail,0,armor.chestpieces
gwb_im_arm_cht_hvy_hch,Heavy Chainmail,dao,metal,armor,https://dragonage.fandom.com/wiki/Heavy_Chainmail,0,armor.chestpieces
gwb_im_arm_cht_hvy_wdn1,Warden Heavy Armor,dao,metal,armor,,0,armor.chestpieces
gwb_im_arm_cht_lgt_rlr,Studded Leather Armor,dao,leather,armor,https://dragonage.fandom.com/wiki/Studded_Leather_Armor,0,armor.chestpieces
gwb_im_arm_cht_lgt_wdn1,Studded Warden Armor,dao,leather,armor,,0,armor.chestpieces
gwb_im_arm_cht_lgt_wdn2,Warden Scout Armor,dao,leather,armor,,0,armor.chestpieces
gwb_im_arm_cht_mas_hpl,Heavy Plate Armor,dao,metal,armor,https://dragonage.fandom.com/wiki/Heavy_Plate_Armor,0,armor.chestpieces
gwb_im_arm_cht_mas_wcm,Warden Commander Armor,dao,metal,armor,https://dragonage.fandom.com/wiki/Warden_Commander_Armor,0,armor.chestpieces
gwb_im_arm_cht_med_spl,Splintmail,dao,metal,armor,https://dragonage.fandom.com/wiki/Splintmail,0,armor.chestpieces
gwb_im_arm_cht_med_wdn1,Warden Splintmail,dao,metal,armor,,0,armor.chestpieces
kcc_im_arm_cht_mas_cai,Cailan's Breastplate,dao,metal,armor,https://dragonage.fandom.com/wiki/Cailan%27s_Breastplate,0,armor.chestpieces
lel100ip_chantryplate,Collection Plate,dao,,,,0,armor.chestpieces
lel210ip_armorstand,Armor Stand,dao,,,,0,armor.chestpieces
lel220ip_armorstand,Armor Stand,dao,,,,0,armor.chestpieces
lel_im_arm_cht_hvy_01,Hard Line Coat,dao,metal,armor,https://dragonage.fandom.com/wiki/Hard_Line_Coat,0,armor.chestpieces
lel_im_arm_cht_hvy_02,The Practical Plates,dao,metal,armor,https://dragonage.fandom.com/wiki/The_Practical_Plates,0,armor.chestpieces
lel_im_arm_cht_hvy_03,The Initiate's Blessing,dao,metal,armor,https://dragonage.fandom.com/wiki/The_Initiate%27s_Blessing,0,armor.chestpieces
lel_im_arm_cht_lgt_01,Buckle-Over Leather,dao,leather,armor,https://dragonage.fandom.com/wiki/Buckle-Over_Leather,0,armor.chestpieces
lel_im_arm_cht_lgt_02,Battledress of the Provocateur,dao,leather,armor,https://dragonage.fandom.com/wiki/Battledress_of_the_Provocateur_(Leliana%27s_Song),0,armor.chestpieces
orz200ip_codex_kal_sharok,Rune Plate,dao,,,,0,armor.chestpieces
orz200ip_to_gangsters_shop,Janar Armorers,dao,,,,0,armor.chestpieces
orz240ar_gangsters_shop,Janar Armorers,dao,,,,0,armor.chestpieces
prc_dao_lel_im_arm_cht_01,Battledress of the Provocateur,dao,,,https://dragonage.fandom.com/wiki/Battledress_of_the_Provocateur_(Origins),0,armor.chestpieces
prm000im_dragon_blood_plate,Blood Dragon Plate,dao,,,https://dragonage.fandom.com/wiki/Blood_Dragon_Plate,0,armor.chestpieces
ranip_plate,Plate,dao,,,,0,armor.chestpieces
vgk100im_golem_shell_armour,Golem Shell Armor,dao,,,https://dragonage.fandom.com/wiki/Golem_Shell_Armor,0,armor.chestpieces
vgk210ip_armour_stand,Armor Stand,dao,,,,0,armor.chestpieces
vgk400cr_boss_ogre,Armored Ogre Alpha,dao,,,,0,armor.chestpieces
vgk400cr_boss_ogre_dead,Armored Ogre Alpha,dao,,,,0,armor.chestpieces
zz_gwb_im_arm_cht_lgt_war,Warden's Leather Armor,dao,leather,armor,,0,armor.chestpieces
zz_gwb_im_arm_cht_mas_war,Heavy Grey Warden Armor,dao,metal,armor,,0,armor.chestpieces
zz_gxa000ip_gear_art,Armor_Stand,dao,,,,0,armor.chestpieces
zz_setarmor,Dragonbone Legion Armor,dao,,,,0,armor.chestpieces
zz_shl_arm_balance_00,Shale Armor Balance 00,dao,,,,0,armor.chestpieces
zz_shl_arm_balance_01,Shale Armor Balance 01,dao,,,,0,armor.chestpieces
zz_shl_arm_balance_02,Shale Armor Balance 02,dao,,,,0,armor.chestpieces
zz_shl_arm_balance_03,Shale Armor Balance 03,dao,,,,0,armor.chestpieces
zz_shl_arm_balance_04,Shale Armor Balance 04,dao,,,,0,armor.chestpieces
zz_shl_arm_balance_05,Shale Armor Balance 05,dao,,,,0,armor.chestpieces
zz_shl_arm_balance_06,Shale Armor Balance 06,dao,,,,0,armor.chestpieces
zzz_gen_im_arm_cht_med,Flamescale Armor,dao,,,,0,armor.chestpieces
drk_im_arm_glv_lgt_ogre,Studded Leather Gauntlets,dao,leather,armor,,0,armor.gloves
drk_im_arm_glv_mas_drk,Vanguard Plate Gloves,dao,metal,armor,https://dragonage.fandom.com/wiki/Vanguard_Plate_Gloves,0,armor.gloves
drk_im_arm_glv_med_shriek,Shriek Bracers,dao,metal,armor,,0,armor.gloves
gen_im_arm_glv_all,Elementalist's Grasp,dao,,,https://dragonage.fandom.com/wiki/Elementalist%27s_Grasp_(Origins),0,armor.gloves
gen_im_arm_glv_bsb1,Angled Strikers,dao,,,https://dragonage.fandom.com/wiki/Angled_Strikers,0,armor.gloves
gen_im_arm_glv_bsb2,Backhands,dao,,,https://dragonage.fandom.com/wiki/Backhands,0,armor.gloves
gen_im_arm_glv_bsb3,Red Jenny Seekers,dao,,,https://dragonage.fandom.com/wiki/Red_Jenny_Seekers,0,armor.gloves
gen_im_arm_glv_crt1,Coarse Cut Gauntlets,dao,,,https://dragonage.fandom.com/wiki/Coarse_Cut_Gauntlets,0,armor.gloves
gen_im_arm_glv_crt5,Pushback Strikers,dao,,,https://dragonage.fandom.com/wiki/Pushback_Strikers,0,armor.gloves
gen_im_arm_glv_hvy_cer,Ceremonial Armored Gloves,dao,metal,armor,https://dragonage.fandom.com/wiki/Ceremonial_Armored_Gloves,0,armor.gloves
gen_im_arm_glv_hvy_dil,Gloves of Diligence,dao,metal,armor,https://dragonage.fandom.com/wiki/Gloves_of_Diligence,0,armor.gloves
gen_im_arm_glv_hvy_drb,Wade's Superior Heavy Dragonscale Gloves,dao,metal,armor,https://dragonage.fandom.com/wiki/Wade%27s_Superior_Heavy_Dragonscale_Gloves,0,armor.gloves
gen_im_arm_glv_hvy_drw,Wade's Heavy Dragonscale Gloves,dao,metal,armor,https://dragonage.fandom.com/wiki/Wade%27s_Heavy_Dragonscale_Gloves,0,armor.gloves
gen_im_arm_glv_hvy_dwv,Dwarven Heavy Gloves,dao,metal,armor,https://dragonage.fandom.com/wiki/Dwarven_Heavy_Gloves,0,armor.gloves
gen_im_arm_glv_hvy_hch,Heavy Chainmail Gloves,dao,metal,armor,https://dragonage.fandom.com/wiki/Heavy_Chainmail_Gloves,0,armor.gloves
gen_im_arm_glv_lgt_ap1,Imperial Reinforced Gloves,dao,leather,armor,https://dragonage.fandom.com/wiki/Imperial_Reinforced_Gloves,0,armor.gloves
gen_im_arm_glv_lgt_ap3,Qunari Siege Gauntlets,dao,leather,armor,https://dragonage.fandom.com/wiki/Qunari_Siege_Gauntlets,0,armor.gloves
gen_im_arm_glv_lgt_ap5,Gloves of Guile,dao,leather,armor,https://dragonage.fandom.com/wiki/Gloves_of_Guile,0,armor.gloves
gen_im_arm_glv_lgt_cld1,Polar Gauntlets,dao,leather,armor,https://dragonage.fandom.com/wiki/Polar_Gauntlets,0,armor.gloves
gen_im_arm_glv_lgt_cld2,Ashen Gloves,dao,leather,armor,https://dragonage.fandom.com/wiki/Ashen_Gloves,0,armor.gloves
gen_im_arm_glv_lgt_dal,Dalish Gloves,dao,leather,armor,https://dragonage.fandom.com/wiki/Dalish_Gloves,0,armor.gloves
gen_im_arm_glv_lgt_drb,Wade's Superior Drakeskin Gloves,dao,leather,armor,https://dragonage.fandom.com/wiki/Wade%27s_Superior_Drakeskin_Gloves,0,armor.gloves
gen_im_arm_glv_lgt_drw,Wade's Drakeskin Gloves,dao,leather,armor,https://dragonage.fandom.com/wiki/Wade%27s_Drakeskin_Gloves,0,armor.gloves
gen_im_arm_glv_lgt_dus,Duster Leather Gloves,dao,leather,armor,https://dragonage.fandom.com/wiki/Duster_Leather_Gloves,0,armor.gloves
gen_im_arm_glv_lgt_ele1,Charged Mitts,dao,leather,armor,https://dragonage.fandom.com/wiki/Charged_Mitts,0,armor.gloves
gen_im_arm_glv_lgt_ele2,Storm Talons,dao,leather,armor,https://dragonage.fandom.com/wiki/Storm_Talons,0,armor.gloves
gen_im_arm_glv_lgt_fir1,Pocketed Searing Gloves,dao,leather,armor,https://dragonage.fandom.com/wiki/Pocketed_Searing_Gloves,0,armor.gloves
gen_im_arm_glv_lgt_fir2,Cinderfel Gauntlets,dao,leather,armor,https://dragonage.fandom.com/wiki/Cinderfel_Gauntlets,0,armor.gloves
gen_im_arm_glv_lgt_ltr,Leather Gloves,dao,leather,armor,https://dragonage.fandom.com/wiki/Leather_Gloves,0,armor.gloves
gen_im_arm_glv_lgt_nat1,Lend of the Lion,dao,leather,armor,https://dragonage.fandom.com/wiki/Lend_of_the_Lion,0,armor.gloves
gen_im_arm_glv_lgt_nat2,Silk Weave Gloves,dao,leather,armor,https://dragonage.fandom.com/wiki/Silk_Weave_Gloves,0,armor.gloves
gen_im_arm_glv_lgt_new,Katriel's Grasp,dao,leather,armor,https://dragonage.fandom.com/wiki/Katriel%27s_Grasp,0,armor.gloves
gen_im_arm_glv_lgt_rlr,Studded Leather Gloves,dao,leather,armor,https://dragonage.fandom.com/wiki/Studded_Leather_Gloves,0,armor.gloves
gen_im_arm_glv_lgt_spr1,Spirit Hands,dao,leather,armor,https://dragonage.fandom.com/wiki/Spirit_Hands,0,armor.gloves
gen_im_arm_glv_lgt_spr2,Black Hand Gauntlets,dao,leather,armor,https://dragonage.fandom.com/wiki/Black_Hand_Gauntlets,0,armor.gloves
gen_im_arm_glv_mas_chv,Chevalier's Gloves,dao,metal,armor,https://dragonage.fandom.com/wiki/Chevalier%27s_Gloves,0,armor.gloves
gen_im_arm_glv_mas_cpl,Commander's Plate Gloves,dao,metal,armor,https://dragonage.fandom.com/wiki/Commander%27s_Plate_Gloves,0,armor.gloves
gen_im_arm_glv_mas_drb,Wade's Superior Dragonbone Plate Gloves,dao,metal,armor,https://dragonage.fandom.com/wiki/Wade%27s_Superior_Dragonbone_Plate_Gloves,0,armor.gloves
gen_im_arm_glv_mas_drw,Wade's Dragonbone Plate Gloves,dao,metal,armor,https://dragonage.fandom.com/wiki/Wade%27s_Dragonbone_Plate_Gloves,0,armor.gloves
gen_im_arm_glv_mas_dwv,Dwarven Massive Armored Gloves,dao,metal,armor,https://dragonage.fandom.com/wiki/Dwarven_Massive_Armored_Gloves,0,armor.gloves
gen_im_arm_glv_mas_eff,Effort's Gloves,dao,metal,armor,https://dragonage.fandom.com/wiki/Effort%27s_Gloves,0,armor.gloves
gen_im_arm_glv_mas_hpl,Heavy Plate Gloves,dao,metal,armor,https://dragonage.fandom.com/wiki/Heavy_Plate_Gloves,0,armor.gloves
gen_im_arm_glv_mas_jug,Juggernaut Plate Gloves,dao,metal,armor,https://dragonage.fandom.com/wiki/Juggernaut_Plate_Gloves,0,armor.gloves
gen_im_arm_glv_mas_leg,Gloves of the Legion,dao,metal,armor,https://dragonage.fandom.com/wiki/Gloves_of_the_Legion,0,armor.gloves
gen_im_arm_glv_mas_log,Armor of the River Dane Gloves,dao,metal,armor,https://dragonage.fandom.com/wiki/Armor_of_the_River_Dane_Gloves,0,armor.gloves
gen_im_arm_glv_mas_tem,Templar Gauntlets,dao,metal,armor,https://dragonage.fandom.com/wiki/Templar_Gauntlets,0,armor.gloves
gen_im_arm_glv_med_chn,Chainmail Gloves,dao,metal,armor,https://dragonage.fandom.com/wiki/Chainmail_Gloves,0,armor.gloves
gen_im_arm_glv_med_drb,Wade's Superior Dragonskin Gloves,dao,metal,armor,https://dragonage.fandom.com/wiki/Wade%27s_Superior_Dragonskin_Gloves,0,armor.gloves
gen_im_arm_glv_med_drw,Wade's Dragonskin Gloves,dao,metal,armor,https://dragonage.fandom.com/wiki/Wade%27s_Dragonskin_Gloves,0,armor.gloves
gen_im_arm_glv_med_dwi,Dwarven Noble Armored Gloves,dao,metal,armor,https://dragonage.fandom.com/wiki/Dwarven_Noble_Armored_Gloves,0,armor.gloves
gen_im_arm_glv_med_dwv,Dwarven Armored Gloves,dao,metal,armor,https://dragonage.fandom.com/wiki/Dwarven_Armored_Gloves,0,armor.gloves
gen_im_arm_glv_med_elv,Ancient Elven Gloves,dao,metal,armor,https://dragonage.fandom.com/wiki/Ancient_Elven_Gloves,0,armor.gloves
gen_im_arm_glv_med_scl,Scale Gloves,dao,metal,armor,https://dragonage.fandom.com/wiki/Scale_Gloves,0,armor.gloves
gen_im_arm_glv_med_spl,Splintmail Gloves,dao,metal,armor,https://dragonage.fandom.com/wiki/Splintmail_Gloves,0,armor.gloves
gwb_im_arm_glv_hvy_hch,Heavy Chainmail Gloves,dao,metal,armor,https://dragonage.fandom.com/wiki/Heavy_Chainmail_Gloves,0,armor.gloves
gwb_im_arm_glv_hvy_wdn1,Warden Heavy Gloves,dao,metal,armor,,0,armor.gloves
gwb_im_arm_glv_lgt_rlr,Studded Leather Gloves,dao,leather,armor,https://dragonage.fandom.com/wiki/Studded_Leather_Gloves,0,armor.gloves
gwb_im_arm_glv_lgt_wdn1,Studded Warden Gloves,dao,leather,armor,,0,armor.gloves
gwb_im_arm_glv_lgt_wdn2,Warden Scout Gloves,dao,leather,armor,,0,armor.gloves
gwb_im_arm_glv_mas_hpl,Heavy Plate Gloves,dao,metal,armor,https://dragonage.fandom.com/wiki/Heavy_Plate_Gloves,0,armor.gloves
gwb_im_arm_glv_mas_wcm,Warden Commander Gloves,dao,metal,armor,https://dragonage.fandom.com/wiki/Warden_Commander_Gloves,0,armor.gloves
gwb_im_arm_glv_med_spl,Splintmail Gloves,dao,metal,armor,https://dragonage.fandom.com/wiki/Splintmail_Gloves,0,armor.gloves
gwb_im_arm_glv_med_wdn1,Warden Splintmail Gloves,dao,metal,armor,,0,armor.gloves
kcc_im_arm_glv_lgt_spd,Repeater Gloves,dao,leather,armor,https://dragonage.fandom.com/wiki/Repeater_Gloves,0,armor.gloves
kcc_im_arm_glv_mas_cai,Cailan's Gauntlets,dao,metal,armor,https://dragonage.fandom.com/wiki/Cailan%27s_Gauntlets,0,armor.gloves
lel_im_arm_glv_hvy_01,Favor of the White,dao,metal,armor,https://dragonage.fandom.com/wiki/Favor_of_the_White,0,armor.gloves
lel_im_arm_glv_lgt_01,Lambskin Gauntlets,dao,leather,armor,https://dragonage.fandom.com/wiki/Lambskin_Gauntlets,0,armor.gloves
prm000im_dragon_blood_glove,Blood Dragon Plate Gauntlets,dao,,,https://dragonage.fandom.com/wiki/Blood_Dragon_Plate_Gauntlets,0,armor.gloves
str_im_ariane_gloves,Gauntlets of the True Path,dao,,,https://dragonage.fandom.com/wiki/Gauntlets_of_the_True_Path,0,armor.gloves
str_im_finn_gloves,Fur-Lined Gloves,dao,,,https://dragonage.fandom.com/wiki/Fur-Lined_Gloves,0,armor.gloves
zz_gwb_im_arm_glv_lgt_war,Warden's Leather Gloves,dao,leather,armor,,0,armor.gloves
zz_gwb_im_arm_glv_mas_war,Heavy Grey Warden Gloves,dao,metal,armor,,0,armor.gloves
zz_setgloves,Dragonbone Legion Gloves,dao,,,,0,armor.gloves
zzz_gen_im_arm_glv_mas,Warden Gloves,dao,,,,0,armor.gloves
arl100ip_door_wilhelm,Wilhelm's House,dao,,,,0,armor.helmets
arl160ar_wilhelms_cottage,Wilhelm's Cottage,dao,,,,0,armor.helmets
bdn110cr_adal_helmi,Adal Helmi,dao,,,,0,armor.helmets
bdn120cr_helmi,Lady Helmi,dao,,,,0,armor.helmets
cir200ip_wilhelm_journal,Wilhelm's Journal,dao,,,,0,armor.helmets
drk_im_arm_hel_mas_drk,Vanguard Plate Helm,dao,metal,armor,https://dragonage.fandom.com/wiki/Vanguard_Plate_Helm,0,armor.helmets
gen_im_arm_hel_hvy_com,Commander's Helm,dao,metal,armor,https://dragonage.fandom.com/wiki/Commander%27s_Helm,0,armor.helmets
gen_im_arm_hel_hvy_dsl,Corruption,dao,metal,armor,https://dragonage.fandom.com/wiki/Corruption,0,armor.helmets
gen_im_arm_hel_hvy_dwv,Heavy Dwarven Helmet,dao,metal,armor,https://dragonage.fandom.com/wiki/Heavy_Dwarven_Helmet,0,armor.helmets
gen_im_arm_hel_hvy_exc,Executioner's Helm,dao,metal,armor,https://dragonage.fandom.com/wiki/Executioner%27s_Helm,0,armor.helmets
gen_im_arm_hel_hvy_grf,Griffon's Helm,dao,metal,armor,https://dragonage.fandom.com/wiki/Griffon%27s_Helm,0,armor.helmets
gen_im_arm_hel_hvy_gry,Grey Warden Helmet,dao,metal,armor,https://dragonage.fandom.com/wiki/Grey_Warden_Helmet,0,armor.helmets
gen_im_arm_hel_hvy_leg,Helm of the Legion,dao,metal,armor,https://dragonage.fandom.com/wiki/Helm_of_the_Legion,0,armor.helmets
gen_im_arm_hel_hvy_prv,Proving Helm,dao,metal,armor,https://dragonage.fandom.com/wiki/Proving_Helm,0,armor.helmets
gen_im_arm_hel_hvy_quc,Qunari Commander Helm,dao,metal,armor,https://dragonage.fandom.com/wiki/Qunari_Commander_Helm,0,armor.helmets
gen_im_arm_hel_hvy_red,Helm of the Red,dao,metal,armor,https://dragonage.fandom.com/wiki/Helm_of_the_Red,0,armor.helmets
gen_im_arm_hel_hvy_sol,Soldier's Helm,dao,metal,armor,https://dragonage.fandom.com/wiki/Soldier%27s_Helm,0,armor.helmets
gen_im_arm_hel_hvy_tha,Thane Helmet,dao,metal,armor,https://dragonage.fandom.com/wiki/Thane_Helmet,0,armor.helmets
gen_im_arm_hel_lgt_aim,Armsman's Tensioner,dao,leather,armor,https://dragonage.fandom.com/wiki/Armsman%27s_Tensioner,0,armor.helmets
gen_im_arm_hel_lgt_crn,Paragon Crown,dao,leather,armor,,0,armor.helmets
gen_im_arm_hel_lgt_crt,The Long Sight,dao,leather,armor,https://dragonage.fandom.com/wiki/The_Long_Sight,0,armor.helmets
gen_im_arm_hel_lgt_cun,Quicksilver Arming Cap,dao,leather,armor,https://dragonage.fandom.com/wiki/Quicksilver_Arming_Cap,0,armor.helmets
gen_im_arm_hel_lgt_dex,Free Scout Arming Cap,dao,leather,armor,https://dragonage.fandom.com/wiki/Free_Scout_Arming_Cap,0,armor.helmets
gen_im_arm_hel_lgt_ltr,Leather Helm,dao,leather,armor,https://dragonage.fandom.com/wiki/Leather_Helm,0,armor.helmets
gen_im_arm_hel_lgt_men1,Qunari Thickened Cap,dao,leather,armor,https://dragonage.fandom.com/wiki/Qunari_Thickened_Cap,0,armor.helmets
gen_im_arm_hel_lgt_men2,Conspirator's Foil,dao,leather,armor,https://dragonage.fandom.com/wiki/Conspirator%27s_Foil,0,armor.helmets
gen_im_arm_hel_lgt_own,Owen's Remasterwork,dao,leather,armor,https://dragonage.fandom.com/wiki/Owen%27s_Remasterwork,0,armor.helmets
gen_im_arm_hel_lgt_rlr,Studded Leather Helm,dao,leather,armor,https://dragonage.fandom.com/wiki/Studded_Leather_Helm,0,armor.helmets
gen_im_arm_hel_lgt_sta,Longrunner's Cap,dao,leather,armor,https://dragonage.fandom.com/wiki/Longrunner%27s_Cap,0,armor.helmets
gen_im_arm_hel_lgt_std,Studded Helmet,dao,leather,armor,https://dragonage.fandom.com/wiki/Studded_Helmet,0,armor.helmets
gen_im_arm_hel_mag_app,Apprentice Cowl,dao,,,https://dragonage.fandom.com/wiki/Apprentice_Cowl,0,armor.helmets
gen_im_arm_hel_mag_con,Collective Arming Cowl,dao,,,https://dragonage.fandom.com/wiki/Collective_Arming_Cowl,0,armor.helmets
gen_im_arm_hel_mag_enc,Enchanter Cowl,dao,,,https://dragonage.fandom.com/wiki/Enchanter_Cowl,0,armor.helmets
gen_im_arm_hel_mag_fen,First Enchanter's Cowl,dao,,,https://dragonage.fandom.com/wiki/First_Enchanter%27s_Cowl_(Origins),0,armor.helmets
gen_im_arm_hel_mag_joa,Cameo Cowl,dao,,,https://dragonage.fandom.com/wiki/Cameo_Cowl,0,armor.helmets
gen_im_arm_hel_mag_lib,The Libertarian's Cowl,dao,,,https://dragonage.fandom.com/wiki/The_Libertarian%27s_Cowl,0,armor.helmets
gen_im_arm_hel_mag_men,Enchanter's Arming Cap,dao,,,https://dragonage.fandom.com/wiki/Enchanter%27s_Arming_Cap,0,armor.helmets
gen_im_arm_hel_mag_mn2,Reinforced Magus Cowl,dao,,,https://dragonage.fandom.com/wiki/Reinforced_Magus_Cowl_(Origins),0,armor.helmets
gen_im_arm_hel_mas_com,Knight-Commander's Helm,dao,metal,armor,https://dragonage.fandom.com/wiki/Knight-Commander%27s_Helm,0,armor.helmets
gen_im_arm_hel_mas_dty,Duty,dao,metal,armor,https://dragonage.fandom.com/wiki/Duty_(helmet),0,armor.helmets
gen_im_arm_hel_mas_inf,Heavy Infantry Helmet,dao,metal,armor,https://dragonage.fandom.com/wiki/Heavy_Infantry_Helmet,0,armor.helmets
gen_im_arm_hel_mas_jug,Juggernaut Helm,dao,metal,armor,https://dragonage.fandom.com/wiki/Juggernaut_Helm,0,armor.helmets
gen_im_arm_hel_mas_phy,Rock-Knocker,dao,metal,armor,https://dragonage.fandom.com/wiki/Rock-Knocker,0,armor.helmets
gen_im_arm_hel_mas_sol,Soldier's Heavy Helm,dao,metal,armor,https://dragonage.fandom.com/wiki/Soldier%27s_Heavy_Helm,0,armor.helmets
gen_im_arm_hel_mas_sta,Standard Bearer's Helm,dao,metal,armor,https://dragonage.fandom.com/wiki/Standard_Bearer%27s_Helm,0,armor.helmets
gen_im_arm_hel_mas_tmp,Templar Helm,dao,metal,armor,https://dragonage.fandom.com/wiki/Templar_Helm,0,armor.helmets
gen_im_arm_hel_med_bar,Barbarian Helmet,dao,metal,armor,https://dragonage.fandom.com/wiki/Barbarian_Helmet,0,armor.helmets
gen_im_arm_hel_med_dwv,Dwarven Helmet,dao,metal,armor,https://dragonage.fandom.com/wiki/Dwarven_Helmet_(Origins),0,armor.helmets
gen_im_arm_hel_med_elv,Ancient Elven Helm,dao,metal,armor,https://dragonage.fandom.com/wiki/Ancient_Elven_Helm,0,armor.helmets
gen_im_arm_hel_med_hel,Helmet,dao,metal,armor,https://dragonage.fandom.com/wiki/Helmet,0,armor.helmets
gen_im_arm_hel_med_new,Camenae's Barbute,dao,metal,armor,https://dragonage.fandom.com/wiki/Camenae%27s_Barbute,0,armor.helmets
gen_im_arm_hel_med_qui,Qunari Infantry Helm,dao,metal,armor,https://dragonage.fandom.com/wiki/Qunari_Infantry_Helm,0,armor.helmets
gen_im_arm_hel_men,Dead Metal Bucket,dao,metal,shield,https://dragonage.fandom.com/wiki/Dead_Metal_Bucket,0,armor.helmets
gib_im_arm_hel_hvy_001,Dwarven Full Helm,dao,metal,armor,https://dragonage.fandom.com/wiki/Dwarven_Full_Helm,0,armor.helmets
gwb_im_arm_hel_hvy_gry,Grey Warden Helmet,dao,metal,armor,https://dragonage.fandom.com/wiki/Grey_Warden_Helmet,0,armor.helmets
gwb_im_arm_hel_lgt_std,Studded Helmet,dao,leather,armor,https://dragonage.fandom.com/wiki/Studded_Helmet,0,armor.helmets
gwb_im_arm_hel_lgt_wdn1,Studded Helmet,dao,leather,armor,https://dragonage.fandom.com/wiki/Studded_Helmet,0,armor.helmets
gwb_im_arm_hel_mag_enc,Enchanter Cowl,dao,,,https://dragonage.fandom.com/wiki/Enchanter_Cowl,0,armor.helmets
gwb_im_arm_hel_mas_sol,Soldier's Heavy Helm,dao,metal,armor,https://dragonage.fandom.com/wiki/Soldier%27s_Heavy_Helm,0,armor.helmets
gwb_im_arm_hel_med_hel,Helmet,dao,metal,armor,https://dragonage.fandom.com/wiki/Helmet,0,armor.helmets
kcc_im_arm_hel_mas_cai,Cailan's Helm,dao,metal,armor,https://dragonage.fandom.com/wiki/Cailan%27s_Helm,0,armor.helmets
lel_im_arm_hel_lgt_01,Orlesian Circlet,dao,leather,armor,,0,armor.helmets
lel_im_arm_hel_lgt_02,Trouble's Braid,dao,leather,armor,,0,armor.helmets
orz210cr_lordhelmi,Lord Helmi,dao,,,,0,armor.helmets
orz300cr_adal_helmi,Adal Helmi,dao,,,,0,armor.helmets
prm000im_dragon_blood_helm,Blood Dragon Plate Helmet,dao,,,https://dragonage.fandom.com/wiki/Blood_Dragon_Plate_Helmet,0,armor.helmets
prm000im_helmdeep,Helm of the Deep,dao,,,https://dragonage.fandom.com/wiki/Helm_of_the_Deep,0,armor.helmets
shl100pl_door_to_cellar,Wilhelm's Cellar,dao,,,,0,armor.helmets
shl100pl_door_to_cellar_2,Wilhelm's Cellar,dao,,,,0,armor.helmets
shl200ar_cellar,Wilhelm's Cellar,dao,,,,0,armor.helmets
shl200im_helm_of_honn,Helm of Honnleath,dao,,,https://dragonage.fandom.com/wiki/Helm_of_Honnleath,0,armor.helmets
shl200im_wilhelms_brew,Wilhelm's Special Brew,dao,,,https://dragonage.fandom.com/wiki/Wilhelm%27s_Special_Brew,0,armor.helmets
shl200im_wilhelms_staff,Wilhelm's Magus Staff,dao,,,https://dragonage.fandom.com/wiki/Wilhelm%27s_Magus_Staff,0,armor.helmets
shl200ip_cod_cask1,Wilhelm's Special Brew,dao,,,,0,armor.helmets
str_im_ariane_helmet,Helm of the Arlathvenn,dao,,,https://dragonage.fandom.com/wiki/Helm_of_the_Arlathvenn,0,armor.helmets
zz_gwb_im_arm_hel_hvy_war,Warden's Helm,dao,metal,armor,,0,armor.helmets
zz_gwb_im_arm_hel_lgt_war,Warden's Leather Helm,dao,leather,armor,,0,armor.helmets
zz_gwb_im_arm_hel_mag_war,Warden's Cowl,dao,,,,0,armor.helmets
zz_sethelm,Dragonbone Legion Helm,dao,,,,0,armor.helmets
zzz_gen_im_arm_hel_hvy,Grey Warden Helmet,dao,,,,0,armor.helmets
gen_im_copper,Bit,dao,,,https://dragonage.fandom.com/wiki/Currency,0,clothing
gen_im_cth_cha_a00,Chantry Robe,dao,,,https://dragonage.fandom.com/wiki/Chantry_Robe,0,clothing
gen_im_cth_cha_a01,Chantry Robe,dao,,,https://dragonage.fandom.com/wiki/Chantry_Robe,0,clothing
gen_im_cth_cha_a02,Chantry Robe,dao,,,https://dragonage.fandom.com/wiki/Chantry_Robe,0,clothing
gen_im_cth_cha_a03,Chantry Robe,dao,,,https://dragonage.fandom.com/wiki/Chantry_Robe,0,clothing
gen_im_cth_cha_b00,Revered Mother's Robe,dao,,,,0,clothing
gen_im_cth_cha_b01,Revered Mother's Robe,dao,,,,0,clothing
gen_im_cth_cha_b02,Revered Mother's Robe,dao,,,,0,clothing
gen_im_cth_cha_b03,Revered Mother's Robe,dao,,,,0,clothing
gen_im_cth_com_a00,Commoner Clothing,dao,,,https://dragonage.fandom.com/wiki/Commoner_Clothing,0,clothing
gen_im_cth_com_a01,Commoner Clothing,dao,,,https://dragonage.fandom.com/wiki/Commoner_Clothing,0,clothing
gen_im_cth_com_a02,Commoner Clothing,dao,,,https://dragonage.fandom.com/wiki/Commoner_Clothing,0,clothing
gen_im_cth_com_a03,Commoner Clothing,dao,,,https://dragonage.fandom.com/wiki/Commoner_Clothing,0,clothing
gen_im_cth_com_b00,Commoner Clothing,dao,,,https://dragonage.fandom.com/wiki/Commoner_Clothing,0,clothing
gen_im_cth_com_b01,Commoner Clothing,dao,,,https://dragonage.fandom.com/wiki/Commoner_Clothing,0,clothing
gen_im_cth_com_b02,Commoner Clothing,dao,,,https://dragonage.fandom.com/wiki/Commoner_Clothing,0,clothing
gen_im_cth_com_b03,Commoner Clothing,dao,,,https://dragonage.fandom.com/wiki/Commoner_Clothing,0,clothing
gen_im_cth_com_c00,Clothing,dao,,,https://dragonage.fandom.com/wiki/Clothing_(human),0,clothing
gen_im_cth_com_c01,Clothing,dao,,,https://dragonage.fandom.com/wiki/Clothing_(human),0,clothing
gen_im_cth_com_c02,Clothing,dao,,,https://dragonage.fandom.com/wiki/Clothing_(human),0,clothing
gen_im_cth_com_c03,Clothing,dao,,,https://dragonage.fandom.com/wiki/Clothing_(human),0,clothing
gen_im_cth_com_d00,Clothing,dao,,,https://dragonage.fandom.com/wiki/Clothing_(elf),0,clothing
gen_im_cth_com_d01,Clothing,dao,,,https://dragonage.fandom.com/wiki/Clothing_(elf),0,clothing
gen_im_cth_com_d02,Clothing,dao,,,https://dragonage.fandom.com/wiki/Clothing_(elf),0,clothing
gen_im_cth_com_d03,Clothing,dao,,,https://dragonage.fandom.com/wiki/Clothing_(elf),0,clothing
gen_im_cth_com_e00,Clothing,dao,,,https://dragonage.fandom.com/wiki/Clothing_(elf),0,clothing
gen_im_cth_com_e01,Clothing,dao,,,https://dragonage.fandom.com/wiki/Clothing_(elf),0,clothing
gen_im_cth_com_e02,Clothing,dao,,,https://dragonage.fandom.com/wiki/Clothing_(elf),0,clothing
gen_im_cth_com_e03,Clothing,dao,,,https://dragonage.fandom.com/wiki/Clothing_(elf),0,clothing
gen_im_cth_com_f00,Clothing,dao,,,https://dragonage.fandom.com/wiki/Clothing_(elf),0,clothing
gen_im_cth_com_f01,Clothing,dao,,,https://dragonage.fandom.com/wiki/Clothing_(elf),0,clothing
gen_im_cth_com_f02,Clothing,dao,,,https://dragonage.fandom.com/wiki/Clothing_(elf),0,clothing
gen_im_cth_com_f03,Clothing,dao,,,https://dragonage.fandom.com/wiki/Clothing_(elf),0,clothing
gen_im_cth_com_g00,Clothing,dao,,,https://dragonage.fandom.com/wiki/Clothing_(dwarf),0,clothing
gen_im_cth_com_g01,Clothing,dao,,,https://dragonage.fandom.com/wiki/Clothing_(dwarf),0,clothing
gen_im_cth_com_g02,Clothing,dao,,,https://dragonage.fandom.com/wiki/Clothing_(dwarf),0,clothing
gen_im_cth_com_g03,Clothing,dao,,,https://dragonage.fandom.com/wiki/Clothing_(dwarf),0,clothing
gen_im_cth_com_h00,Clothing,dao,,,https://dragonage.fandom.com/wiki/Clothing_(dwarf),0,clothing
gen_im_cth_com_h01,Clothing,dao,,,https://dragonage.fandom.com/wiki/Clothing_(dwarf),0,clothing
gen_im_cth_com_h02,Clothing,dao,,,https://dragonage.fandom.com/wiki/Clothing_(dwarf),0,clothing
gen_im_cth_com_h03,Clothing,dao,,,https://dragonage.fandom.com/wiki/Clothing_(dwarf),0,clothing
gen_im_cth_com_i00,Commoner Clothing,dao,,,https://dragonage.fandom.com/wiki/Commoner_Clothing_(dwarf),0,clothing
gen_im_cth_com_i01,Commoner Clothing,dao,,,https://dragonage.fandom.com/wiki/Commoner_Clothing_(dwarf),0,clothing
gen_im_cth_com_i02,Commoner Clothing,dao,,,https://dragonage.fandom.com/wiki/Commoner_Clothing_(dwarf),0,clothing
gen_im_cth_com_i03,Commoner Clothing,dao,,,https://dragonage.fandom.com/wiki/Commoner_Clothing_(dwarf),0,clothing
gen_im_cth_mag_gcl,Grand Cleric Robes,dao,,,,0,clothing
gen_im_cth_mag_mth,Revered Mother's Robes,dao,,,,0,clothing
gen_im_cth_nob_af0,Noble Clothing,dao,,,https://dragonage.fandom.com/wiki/Noble_Clothing,0,clothing
gen_im_cth_nob_af1,Noble Clothing,dao,,,https://dragonage.fandom.com/wiki/Noble_Clothing,0,clothing
gen_im_cth_nob_af2,Noble Clothing,dao,,,https://dragonage.fandom.com/wiki/Noble_Clothing,0,clothing
gen_im_cth_nob_af3,Noble Clothing,dao,,,https://dragonage.fandom.com/wiki/Noble_Clothing,0,clothing
gen_im_cth_nob_am0,Noble Clothing,dao,,,https://dragonage.fandom.com/wiki/Noble_Clothing,0,clothing
gen_im_cth_nob_am1,Noble Clothing,dao,,,https://dragonage.fandom.com/wiki/Noble_Clothing,0,clothing
gen_im_cth_nob_am2,Noble Clothing,dao,,,https://dragonage.fandom.com/wiki/Noble_Clothing,0,clothing
gen_im_cth_nob_am3,Noble Clothing,dao,,,https://dragonage.fandom.com/wiki/Noble_Clothing,0,clothing
gen_im_cth_nob_b00,Noble Clothing,dao,,,https://dragonage.fandom.com/wiki/Noble_Clothing,0,clothing
gen_im_cth_nob_b01,Noble Clothing,dao,,,https://dragonage.fandom.com/wiki/Noble_Clothing,0,clothing
gen_im_cth_nob_b02,Noble Clothing,dao,,,https://dragonage.fandom.com/wiki/Noble_Clothing,0,clothing
gen_im_cth_nob_b03,Noble Clothing,dao,,,https://dragonage.fandom.com/wiki/Noble_Clothing,0,clothing
gen_im_cth_nob_c00,Noble Clothing,dao,,,https://dragonage.fandom.com/wiki/Noble_Clothing,0,clothing
gen_im_cth_nob_c01,Noble Clothing,dao,,,https://dragonage.fandom.com/wiki/Noble_Clothing,0,clothing
gen_im_cth_nob_c02,Noble Clothing,dao,,,https://dragonage.fandom.com/wiki/Noble_Clothing,0,clothing
gen_im_cth_nob_c03,Noble Clothing,dao,,,https://dragonage.fandom.com/wiki/Noble_Clothing,0,clothing
gen_im_cth_nob_d00,Noble Clothing,dao,,,https://dragonage.fandom.com/wiki/Noble_Clothing,0,clothing
gen_im_cth_nob_d01,Noble Clothing,dao,,,https://dragonage.fandom.com/wiki/Noble_Clothing,0,clothing
gen_im_cth_nob_d02,Noble Clothing,dao,,,https://dragonage.fandom.com/wiki/Noble_Clothing,0,clothing
gen_im_cth_nob_d03,Noble Clothing,dao,,,https://dragonage.fandom.com/wiki/Noble_Clothing,0,clothing
gen_im_cth_nob_e00,Noble Clothing,dao,,,https://dragonage.fandom.com/wiki/Noble_Clothing,0,clothing
gen_im_cth_nob_e01,Noble Clothing,dao,,,https://dragonage.fandom.com/wiki/Noble_Clothing,0,clothing
gen_im_cth_nob_e02,Noble Clothing,dao,,,https://dragonage.fandom.com/wiki/Noble_Clothing,0,clothing
gen_im_cth_nob_e03,Noble Clothing,dao,,,https://dragonage.fandom.com/wiki/Noble_Clothing,0,clothing
gen_im_cth_nob_f00,Noble Clothing,dao,,,https://dragonage.fandom.com/wiki/Noble_Clothing,0,clothing
gen_im_cth_nob_f01,Noble Clothing,dao,,,https://dragonage.fandom.com/wiki/Noble_Clothing,0,clothing
gen_im_cth_nob_f02,Noble Clothing,dao,,,https://dragonage.fandom.com/wiki/Noble_Clothing,0,clothing
gen_im_cth_nob_f03,Noble Clothing,dao,,,https://dragonage.fandom.com/wiki/Noble_Clothing,0,clothing
gen_im_duncan_robe,Duncan's Robe,dao,,,,0,clothing
gen_im_gift_alistair_rose,Alistair's Rose,dao,,,https://dragonage.fandom.com/wiki/Alistair%27s_Rose,0,companion_items.romance
gen_im_misc_zevearring,Zevran's Earring,dao,,,https://dragonage.fandom.com/wiki/Zevran%27s_Earring,0,companion_items.romance
drk_im_qck_grenade_201,Fire Bomb,dao,,,https://dragonage.fandom.com/wiki/Fire_Bomb,1,consumables.bombs
gen_im_qck_grenade_101,Acid Flask,dao,,,https://dragonage.fandom.com/wiki/Acid_Flask,1,consumables.bombs
gen_im_qck_grenade_201,Fire Bomb,dao,,,https://dragonage.fandom.com/wiki/Fire_Bomb,1,consumables.bombs
gen_im_qck_grenade_202,Freeze Bomb,dao,,,https://dragonage.fandom.com/wiki/Freeze_Bomb,1,consumables.bombs
gen_im_qck_grenade_203,Shock Bomb,dao,,,https://dragonage.fandom.com/wiki/Shock_Bomb,1,consumables.bombs
gen_im_qck_grenade_301,Soulrot Bomb,dao,,,https://dragonage.fandom.com/wiki/Soulrot_Bomb,1,consumables.bombs
gen_im_qck_dogfood_101,Mabari Crunch,dao,,,https://dragonage.fandom.com/wiki/Mabari_Crunch,1,consumables.food_for_dog
gen_im_qck_dogfood_201,Double-Baked Mabari Crunch,dao,,,https://dragonage.fandom.com/wiki/Double-Baked_Mabari_Crunch,1,consumables.food_for_dog
drk_im_qck_health_101,Lesser Health Poultice,dao,,,https://dragonage.fandom.com/wiki/Lesser_Health_Poultice,1,consumables.health_poultices
drk_im_qck_health_201,Health Poultice,dao,,,https://dragonage.fandom.com/wiki/Health_Poultice,1,consumables.health_poultices
drk_im_qck_health_301,Greater Health Poultice,dao,,,https://dragonage.fandom.com/wiki/Greater_Health_Poultice,1,consumables.health_poultices
gen_im_qck_health_101,Lesser Health Poultice,dao,,,https://dragonage.fandom.com/wiki/Lesser_Health_Poultice,1,consumables.health_poultices
gen_im_qck_health_201,Health Poultice,dao,,,https://dragonage.fandom.com/wiki/Health_Poultice,1,consumables.health_poultices
gen_im_qck_health_301,Greater Health Poultice,dao,,,https://dragonage.fandom.com/wiki/Greater_Health_Poultice,1,consumables.health_poultices
gen_im_qck_health_401,Potent Health Poultice,dao,,,https://dragonage.fandom.com/wiki/Potent_Health_Poultice,1,consumables.health_poultices
gen_im_qck_injury_101,Lesser Injury Kit,dao,,,https://dragonage.fandom.com/wiki/Lesser_Injury_Kit,1,consumables.injury_kits
gen_im_qck_injury_201,Injury Kit,dao,,,https://dragonage.fandom.com/wiki/Injury_Kit,1,consumables.injury_kits
gen_im_qck_injury_301,Greater Injury Kit,dao,,,https://dragonage.fandom.com/wiki/Greater_Injury_Kit,1,consumables.injury_kits
gen_im_qck_mana_101,Lesser Lyrium Potion,dao,,,https://dragonage.fandom.com/wiki/Lesser_Lyrium_Potion,1,consumables.lyrium_potions
gen_im_qck_mana_201,Lyrium Potion,dao,,,https://dragonage.fandom.com/wiki/Lyrium_Potion_(Origins),1,consumables.lyrium_potions
gen_im_qck_mana_301,Greater Lyrium Potion,dao,,,https://dragonage.fandom.com/wiki/Greater_Lyrium_Potion,1,consumables.lyrium_potions
gen_im_qck_mana_401,Potent Lyrium Potion,dao,,,https://dragonage.fandom.com/wiki/Potent_Lyrium_Potion,1,consumables.lyrium_potions
gen_im_qck_poison_101,Venom,dao,,,https://dragonage.fandom.com/wiki/Venom,1,consumables.poisons
gen_im_qck_poison_102,Deathroot Extract,dao,,,https://dragonage.fandom.com/wiki/Deathroot_Extract,1,consumables.poisons
gen_im_qck_poison_201,Concentrated Venom,dao,,,https://dragonage.fandom.com/wiki/Concentrated_Venom,1,consumables.poisons
gen_im_qck_poison_202,Crow Poison,dao,,,https://dragonage.fandom.com/wiki/Crow_Poison,1,consumables.poisons
gen_im_qck_poison_203,Concentrated Deathroot Extract,dao,,,https://dragonage.fandom.com/wiki/Concentrated_Deathroot_Extract,1,consumables.poisons
gen_im_qck_poison_204,Soldier's Bane,dao,,,https://dragonage.fandom.com/wiki/Soldier%27s_Bane,1,consumables.poisons
gen_im_qck_poison_205,Magebane,dao,,,https://dragonage.fandom.com/wiki/Magebane,1,consumables.poisons
gen_im_qck_poison_301,Adder's Kiss,dao,,,https://dragonage.fandom.com/wiki/Adder%27s_Kiss,1,consumables.poisons
gen_im_qck_poison_302,Demonic Poison,dao,,,https://dragonage.fandom.com/wiki/Demonic_Poison,1,consumables.poisons
gen_im_qck_poison_303,Concentrated Crow Poison,dao,,,https://dragonage.fandom.com/wiki/Concentrated_Crow_Poison,1,consumables.poisons
gen_im_qck_poison_304,Fleshrot,dao,,,https://dragonage.fandom.com/wiki/Fleshrot,1,consumables.poisons
gen_im_qck_poison_305,Concentrated Soldier's Bane,dao,,,https://dragonage.fandom.com/wiki/Concentrated_Soldier%27s_Bane,1,consumables.poisons
gen_im_qck_poison_306,Concentrated Magebane,dao,,,https://dragonage.fandom.com/wiki/Concentrated_Magebane,1,consumables.poisons
gen_im_qck_poison_401,Concentrated Demonic Poison,dao,,,https://dragonage.fandom.com/wiki/Concentrated_Demonic_Poison,1,consumables.poisons
gen_im_qck_poison_402,Quiet Death,dao,,,https://dragonage.fandom.com/wiki/Quiet_Death,1,consumables.poisons
orz530cr_dead_poison,Poisonous Spider,dao,,,,1,consumables.poisons
orz530cr_giant_spider_alt,Giant Poisonous Spider,dao,,,,1,consumables.poisons
spider_poisonous,Poisonous Spider,dao,,,,1,consumables.poisons
trp100cr_spider_queen,Poisonous Spider,dao,,,,1,consumables.poisons
zz_lot_poison101,POISON 101,dao,,,,1,consumables.poisons
str200im_stamina_draught,Potent Stamina Draught,dao,,,https://dragonage.fandom.com/wiki/Potent_Stamina_Draught,1,consumables.potions
gen_im_qck_misc_101,Rock Salve,dao,,,https://dragonage.fandom.com/wiki/Rock_Salve,1,consumables.salves_incenses_balms
gen_im_qck_misc_102,Incense of Awareness,dao,,,https://dragonage.fandom.com/wiki/Incense_of_Awareness,1,consumables.salves_incenses_balms
gen_im_qck_misc_201,Swift Salve,dao,,,https://dragonage.fandom.com/wiki/Swift_Salve,1,consumables.salves_incenses_balms
gen_im_qck_resistance_101,Lesser Ice Salve,dao,,,https://dragonage.fandom.com/wiki/Lesser_Ice_Salve,1,consumables.salves_incenses_balms
gen_im_qck_resistance_102,Lesser Warmth Balm,dao,,,https://dragonage.fandom.com/wiki/Lesser_Warmth_Balm,1,consumables.salves_incenses_balms
gen_im_qck_resistance_103,Lesser Elixir of Grounding,dao,,,https://dragonage.fandom.com/wiki/Lesser_Elixir_of_Grounding,1,consumables.salves_incenses_balms
gen_im_qck_resistance_104,Lesser Nature Salve,dao,,,https://dragonage.fandom.com/wiki/Lesser_Nature_Salve,1,consumables.salves_incenses_balms
gen_im_qck_resistance_105,Lesser Spirit Balm,dao,,,https://dragonage.fandom.com/wiki/Lesser_Spirit_Balm,1,consumables.salves_incenses_balms
gen_im_qck_resistance_301,Greater Ice Salve,dao,,,https://dragonage.fandom.com/wiki/Greater_Ice_Salve,1,consumables.salves_incenses_balms
gen_im_qck_resistance_302,Greater Warmth Balm,dao,,,https://dragonage.fandom.com/wiki/Greater_Warmth_Balm,1,consumables.salves_incenses_balms
gen_im_qck_resistance_303,Greater Elixir of Grounding,dao,,,https://dragonage.fandom.com/wiki/Greater_Elixir_of_Grounding,1,consumables.salves_incenses_balms
gen_im_qck_resistance_304,Greater Nature Salve,dao,,,https://dragonage.fandom.com/wiki/Greater_Nature_Salve,1,consumables.salves_incenses_balms
gen_im_qck_resistance_305,Greater Spirit Balm,dao,,,https://dragonage.fandom.com/wiki/Greater_Spirit_Balm,1,consumables.salves_incenses_balms
gen_im_qck_trap_101,Small Grease Trap,dao,,,https://dragonage.fandom.com/wiki/Small_Grease_Trap,1,consumables.traps
gen_im_qck_trap_102,Small Caltrop Trap,dao,,,https://dragonage.fandom.com/wiki/Small_Caltrop_Trap,1,consumables.traps
gen_im_qck_trap_103,Small Claw Trap,dao,,,https://dragonage.fandom.com/wiki/Small_Claw_Trap,1,consumables.traps
gen_im_qck_trap_104,Spring Trap,dao,,,https://dragonage.fandom.com/wiki/Spring_Trap,1,consumables.traps
gen_im_qck_trap_105,Acidic Trap,dao,,,https://dragonage.fandom.com/wiki/Acidic_Trap,1,consumables.traps
gen_im_qck_trap_201,Large Grease Trap,dao,,,https://dragonage.fandom.com/wiki/Large_Grease_Trap,1,consumables.traps
gen_im_qck_trap_202,Large Caltrop Trap,dao,,,https://dragonage.fandom.com/wiki/Large_Caltrop_Trap,1,consumables.traps
gen_im_qck_trap_203,Mild Choking Powder Trap,dao,,,https://dragonage.fandom.com/wiki/Mild_Choking_Powder_Trap,1,consumables.traps
gen_im_qck_trap_204,Mild Lure,dao,,,https://dragonage.fandom.com/wiki/Mild_Lure,1,consumables.traps
gen_im_qck_trap_205,Small Shrapnel Trap,dao,,,https://dragonage.fandom.com/wiki/Small_Shrapnel_Trap,1,consumables.traps
gen_im_qck_trap_206,Large Claw Trap,dao,,,https://dragonage.fandom.com/wiki/Large_Claw_Trap,1,consumables.traps
gen_im_qck_trap_207,Mild Sleeping Gas Trap,dao,,,https://dragonage.fandom.com/wiki/Mild_Sleeping_Gas_Trap,1,consumables.traps
gen_im_qck_trap_208,Fire Trap,dao,,,https://dragonage.fandom.com/wiki/Fire_Trap,1,consumables.traps
gen_im_qck_trap_209,Freeze Trap,dao,,,https://dragonage.fandom.com/wiki/Freeze_Trap,1,consumables.traps
gen_im_qck_trap_210,Shock Trap,dao,,,https://dragonage.fandom.com/wiki/Shock_Trap,1,consumables.traps
gen_im_qck_trap_301,Acidic Grease Trap,dao,,,https://dragonage.fandom.com/wiki/Acidic_Grease_Trap,1,consumables.traps
gen_im_qck_trap_302,Poisoned Caltrop Trap,dao,,,https://dragonage.fandom.com/wiki/Poisoned_Caltrop_Trap,1,consumables.traps
gen_im_qck_trap_303,Choking Powder Trap,dao,,,https://dragonage.fandom.com/wiki/Choking_Powder_Trap,1,consumables.traps
gen_im_qck_trap_304,Interesting Lure,dao,,,https://dragonage.fandom.com/wiki/Interesting_Lure,1,consumables.traps
gen_im_qck_trap_305,Large Shrapnel Trap,dao,,,https://dragonage.fandom.com/wiki/Large_Shrapnel_Trap,1,consumables.traps
gen_im_qck_trap_306,Sleeping Gas Trap,dao,,,https://dragonage.fandom.com/wiki/Sleeping_Gas_Trap,1,consumables.traps
gen_im_qck_trap_307,Soulrot Trap,dao,,,https://dragonage.fandom.com/wiki/Soulrot_Trap,1,consumables.traps
gen_im_qck_trap_401,Choking Powder Cloud Trap,dao,,,https://dragonage.fandom.com/wiki/Choking_Powder_Cloud_Trap,1,consumables.traps
gen_im_qck_trap_402,Overpowering Lure,dao,,,https://dragonage.fandom.com/wiki/Overpowering_Lure,1,consumables.traps
gen_im_qck_trap_403,Sleeping Gas Cloud Trap,dao,,,https://dragonage.fandom.com/wiki/Sleeping_Gas_Cloud_Trap,1,consumables.traps
genip_trap_crafted_101,Small Grease Trap,dao,,,,1,consumables.traps
genip_trap_crafted_103,Small Claw Trap,dao,,,,1,consumables.traps
genip_trap_crafted_104,Spring Trap,dao,,,,1,consumables.traps
genip_trap_crafted_105,Acidic Trap,dao,,,,1,consumables.traps
genip_trap_crafted_201,Acidic Trap,dao,,,,1,consumables.traps
genip_trap_crafted_203,Mild Choking Powder Trap,dao,,,,1,consumables.traps
genip_trap_crafted_204,Mild Lure,dao,,,,1,consumables.traps
genip_trap_crafted_205,Small Shrapnel Trap,dao,,,,1,consumables.traps
genip_trap_crafted_206,Large Claw Trap,dao,,,,1,consumables.traps
genip_trap_crafted_207,Mild Sleeping Gas Trap,dao,,,,1,consumables.traps
genip_trap_crafted_208,Fire Trap,dao,,,,1,consumables.traps
genip_trap_crafted_209,Freeze Trap,dao,,,,1,consumables.traps
genip_trap_crafted_210,Shock Trap,dao,,,,1,consumables.traps
genip_trap_crafted_301,Acidic Grease Trap,dao,,,,1,consumables.traps
genip_trap_crafted_303,Choking Powder Trap,dao,,,,1,consumables.traps
genip_trap_crafted_304,Interesting Lure,dao,,,,1,consumables.traps
genip_trap_crafted_305,Large Shrapnel Trap,dao,,,,1,consumables.traps
genip_trap_crafted_306,Sleeping Gas Trap,dao,,,,1,consumables.traps
genip_trap_crafted_307,Soulrot Trap,dao,,,,1,consumables.traps
genip_trap_crafted_401,Choking Powder Cloud Trap,dao,,,,1,consumables.traps
genip_trap_crafted_402,Overpowering Lure,dao,,,,1,consumables.traps
genip_trap_crafted_403,Sleeping Gas Cloud Trap,dao,,,,1,consumables.traps
gen_im_qck_uni_dwv,Dwarven Regicide Antidote,dao,,,https://dragonage.fandom.com/wiki/Dwarven_Regicide_Antidote,1,consumables.unique
gen_im_qck_coating_101,Acidic Coating,dao,,,https://dragonage.fandom.com/wiki/Acidic_Coating,1,consumables.weapon_coating
gen_im_qck_coating_201,Flame Coating,dao,,,https://dragonage.fandom.com/wiki/Flame_Coating,1,consumables.weapon_coating
gen_im_qck_coating_202,Freezing Coating,dao,,,https://dragonage.fandom.com/wiki/Freezing_Coating,1,consumables.weapon_coating
gen_im_qck_coating_203,Shock Coating,dao,,,https://dragonage.fandom.com/wiki/Shock_Coating,1,consumables.weapon_coating
gen_im_qck_coating_301,Soulrot Coating,dao,,,https://dragonage.fandom.com/wiki/Soulrot_Coating,1,consumables.weapon_coating
gen_im_cft_hrb_101,Mabari Crunch Recipe,dao,,,https://dragonage.fandom.com/wiki/Mabari_Crunch_Recipe,0,crafting.recipes.herbalism
gen_im_cft_hrb_102,Lesser Health Poultice Recipe,dao,,,https://dragonage.fandom.com/wiki/Lesser_Health_Poultice_Recipe,0,crafting.recipes.herbalism
gen_im_cft_hrb_104,Rock Salve Recipe,dao,,,https://dragonage.fandom.com/wiki/Rock_Salve_Recipe,0,crafting.recipes.herbalism
gen_im_cft_hrb_105,Incense of Awareness Recipe,dao,,,https://dragonage.fandom.com/wiki/Incense_of_Awareness_Recipe,0,crafting.recipes.herbalism
gen_im_cft_hrb_201,Double-Baked Mabari Crunch Recipe,dao,,,https://dragonage.fandom.com/wiki/Double-Baked_Mabari_Crunch_Recipe,0,crafting.recipes.herbalism
gen_im_cft_hrb_202,Health Poultice Recipe,dao,,,https://dragonage.fandom.com/wiki/Health_Poultice_Recipe,0,crafting.recipes.herbalism
gen_im_cft_hrb_206,Lesser Lyrium Potion Recipe,dao,,,https://dragonage.fandom.com/wiki/Lesser_Lyrium_Potion_Recipe,0,crafting.recipes.herbalism
gen_im_cft_hrb_207,Lesser Ice Salve Recipe,dao,,,https://dragonage.fandom.com/wiki/Lesser_Ice_Salve_Recipe,0,crafting.recipes.herbalism
gen_im_cft_hrb_208,Lesser Warmth Balm Recipe,dao,,,https://dragonage.fandom.com/wiki/Lesser_Warmth_Balm_Recipe,0,crafting.recipes.herbalism
gen_im_cft_hrb_209,Lesser Elixir of Grounding Recipe,dao,,,https://dragonage.fandom.com/wiki/Lesser_Elixir_of_Grounding_Recipe,0,crafting.recipes.herbalism
gen_im_cft_hrb_210,Lesser Nature Salve Recipe,dao,,,https://dragonage.fandom.com/wiki/Lesser_Nature_Salve_Recipe,0,crafting.recipes.herbalism
gen_im_cft_hrb_211,Lesser Injury Kit Recipe,dao,,,https://dragonage.fandom.com/wiki/Lesser_Injury_Kit_Recipe,0,crafting.recipes.herbalism
gen_im_cft_hrb_212,Swift Salve Recipe,dao,,,https://dragonage.fandom.com/wiki/Swift_Salve_Recipe,0,crafting.recipes.herbalism
gen_im_cft_hrb_301,Greater Health Poultice Recipe,dao,,,https://dragonage.fandom.com/wiki/Greater_Health_Poultice_Recipe,0,crafting.recipes.herbalism
gen_im_cft_hrb_305,Lyrium Potion Recipe,dao,,,https://dragonage.fandom.com/wiki/Lyrium_Potion_Recipe,0,crafting.recipes.herbalism
gen_im_cft_hrb_310,Lesser Spirit Balm Recipe,dao,,,https://dragonage.fandom.com/wiki/Lesser_Spirit_Balm_Recipe,0,crafting.recipes.herbalism
gen_im_cft_hrb_311,Injury Kit Recipe,dao,,,https://dragonage.fandom.com/wiki/Injury_Kit_Recipe,0,crafting.recipes.herbalism
gen_im_cft_hrb_403,Greater Lyrium Potion Recipe,dao,,,https://dragonage.fandom.com/wiki/Greater_Lyrium_Potion_Recipe,0,crafting.recipes.herbalism
gen_im_cft_hrb_404,Greater Ice Salve Recipe,dao,,,https://dragonage.fandom.com/wiki/Greater_Ice_Salve_Recipe,0,crafting.recipes.herbalism
gen_im_cft_hrb_405,Greater Warmth Balm Recipe,dao,,,https://dragonage.fandom.com/wiki/Greater_Warmth_Balm_Recipe,0,crafting.recipes.herbalism
gen_im_cft_hrb_406,Greater Elixir of Grounding Recipe,dao,,,https://dragonage.fandom.com/wiki/Greater_Elixir_of_Grounding_Recipe,0,crafting.recipes.herbalism
gen_im_cft_hrb_407,Greater Nature Salve Recipe,dao,,,https://dragonage.fandom.com/wiki/Greater_Nature_Salve_Recipe,0,crafting.recipes.herbalism
gen_im_cft_hrb_408,Greater Spirit Balm Recipe,dao,,,https://dragonage.fandom.com/wiki/Greater_Spirit_Balm_Recipe,0,crafting.recipes.herbalism
gen_im_cft_hrb_409,Greater Injury Kit Recipe,dao,,,https://dragonage.fandom.com/wiki/Greater_Injury_Kit_Recipe,0,crafting.recipes.herbalism
gen_im_cft_hrb_410,Potent Health Poultice Recipe,dao,,,https://dragonage.fandom.com/wiki/Potent_Health_Poultice_Recipe,0,crafting.recipes.herbalism
gen_im_cft_hrb_411,Potent Lyrium Potion Recipe,dao,,,https://dragonage.fandom.com/wiki/Potent_Lyrium_Potion_Recipe,0,crafting.recipes.herbalism
gen_im_cft_psn_101,Venom Recipe,dao,,,https://dragonage.fandom.com/wiki/Venom_Recipe,0,crafting.recipes.poison_making
gen_im_cft_psn_102,Deathroot Extract Recipe,dao,,,https://dragonage.fandom.com/wiki/Deathroot_Extract_Recipe,0,crafting.recipes.poison_making
gen_im_cft_psn_103,Acid Flask Recipe,dao,,,https://dragonage.fandom.com/wiki/Acid_Flask_Recipe,0,crafting.recipes.poison_making
gen_im_cft_psn_104,Acidic Coating Recipe,dao,,,https://dragonage.fandom.com/wiki/Acidic_Coating_Recipe,0,crafting.recipes.poison_making
gen_im_cft_psn_201,Concentrated Venom Recipe,dao,,,https://dragonage.fandom.com/wiki/Concentrated_Venom_Recipe,0,crafting.recipes.poison_making
gen_im_cft_psn_202,Crow Poison Recipe,dao,,,https://dragonage.fandom.com/wiki/Crow_Poison_Recipe,0,crafting.recipes.poison_making
gen_im_cft_psn_203,Concentrated Deathroot Extract Recipe,dao,,,https://dragonage.fandom.com/wiki/Concentrated_Deathroot_Extract_Recipe,0,crafting.recipes.poison_making
gen_im_cft_psn_204,Soldier's Bane Recipe,dao,,,https://dragonage.fandom.com/wiki/Soldier%27s_Bane_Recipe,0,crafting.recipes.poison_making
gen_im_cft_psn_205,Magebane Poison Recipe,dao,,,https://dragonage.fandom.com/wiki/Magebane_Poison_Recipe,0,crafting.recipes.poison_making
gen_im_cft_psn_206,Fire Bomb Recipe,dao,,,https://dragonage.fandom.com/wiki/Fire_Bomb_Recipe,0,crafting.recipes.poison_making
gen_im_cft_psn_207,Freeze Bomb Recipe,dao,,,https://dragonage.fandom.com/wiki/Freeze_Bomb_Recipe,0,crafting.recipes.poison_making
gen_im_cft_psn_208,Shock Bomb Recipe,dao,,,https://dragonage.fandom.com/wiki/Shock_Bomb_Recipe,0,crafting.recipes.poison_making
gen_im_cft_psn_209,Flaming Coating Recipe,dao,,,https://dragonage.fandom.com/wiki/Flaming_Coating_Recipe,0,crafting.recipes.poison_making
gen_im_cft_psn_210,Freezing Coating Recipe,dao,,,https://dragonage.fandom.com/wiki/Freezing_Coating_Recipe,0,crafting.recipes.poison_making
gen_im_cft_psn_211,Shock Coating Recipe,dao,,,https://dragonage.fandom.com/wiki/Shock_Coating_Recipe,0,crafting.recipes.poison_making
gen_im_cft_psn_301,Adder's Kiss Recipe,dao,,,https://dragonage.fandom.com/wiki/Adder%27s_Kiss_Recipe,0,crafting.recipes.poison_making
gen_im_cft_psn_302,Demonic Poison Recipe,dao,,,https://dragonage.fandom.com/wiki/Demonic_Poison_Recipe,0,crafting.recipes.poison_making
gen_im_cft_psn_303,Concentrated Crow Poison Recipe,dao,,,https://dragonage.fandom.com/wiki/Concentrated_Crow_Poison_Recipe,0,crafting.recipes.poison_making
gen_im_cft_psn_304,Fleshrot Recipe,dao,,,https://dragonage.fandom.com/wiki/Fleshrot_Recipe,0,crafting.recipes.poison_making
gen_im_cft_psn_305,Concentrated Soldier's Bane Recipe,dao,,,https://dragonage.fandom.com/wiki/Concentrated_Soldier%27s_Bane_Recipe,0,crafting.recipes.poison_making
gen_im_cft_psn_306,Concentrated Magebane Recipe,dao,,,https://dragonage.fandom.com/wiki/Concentrated_Magebane_Recipe,0,crafting.recipes.poison_making
gen_im_cft_psn_307,Soulrot Bomb Recipe,dao,,,https://dragonage.fandom.com/wiki/Soulrot_Bomb_Recipe,0,crafting.recipes.poison_making
gen_im_cft_psn_308,Soulrot Coating Recipe,dao,,,https://dragonage.fandom.com/wiki/Soulrot_Coating_Recipe,0,crafting.recipes.poison_making
gen_im_cft_psn_401,Concentrated Demonic Poison Recipe,dao,,,https://dragonage.fandom.com/wiki/Concentrated_Demonic_Poison_Recipe,0,crafting.recipes.poison_making
gen_im_cft_psn_402,Quiet Death Recipe,dao,,,https://dragonage.fandom.com/wiki/Quiet_Death_Recipe,0,crafting.recipes.poison_making
gen_im_cft_uni_dwv,Dwarven Regicide Antidote,dao,,,https://dragonage.fandom.com/wiki/Dwarven_Regicide_Antidote_Recipe,0,crafting.recipes.unique
gen_im_cft_reg_charm,Glamour Charm,dao,,,https://dragonage.fandom.com/wiki/Glamour_Charm,1,crafting.resources
gen_im_cft_reg_concentrator,Concentrator Agent,dao,,,https://dragonage.fandom.com/wiki/Concentrator_Agent,1,crafting.resources
gen_im_cft_reg_corrupter,Corrupter Agent,dao,,,https://dragonage.fandom.com/wiki/Corrupter_Agent,1,crafting.resources
gen_im_cft_reg_deathroot,Deathroot,dao,,,https://dragonage.fandom.com/wiki/Deathroot_(Origins),1,crafting.resources
gen_im_cft_reg_demonicichor,Demonic Ichor,dao,,,https://dragonage.fandom.com/wiki/Demonic_Ichor,1,crafting.resources
gen_im_cft_reg_distillation,Distillation Agent,dao,,,https://dragonage.fandom.com/wiki/Distillation_Agent,1,crafting.resources
gen_im_cft_reg_elfroot,Elfroot,dao,,,https://dragonage.fandom.com/wiki/Elfroot_(Origins),1,crafting.resources
gen_im_cft_reg_firecrystal,Fire Crystal,dao,,,https://dragonage.fandom.com/wiki/Fire_Crystal,1,crafting.resources
gen_im_cft_reg_flask,Flask,dao,,,https://dragonage.fandom.com/wiki/Flask,1,crafting.resources
gen_im_cft_reg_frostrock,Frostrock,dao,,,https://dragonage.fandom.com/wiki/Frostrock,1,crafting.resources
gen_im_cft_reg_lifestone,Lifestone,dao,,,https://dragonage.fandom.com/wiki/Lifestone,1,crafting.resources
gen_im_cft_reg_lightning,Frozen Lightning,dao,,,https://dragonage.fandom.com/wiki/Frozen_Lightning,1,crafting.resources
gen_im_cft_reg_lyriumdust,Lyrium Dust,dao,,,https://dragonage.fandom.com/wiki/Lyrium_Dust,1,crafting.resources
gen_im_cft_reg_metalshard,Metal Shard,dao,metal,shield,https://dragonage.fandom.com/wiki/Metal_Shard,1,crafting.resources
gen_im_cft_reg_mushroom,Deep Mushroom,dao,,,https://dragonage.fandom.com/wiki/Deep_Mushroom_(Origins),1,crafting.resources
gen_im_cft_reg_spiritshard,Spirit Shard,dao,,,https://dragonage.fandom.com/wiki/Spirit_Shard,1,crafting.resources
gen_im_cft_reg_traptrigger,Trap Trigger,dao,,,https://dragonage.fandom.com/wiki/Trap_Trigger,1,crafting.resources
gen_im_cft_reg_venom,Toxin Extract,dao,,,https://dragonage.fandom.com/wiki/Toxin_Extract,1,crafting.resources
gen_im_cft_trp_101,Small Grease Trap Plans,dao,,,https://dragonage.fandom.com/wiki/Small_Grease_Trap_Plans,0,crafting.trap_making_plans
gen_im_cft_trp_102,Small Caltrop Trap Plans,dao,,,https://dragonage.fandom.com/wiki/Small_Caltrop_Trap_Plans,0,crafting.trap_making_plans
gen_im_cft_trp_103,Small Claw Trap Plans,dao,,,https://dragonage.fandom.com/wiki/Small_Claw_Trap_Plans,0,crafting.trap_making_plans
gen_im_cft_trp_104,Spring Trap Plans,dao,,,https://dragonage.fandom.com/wiki/Spring_Trap_Plans,0,crafting.trap_making_plans
gen_im_cft_trp_105,Acidic Trap Plans,dao,,,https://dragonage.fandom.com/wiki/Acidic_Trap_Plans,0,crafting.trap_making_plans
gen_im_cft_trp_201,Large Grease Trap Plans,dao,,,https://dragonage.fandom.com/wiki/Large_Grease_Trap_Plans,0,crafting.trap_making_plans
gen_im_cft_trp_202,Large Caltrop Trap Plans,dao,,,https://dragonage.fandom.com/wiki/Large_Caltrop_Trap_Plans,0,crafting.trap_making_plans
gen_im_cft_trp_203,Mild Choking Powder Trap Plans,dao,,,https://dragonage.fandom.com/wiki/Mild_Choking_Powder_Trap_Plans,0,crafting.trap_making_plans
gen_im_cft_trp_204,Mild Lure Plans,dao,,,https://dragonage.fandom.com/wiki/Mild_Lure_Plans,0,crafting.trap_making_plans
gen_im_cft_trp_205,Small Shrapnel Trap Plans,dao,,,https://dragonage.fandom.com/wiki/Small_Shrapnel_Trap_Plans,0,crafting.trap_making_plans
gen_im_cft_trp_206,Large Claw Trap Plans,dao,,,https://dragonage.fandom.com/wiki/Large_Claw_Trap_Plans,0,crafting.trap_making_plans
gen_im_cft_trp_207,Mild Sleeping Gas Trap Plans,dao,,,https://dragonage.fandom.com/wiki/Mild_Sleeping_Gas_Trap_Plans,0,crafting.trap_making_plans
gen_im_cft_trp_208,Fire Trap Plans,dao,,,https://dragonage.fandom.com/wiki/Fire_Trap_Plans,0,crafting.trap_making_plans
gen_im_cft_trp_209,Freeze Trap Plans,dao,,,https://dragonage.fandom.com/wiki/Freeze_Trap_Plans,0,crafting.trap_making_plans
gen_im_cft_trp_210,Shock Trap Plans,dao,,,https://dragonage.fandom.com/wiki/Shock_Trap_Plans,0,crafting.trap_making_plans
gen_im_cft_trp_301,Acidic Grease Trap Plans,dao,,,https://dragonage.fandom.com/wiki/Acidic_Grease_Trap_Plans,0,crafting.trap_making_plans
gen_im_cft_trp_302,Poisoned Caltrop Trap Plans,dao,,,https://dragonage.fandom.com/wiki/Poisoned_Caltrop_Trap_Plans,0,crafting.trap_making_plans
gen_im_cft_trp_303,Choking Powder Trap Plans,dao,,,https://dragonage.fandom.com/wiki/Choking_Powder_Trap_Plans,0,crafting.trap_making_plans
gen_im_cft_trp_304,Interesting Lure Trap Plans,dao,,,https://dragonage.fandom.com/wiki/Interesting_Lure_Trap_Plans,0,crafting.trap_making_plans
gen_im_cft_trp_305,Large Shrapnel Trap Plans,dao,,,https://dragonage.fandom.com/wiki/Large_Shrapnel_Trap_Plans,0,crafting.trap_making_plans
gen_im_cft_trp_306,Sleeping Gas Trap Plans,dao,,,https://dragonage.fandom.com/wiki/Sleeping_Gas_Trap_Plans,0,crafting.trap_making_plans
gen_im_cft_trp_307,Soulrot Trap Plans,dao,,,https://dragonage.fandom.com/wiki/Soulrot_Trap_Plans,0,crafting.trap_making_plans
gen_im_cft_trp_401,Choking Powder Cloud Trap Plans,dao,,,https://dragonage.fandom.com/wiki/Choking_Powder_Cloud_Trap_Plans,0,crafting.trap_making_plans
gen_im_cft_trp_402,Overpowering Lure Trap Plans,dao,,,https://dragonage.fandom.com/wiki/Overpowering_Lure_Trap_Plans,0,crafting.trap_making_plans
gen_im_cft_trp_403,Sleeping Gas Cloud Trap Plans,dao,,,https://dragonage.fandom.com/wiki/Sleeping_Gas_Cloud_Trap_Plans,0,crafting.trap_making_plans
gen_im_spc_dog_col_c01,Black Leather Collar,dao,,,https://dragonage.fandom.com/wiki/Black_Leather_Collar,0,dog_accessories.collars
gen_im_spc_dog_col_c02,Mabari Dog Chain,dao,,,https://dragonage.fandom.com/wiki/Mabari_Dog_Chain,0,dog_accessories.collars
gen_im_spc_dog_col_c03,Steel Spiked Collar,dao,,,https://dragonage.fandom.com/wiki/Steel_Spiked_Collar,0,dog_accessories.collars
gen_im_spc_dog_col_c04,Mabari War Harness,dao,,,https://dragonage.fandom.com/wiki/Mabari_War_Harness,0,dog_accessories.collars
gen_im_spc_dog_col_co5,Pure Bitch Braid,dao,,,https://dragonage.fandom.com/wiki/Pure_Bitch_Braid,0,dog_accessories.collars
gen_im_spc_dog_col_co6,Blackmetal Torque,dao,metal,shield,https://dragonage.fandom.com/wiki/Blackmetal_Torque,0,dog_accessories.collars
gen_im_spc_dog_col_co7,Lord's Hunting Jabot,dao,,,https://dragonage.fandom.com/wiki/Lord%27s_Hunting_Jabot,0,dog_accessories.collars
gen_im_spc_dog_col_co8,Throwback Harness,dao,,,https://dragonage.fandom.com/wiki/Throwback_Harness,0,dog_accessories.collars
gen_im_spc_dog_col_str,Worn Studded Braid,dao,,,https://dragonage.fandom.com/wiki/Worn_Studded_Braid,0,dog_accessories.collars
kcc_im_spc_dog_col_cld,Firestone Harness,dao,,,https://dragonage.fandom.com/wiki/Firestone_Harness,0,dog_accessories.collars
val_im_spc_dog_col_shame,Protective Cone,dao,,,https://dragonage.fandom.com/wiki/Protective_Cone,0,dog_accessories.collars
gen_im_spc_dog_pnt_p01,Warpaint of the Wolfhound,dao,,,https://dragonage.fandom.com/wiki/Warpaint_of_the_Wolfhound,0,dog_accessories.kaddis
gen_im_spc_dog_pnt_p02,Kaddis of the Courser,dao,,,https://dragonage.fandom.com/wiki/Kaddis_of_the_Courser,0,dog_accessories.kaddis
gen_im_spc_dog_pnt_p03,Warpaint of the Vanguard,dao,,,https://dragonage.fandom.com/wiki/Warpaint_of_the_Vanguard,0,dog_accessories.kaddis
gen_im_spc_dog_pnt_p04,Warpaint of the West Hills,dao,,,https://dragonage.fandom.com/wiki/Warpaint_of_the_West_Hills,0,dog_accessories.kaddis
gen_im_spc_dog_pnt_p05,Kaddis of the Siege-Breaker,dao,,,https://dragonage.fandom.com/wiki/Kaddis_of_the_Siege-Breaker,0,dog_accessories.kaddis
gen_im_spc_dog_pnt_p06,Warpaint of the Waking Sea,dao,,,https://dragonage.fandom.com/wiki/Warpaint_of_the_Waking_Sea,0,dog_accessories.kaddis
gen_im_spc_dog_pnt_p07,Kaddis of Hakkon Wintersbreath,dao,,,https://dragonage.fandom.com/wiki/Kaddis_of_Hakkon_Wintersbreath,0,dog_accessories.kaddis
gen_im_spc_dog_pnt_p08,Warpaint of the Tempest,dao,,,https://dragonage.fandom.com/wiki/Warpaint_of_the_Tempest,0,dog_accessories.kaddis
gen_im_spc_dog_pnt_p09,Kaddis of the Lady of the Skies,dao,,,https://dragonage.fandom.com/wiki/Kaddis_of_the_Lady_of_the_Skies,0,dog_accessories.kaddis
gen_im_spc_dog_pnt_p10,Kaddis of the Trickster,dao,,,https://dragonage.fandom.com/wiki/Kaddis_of_the_Trickster,0,dog_accessories.kaddis
gen_im_spc_dog_pnt_p11,Kaddis of the King's Hounds,dao,,,https://dragonage.fandom.com/wiki/Kaddis_of_the_King%27s_Hounds,0,dog_accessories.kaddis
gen_im_spc_dog_pnt_p12,Kaddis of the Mountain-Father,dao,,,https://dragonage.fandom.com/wiki/Kaddis_of_the_Mountain-Father,0,dog_accessories.kaddis
gen_im_gem_ame,Amethyst,dao,,,https://dragonage.fandom.com/wiki/Amethyst,0,gems
gen_im_gem_dia,Diamond,dao,,,https://dragonage.fandom.com/wiki/Diamond,0,gems
gen_im_gem_emr,Emerald,dao,,,https://dragonage.fandom.com/wiki/Emerald,0,gems
gen_im_gem_flu,Fluorspar,dao,,,https://dragonage.fandom.com/wiki/Fluorspar,0,gems
gen_im_gem_gar,Garnet,dao,,,https://dragonage.fandom.com/wiki/Garnet,0,gems
gen_im_gem_grn,Greenstone,dao,,,https://dragonage.fandom.com/wiki/Greenstone,0,gems
gen_im_gem_mal,Malachite,dao,,,https://dragonage.fandom.com/wiki/Malachite,0,gems
gen_im_gem_qrt,Quartz,dao,,,https://dragonage.fandom.com/wiki/Quartz,0,gems
gen_im_gem_rby,Ruby,dao,,,https://dragonage.fandom.com/wiki/Ruby,0,gems
gen_im_gem_sap,Sapphire,dao,,,https://dragonage.fandom.com/wiki/Sapphire,0,gems
gen_im_gem_top,Topaz,dao,,,https://dragonage.fandom.com/wiki/Topaz,0,gems
gen_im_gem_var,Varathorn's Gems,dao,,,,0,gems
vgk100im_ruby_flawless,Flawless Ruby,dao,,,https://dragonage.fandom.com/wiki/Flawless_Ruby,0,gems
dragon,Dragon,dao,,,,0,gifts
gem_im_gift_gar,Remarkable Garnet,dao,,,https://dragonage.fandom.com/wiki/Remarkable_Garnet,0,gifts
gen_im_gift_ale,Ale,dao,,,https://dragonage.fandom.com/wiki/Ale,0,gifts
gen_im_gift_alistair_amulet,Alistair's Mother's Amulet,dao,,,https://dragonage.fandom.com/wiki/Alistair%27s_Mother%27s_Amulet,0,gifts
gen_im_gift_ame,Remarkable Amethyst,dao,,,https://dragonage.fandom.com/wiki/Remarkable_Amethyst,0,gifts
gen_im_gift_antivan_boots,Antivan Leather Boots,dao,,,https://dragonage.fandom.com/wiki/Antivan_Leather_Boots_(gift),0,gifts
gen_im_gift_armband,Armband,dao,,,https://dragonage.fandom.com/wiki/Armband,0,gifts
gen_im_gift_blkgrimoire,Black Grimoire,dao,,,https://dragonage.fandom.com/wiki/Black_Grimoire,0,gifts
gen_im_gift_book,The Search for the True Prophet,dao,,,https://dragonage.fandom.com/wiki/The_Search_for_the_True_Prophet,0,gifts
gen_im_gift_book2,The Rose of Orlais,dao,,,https://dragonage.fandom.com/wiki/The_Rose_of_Orlais,0,gifts
gen_im_gift_book4,"Discovering Dragon's Blood: Potions, Tinctures, and Spicy Sauces",dao,,,"https://dragonage.fandom.com/wiki/Discovering_Dragon%27s_Blood:_Potions,_Tinctures,_and_Spicy_Sauces",0,gifts
gen_im_gift_book5,The Guerrins of Ferelden: A Genealogical History,dao,,,https://dragonage.fandom.com/wiki/The_Guerrins_of_Ferelden:_A_Genealogical_History,0,gifts
gen_im_gift_bracer,Steel Bracers,dao,,,https://dragonage.fandom.com/wiki/Steel_Bracers,0,gifts
gen_im_gift_brclet,Gemmed Bracelet,dao,,,https://dragonage.fandom.com/wiki/Gemmed_Bracelet,0,gifts
gen_im_gift_brclet2,Silver Bracelet,dao,,,https://dragonage.fandom.com/wiki/Silver_Bracelet,0,gifts
gen_im_gift_brooch,Silver Brooch,dao,,,https://dragonage.fandom.com/wiki/Silver_Brooch,0,gifts
gen_im_gift_cake,Found Cake,dao,,,https://dragonage.fandom.com/wiki/Found_Cake,0,gifts
gen_im_gift_chantam,Chantry Amulet,dao,,,https://dragonage.fandom.com/wiki/Chantry_Amulet_(gift),0,gifts
gen_im_gift_dalish_gloves,Dalish Gloves,dao,,,https://dragonage.fandom.com/wiki/Dalish_Gloves_(gift),0,gifts
gen_im_gift_dia,Remarkable Diamond,dao,,,https://dragonage.fandom.com/wiki/Remarkable_Diamond,0,gifts
gen_im_gift_dogbone,Lamb Bone,dao,,,https://dragonage.fandom.com/wiki/Lamb_Bone,0,gifts
gen_im_gift_dogbone2,Ox Bone,dao,,,https://dragonage.fandom.com/wiki/Ox_Bone,0,gifts
gen_im_gift_dogbone3,Beef Bone,dao,,,https://dragonage.fandom.com/wiki/Beef_Bone,0,gifts
gen_im_gift_dogbone4,Large Bone,dao,,,https://dragonage.fandom.com/wiki/Large_Bone,0,gifts
gen_im_gift_dogbone5,Veal Bone,dao,,,https://dragonage.fandom.com/wiki/Veal_Bone,0,gifts
gen_im_gift_dppant,Dirty Pair of Pantaloons,dao,,,https://dragonage.fandom.com/wiki/Dirty_Pair_of_Pantaloons,0,gifts
gen_im_gift_duncan_shield,Duncan's Shield,dao,,,https://dragonage.fandom.com/wiki/Duncan%27s_Shield_(gift),0,gifts
gen_im_gift_earring,Diamond Earrings,dao,,,https://dragonage.fandom.com/wiki/Diamond_Earrings,0,gifts
gen_im_gift_earring2,Gold Earrings,dao,,,https://dragonage.fandom.com/wiki/Gold_Earrings,0,gifts
gen_im_gift_emr,Remarkable Emerald,dao,,,https://dragonage.fandom.com/wiki/Remarkable_Emerald,0,gifts
gen_im_gift_fanbot,Garbolg's Backcountry Reserve,dao,,,https://dragonage.fandom.com/wiki/Garbolg%27s_Backcountry_Reserve,0,gifts
gen_im_gift_fanbot2,Chasind Sack Mead,dao,,,https://dragonage.fandom.com/wiki/Chasind_Sack_Mead,0,gifts
gen_im_gift_fanbot3,Legacy White Shear,dao,,,https://dragonage.fandom.com/wiki/Legacy_White_Shear,0,gifts
gen_im_gift_fanbot4,Sun Blonde Vint-1,dao,,,https://dragonage.fandom.com/wiki/Sun_Blonde_Vint-1,0,gifts
gen_im_gift_fanbot5,Golden Scythe 4:90 Black,dao,,,https://dragonage.fandom.com/wiki/Golden_Scythe_4:90_Black,0,gifts
gen_im_gift_fanscrl,Fancy Scroll,dao,,,https://dragonage.fandom.com/wiki/Fancy_Scroll,0,gifts
gen_im_gift_flmgrimoire,Flemeth's Grimoire,dao,,,https://dragonage.fandom.com/wiki/Flemeth%27s_Grimoire,0,gifts
gen_im_gift_flower_andraste,Andraste's Grace,dao,,,https://dragonage.fandom.com/wiki/Andraste%27s_Grace,0,gifts
gen_im_gift_grn,Remarkable Greenstone,dao,,,https://dragonage.fandom.com/wiki/Remarkable_Greenstone,0,gifts
gen_im_gift_hdband,Headband,dao,,,https://dragonage.fandom.com/wiki/Headband,0,gifts
gen_im_gift_hlysymb,Bronze Symbol of Andraste,dao,,,https://dragonage.fandom.com/wiki/Bronze_Symbol_of_Andraste,0,gifts
gen_im_gift_hlysymb2,Silver Sword of Mercy,dao,,,https://dragonage.fandom.com/wiki/Silver_Sword_of_Mercy,0,gifts
gen_im_gift_hlysymb3,Golden Symbol of Andraste,dao,,,https://dragonage.fandom.com/wiki/Golden_Symbol_of_Andraste,0,gifts
gen_im_gift_hlysymb4,Etched Silver Symbol,dao,,,https://dragonage.fandom.com/wiki/Etched_Silver_Symbol,0,gifts
gen_im_gift_hlysymb5,Steel Symbol of Andraste,dao,,,https://dragonage.fandom.com/wiki/Steel_Symbol_of_Andraste,0,gifts
gen_im_gift_locket,Locket,dao,,,https://dragonage.fandom.com/wiki/Locket,0,gifts
gen_im_gift_mal,Remarkable Malachite,dao,,,https://dragonage.fandom.com/wiki/Remarkable_Malachite,0,gifts
gen_im_gift_map,Ancient Map of the Imperium,dao,,,https://dragonage.fandom.com/wiki/Ancient_Map_of_the_Imperium,0,gifts
gen_im_gift_map2,Current Map of Ferelden,dao,,,https://dragonage.fandom.com/wiki/Current_Map_of_Ferelden,0,gifts
gen_im_gift_map3,Map of the Anderfels,dao,,,https://dragonage.fandom.com/wiki/Map_of_the_Anderfels,0,gifts
gen_im_gift_map4,Botanist's Map of Thedas,dao,,,https://dragonage.fandom.com/wiki/Botanist%27s_Map_of_Thedas,0,gifts
gen_im_gift_map5,Map of Occupied Ferelden,dao,,,https://dragonage.fandom.com/wiki/Map_of_Occupied_Ferelden,0,gifts
gen_im_gift_mdpnt1,Portrait of a Goosegirl,dao,,,https://dragonage.fandom.com/wiki/Portrait_of_a_Goosegirl,0,gifts
gen_im_gift_mdpnt2,Painting of the Rebel Queen,dao,,,https://dragonage.fandom.com/wiki/Painting_of_the_Rebel_Queen,0,gifts
gen_im_gift_mgold,Medium Gold Bar,dao,,,https://dragonage.fandom.com/wiki/Medium_Gold_Bar,0,gifts
gen_im_gift_mirror,Golden Mirror,dao,,,https://dragonage.fandom.com/wiki/Golden_Mirror,0,gifts
gen_im_gift_msilver,Medium Silver Bar,dao,,,https://dragonage.fandom.com/wiki/Medium_Silver_Bar,0,gifts
gen_im_gift_ncklace,Gold Amulet,dao,,,https://dragonage.fandom.com/wiki/Gold_Amulet,0,gifts
gen_im_gift_ncklace2,Golden Rope Necklace,dao,,,https://dragonage.fandom.com/wiki/Golden_Rope_Necklace,0,gifts
gen_im_gift_ncklace3,Silver Chain,dao,,,https://dragonage.fandom.com/wiki/Silver_Chain,0,gifts
gen_im_gift_ncklace4,Silver Medallion,dao,,,https://dragonage.fandom.com/wiki/Silver_Medallion,0,gifts
gen_im_gift_ncklace5,Golden Demon Pendant,dao,,,https://dragonage.fandom.com/wiki/Golden_Demon_Pendant,0,gifts
gen_im_gift_nugg,Cute Nug,dao,,,https://dragonage.fandom.com/wiki/Cute_Nug,0,gifts
gen_im_gift_paintsky,Painted Skyball,dao,,,https://dragonage.fandom.com/wiki/Painted_Skyball,0,gifts
gen_im_gift_pitcher,Alley King's Flagon,dao,,,https://dragonage.fandom.com/wiki/Alley_King%27s_Flagon,0,gifts
gen_im_gift_rby,Remarkable Ruby,dao,,,https://dragonage.fandom.com/wiki/Remarkable_Ruby,0,gifts
gen_im_gift_ring,Shiny Gold Ring,dao,,,https://dragonage.fandom.com/wiki/Shiny_Gold_Ring,0,gifts
gen_im_gift_ring2,Small Silver Ring,dao,,,https://dragonage.fandom.com/wiki/Small_Silver_Ring,0,gifts
gen_im_gift_ring3,Heavy Gold Ring,dao,,,https://dragonage.fandom.com/wiki/Heavy_Gold_Ring,0,gifts
gen_im_gift_ring4,Black Gemmed Ring,dao,,,https://dragonage.fandom.com/wiki/Black_Gemmed_Ring,0,gifts
gen_im_gift_ring5,Silver Demon Head Ring,dao,,,https://dragonage.fandom.com/wiki/Silver_Demon_Head_Ring,0,gifts
gen_im_gift_runston,White Runestone,dao,,,https://dragonage.fandom.com/wiki/White_Runestone,0,gifts
gen_im_gift_runston2,Black Runestone,dao,,,https://dragonage.fandom.com/wiki/Black_Runestone,0,gifts
gen_im_gift_sap,Remarkable Sapphire,dao,,,https://dragonage.fandom.com/wiki/Remarkable_Sapphire,0,gifts
gen_im_gift_sgold,Small Gold Bar,dao,,,https://dragonage.fandom.com/wiki/Small_Gold_Bar,0,gifts
gen_im_gift_shoe,Blue Satin Shoes,dao,,,https://dragonage.fandom.com/wiki/Blue_Satin_Shoes,0,gifts
gen_im_gift_smlpnt1,Water-Stained Portrait,dao,,,https://dragonage.fandom.com/wiki/Water-Stained_Portrait,0,gifts
gen_im_gift_smlpnt2,Silver-Framed Still Life,dao,,,https://dragonage.fandom.com/wiki/Silver-Framed_Still_Life,0,gifts
gen_im_gift_ssilver,Small Silver Bar,dao,,,https://dragonage.fandom.com/wiki/Small_Silver_Bar,0,gifts
gen_im_gift_stat,Stone Dragon Statuette,dao,,,https://dragonage.fandom.com/wiki/Stone_Dragon_Statuette,0,gifts
gen_im_gift_stat2,Stone Warrior Statuette,dao,,,https://dragonage.fandom.com/wiki/Stone_Warrior_Statuette,0,gifts
gen_im_gift_stat3,Small Carved Statuette,dao,,,https://dragonage.fandom.com/wiki/Small_Carved_Statuette,0,gifts
gen_im_gift_stat4,Onyx Demon Statuette,dao,,,https://dragonage.fandom.com/wiki/Onyx_Demon_Statuette,0,gifts
gen_im_gift_sword_sten,Sten's Sword,dao,,,https://dragonage.fandom.com/wiki/Sten%27s_Sword,0,gifts
gen_im_gift_tatbook,Tattered Notebook,dao,,,https://dragonage.fandom.com/wiki/Tattered_Notebook,0,gifts
gen_im_gift_tiara,Tiara,dao,,,https://dragonage.fandom.com/wiki/Tiara,0,gifts
gen_im_gift_top,Remarkable Topaz,dao,,,https://dragonage.fandom.com/wiki/Remarkable_Topaz,0,gifts
gen_im_gift_totem,Totem,dao,,,https://dragonage.fandom.com/wiki/Totem,0,gifts
gen_im_gift_trbneck,Tribal Necklace,dao,,,https://dragonage.fandom.com/wiki/Tribal_Necklace,0,gifts
gen_im_gift_tyarn,Tangled Ball of Yarn,dao,,,https://dragonage.fandom.com/wiki/Tangled_Ball_of_Yarn,0,gifts
gen_im_gift_wine,Wine,dao,,,https://dragonage.fandom.com/wiki/Wine,0,gifts
trp100im_elventrinket,Elven Trinket,dao,,,https://dragonage.fandom.com/wiki/Elven_Trinket,0,gifts
val_im_gift_amulet,Amulet of Memories,dao,,,https://dragonage.fandom.com/wiki/Amulet_of_Memories_(gift),0,gifts
val_im_gift_ball,Stick,dao,,,https://dragonage.fandom.com/wiki/Stick_(gift),0,gifts
val_im_gift_brandy,Rare Antivan Brandy,dao,,,https://dragonage.fandom.com/wiki/Rare_Antivan_Brandy_(gift),0,gifts
val_im_gift_cookie,Qunari Prayers for the Dead,dao,,,https://dragonage.fandom.com/wiki/Qunari_Prayers_for_the_Dead_(gift),0,gifts
val_im_gift_doll,Alistair Doll,dao,,,https://dragonage.fandom.com/wiki/Alistair_Doll_(gift),0,gifts
val_im_gift_flask,Beard Flask,dao,,,https://dragonage.fandom.com/wiki/Beard_Flask_(gift),0,gifts
val_im_gift_horse,Grey Warden Hand Puppet,dao,,,https://dragonage.fandom.com/wiki/Grey_Warden_Hand_Puppet_(gift),0,gifts
val_im_gift_lute,Fat Lute,dao,,,https://dragonage.fandom.com/wiki/Fat_Lute_(gift),0,gifts
val_im_gift_parfait,Sugar Cake,dao,,,https://dragonage.fandom.com/wiki/Sugar_Cake,0,gifts
val_im_gift_rock,Pet Rock,dao,,,https://dragonage.fandom.com/wiki/Pet_Rock_(gift),0,gifts
val_im_gift_shield,King Maric's Shield,dao,,,https://dragonage.fandom.com/wiki/King_Maric%27s_Shield_(gift),0,gifts
val_im_gift_thoughtful,Thoughtful Gift,dao,,,https://dragonage.fandom.com/wiki/Thoughtful_Gift,0,gifts
bhm700cr_spectre,Robed Sentinel,dao,,,,0,mage_robes
gen_im_cth_mag_app,Apprentice Robes,dao,,,https://dragonage.fandom.com/wiki/Apprentice_Robes,0,mage_robes
gen_im_cth_mag_arc,Archon Robes,dao,,,https://dragonage.fandom.com/wiki/Archon_Robes,0,mage_robes
gen_im_cth_mag_cha,Robes,dao,,,https://dragonage.fandom.com/wiki/Robes,0,mage_robes
gen_im_cth_mag_chs,Chasind Robes,dao,,,https://dragonage.fandom.com/wiki/Chasind_Robes,0,mage_robes
gen_im_cth_mag_cht,Chanter Robes,dao,,,https://dragonage.fandom.com/wiki/Chanter_Robes,0,mage_robes
gen_im_cth_mag_fen,First Enchanter Robes,dao,,,https://dragonage.fandom.com/wiki/First_Enchanter_Robes,0,mage_robes
gen_im_cth_mag_gft,Robes of the Gifted,dao,,,https://dragonage.fandom.com/wiki/Robes_of_the_Gifted,0,mage_robes
gen_im_cth_mag_lrd,Robes of the Magister Lords,dao,,,https://dragonage.fandom.com/wiki/Robes_of_the_Magister_Lords,0,mage_robes
gen_im_cth_mag_mag,Mage Robes,dao,,,https://dragonage.fandom.com/wiki/Mage_Robes,0,mage_robes
gen_im_cth_mag_mor,Morrigan's Robes,dao,,,https://dragonage.fandom.com/wiki/Morrigan%27s_Robes,0,mage_robes
gen_im_cth_mag_mor2,Robes of Possession,dao,,,https://dragonage.fandom.com/wiki/Robes_of_Possession,0,mage_robes
gen_im_cth_mag_rpr,Reaper's Vestments,dao,,,https://dragonage.fandom.com/wiki/Reaper%27s_Vestments,0,mage_robes
gen_im_cth_mag_smg,Senior Enchanter's Robes,dao,,,https://dragonage.fandom.com/wiki/Senior_Enchanter%27s_Robes,0,mage_robes
gen_im_cth_mag_tra,Tranquil Robes,dao,,,,0,mage_robes
gen_im_cth_mag_tv1,Tevinter Robe,dao,,,https://dragonage.fandom.com/wiki/Tevinter_Robe,0,mage_robes
gen_im_cth_mag_tv2,Lesser Tevinter Robe,dao,,,https://dragonage.fandom.com/wiki/Lesser_Tevinter_Robe,0,mage_robes
gen_im_cth_mag_tve,Tevinter Enchanter's Robes,dao,,,https://dragonage.fandom.com/wiki/Tevinter_Enchanter%27s_Robes,0,mage_robes
gen_im_cth_mag_tvm,Tevinter Mage Robes,dao,,,https://dragonage.fandom.com/wiki/Tevinter_Mage_Robes,0,mage_robes
gen_im_cth_mag_wit,Robe of the Witch,dao,,,https://dragonage.fandom.com/wiki/Robe_of_the_Witch,0,mage_robes
gwb_im_cth_mag_wdn1,Robes of Avernus,dao,,,https://dragonage.fandom.com/wiki/Robes_of_Avernus,0,mage_robes
gwb_im_cth_mag_wdn2,Warden Apprentice Robes,dao,,,,0,mage_robes
lel000im_sketch_robes,Chanter Robes,dao,,,https://dragonage.fandom.com/wiki/Chanter_Robes,0,mage_robes
prc_im_reward3,Vestments of the Seer,dao,,,https://dragonage.fandom.com/wiki/Vestments_of_the_Seer_(Origins),0,mage_robes
stb200im_baroness_robe,Baroness Robe,dao,,,,0,mage_robes
str200cr_mage_1,Mage Roberts,dao,,,,0,mage_robes
str210cr_spectre,Robed Sentinel,dao,,,,0,mage_robes
str_im_finn_robe,Finn's Immaculately Clean Robe,dao,,,https://dragonage.fandom.com/wiki/Finn%27s_Immaculately_Clean_Robe,0,mage_robes
zz_gwb_im_cth_mag_war,Warden's Robes,dao,,,,0,mage_robes
gen_im_manual_assassin,Manual: Assassin,dao,,,https://dragonage.fandom.com/wiki/Manual:_Assassin,0,manuals
gen_im_manual_bard,Manual: Bards,dao,,,https://dragonage.fandom.com/wiki/Manual:_Bard,0,manuals
gen_im_manual_berserker,Manual: Berserker,dao,,,https://dragonage.fandom.com/wiki/Manual:_Berserker,0,manuals
gen_im_manual_ranger,Manual: Ranger,dao,,,https://dragonage.fandom.com/wiki/Manual:_Ranger,0,manuals
gen_im_manual_shapeshifter,Manual: Shapeshifter,dao,,,https://dragonage.fandom.com/wiki/Manual:_Shapeshifter,0,manuals
gen_im_manual_spirithealer,Manual: Spirit Healer,dao,,,https://dragonage.fandom.com/wiki/Manual:_Spirit_Healer,0,manuals
gen_im_manual_templar,Manual: Templar,dao,,,https://dragonage.fandom.com/wiki/Manual:_Templar,0,manuals
drake,Drake,dao,,,,0,miscellaneous
gen_im_misc_backpack,Backpack,dao,,,https://dragonage.fandom.com/wiki/Backpack_(Origins),0,miscellaneous
gen_im_misc_backpack_pre,Backpack,dao,,,https://dragonage.fandom.com/wiki/Backpack_(Ostagar),0,miscellaneous
gen_im_misc_badlck,Bad Luck Charm,dao,,,https://dragonage.fandom.com/wiki/Bad_Luck_Charm,0,miscellaneous
gen_im_misc_demonbook,Tome of Ethereal Suggestion,dao,,,https://dragonage.fandom.com/wiki/Tome_of_Ethereal_Suggestion,0,miscellaneous
gen_im_misc_dragonscale,Dragon Scale,dao,,,https://dragonage.fandom.com/wiki/Dragon_Scale,0,miscellaneous
gen_im_misc_drakescale,Drake Scale,dao,,,https://dragonage.fandom.com/wiki/Drake_Scale,0,miscellaneous
gen_im_pelt_werewolf,Werewolf Pelt,dao,,,https://dragonage.fandom.com/wiki/Werewolf_Pelt,0,miscellaneous
gen_im_pelt_wolf,Wolf Pelt,dao,,,https://dragonage.fandom.com/wiki/Wolf_Pelt,0,miscellaneous
gen_im_staff_projectile,Staff Projectile,dao,,,,0,miscellaneous
gen_im_trash_blank,Blank Vellum,dao,,,https://dragonage.fandom.com/wiki/Blank_Vellum,0,miscellaneous
gen_im_trash_private,Private Documents,dao,,,https://dragonage.fandom.com/wiki/Private_Documents,0,miscellaneous
gen_im_trash_rare,Manuscript Copy,dao,,,https://dragonage.fandom.com/wiki/Manuscript_Copy,0,miscellaneous
gen_im_trash_trade,Trade Manifest,dao,,,https://dragonage.fandom.com/wiki/Trade_Manifest,0,miscellaneous
gen_im_treas_engsilvbwl,Engraved Silver Bowl,dao,,,https://dragonage.fandom.com/wiki/Engraved_Silver_Bowl,0,miscellaneous
gen_im_treas_fancyvase,Fancy Vase,dao,,,https://dragonage.fandom.com/wiki/Fancy_Vase,0,miscellaneous
gen_im_treas_silkcarp,Silk Carpet,dao,,,https://dragonage.fandom.com/wiki/Silk_Carpet,0,miscellaneous
gen_im_treas_silvchal,Silver Chalice,dao,,,https://dragonage.fandom.com/wiki/Silver_Chalice,0,miscellaneous
arl100it_signet_ring,Signet Ring,dao,,,https://dragonage.fandom.com/wiki/Signet_Ring,0,plot_items
arl110it_holy_symbol,Holy Symbol,dao,,,https://dragonage.fandom.com/wiki/Holy_Symbol,0,plot_items
arl120it_stash,Bundle of Equipment,dao,,,https://dragonage.fandom.com/wiki/Bundle_of_Equipment,0,plot_items
arl120it_stash_key,Owen's Key,dao,,,https://dragonage.fandom.com/wiki/Owen%27s_Key,0,plot_items
arl130it_lockbox_key,Dwyn's Lockbox Key,dao,,,https://dragonage.fandom.com/wiki/Dwyn%27s_Lockbox_Key,0,plot_items
arl140it_chest_key,Bevin's Key,dao,,,https://dragonage.fandom.com/wiki/Bevin%27s_Key,0,plot_items
arl150it_spy_letter,Letter,dao,,,https://dragonage.fandom.com/wiki/Letter_(Berwick),0,plot_items
arl220it_vault_key,Redcliffe Vault Key,dao,,,https://dragonage.fandom.com/wiki/Redcliffe_Vault_Key,0,plot_items
bdc110im_drug,Drug,dao,,,https://dragonage.fandom.com/wiki/Drug,0,plot_items
bdc110im_proving_pass,Proving Pass,dao,,,https://dragonage.fandom.com/wiki/Proving_Pass,0,plot_items
bdc120im_cell_key,Cell Key,dao,,,https://dragonage.fandom.com/wiki/Cell_Key_(Origins),0,plot_items
bdc120im_lock_pick,Splintered Key,dao,,,https://dragonage.fandom.com/wiki/Splintered_Key,0,plot_items
bdc130im_lyrium_ore,Lyrium Nugget,dao,,,https://dragonage.fandom.com/wiki/Lyrium_Nugget,0,plot_items
bdc140im_dagger,Dagger,dao,,,https://dragonage.fandom.com/wiki/Dagger,0,plot_items
bdc140im_dwarfmace,Dwarven Mace,dao,,,https://dragonage.fandom.com/wiki/Dwarven_Mace,0,plot_items
bdc140im_everd_armor,Everd's Armor,dao,,,https://dragonage.fandom.com/wiki/Everd%27s_Armor,0,plot_items
bdc140im_everd_axe,Everd's Axe,dao,,,https://dragonage.fandom.com/wiki/Everd%27s_Axe,0,plot_items
bdc140im_everd_boots,Everd's Boots,dao,,,https://dragonage.fandom.com/wiki/Everd%27s_Boots,0,plot_items
bdc140im_everd_gloves,Everd's Gloves,dao,,,https://dragonage.fandom.com/wiki/Everd%27s_Gloves,0,plot_items
bdc140im_everd_helm,Everd's Helm,dao,,,https://dragonage.fandom.com/wiki/Everd%27s_Helm,0,plot_items
bdc140im_everd_mace,Everd's Mace,dao,,,https://dragonage.fandom.com/wiki/Everd%27s_Mace,0,plot_items
bdc140im_everd_shield,Everd's Shield,dao,,,https://dragonage.fandom.com/wiki/Everd%27s_Shield,0,plot_items
bdc140im_everd_sword,Everd's Sword,dao,,,https://dragonage.fandom.com/wiki/Everd%27s_Sword,0,plot_items
bdc140im_fight_schedule,Fight Schedule,dao,,,https://dragonage.fandom.com/wiki/Fight_Schedule,0,plot_items
bdc140im_longsword,Dwarven Longsword,dao,,,https://dragonage.fandom.com/wiki/Dwarven_Longsword_(Origins),0,plot_items
bdc210im_wine_mother,Wine,dao,,,https://dragonage.fandom.com/wiki/Mosswine,0,plot_items
bdn100im_scholar_book,"A History of Aeducan: Paragon, King, Peacemaker",dao,,,"https://dragonage.fandom.com/wiki/Codex_entry:_House_Aeducan,_Shield_of_Orzammar",0,plot_items
bdn120im_credit_note,Note of Credit,dao,,,https://dragonage.fandom.com/wiki/Note_of_Credit,0,plot_items
bdn200im_ballista_bolt,Ballista Bolt,dao,,,https://dragonage.fandom.com/wiki/Ballista_Bolt,0,plot_items
bdn200im_shield,Aeducan Shield,dao,,,https://dragonage.fandom.com/wiki/Aeducan_Shield_(plot_item),0,plot_items
bdn200im_trian_ring,Aeducan Signet Ring,dao,,,https://dragonage.fandom.com/wiki/Aeducan_Signet_Ring,0,plot_items
bdn300im_prison_clothes,Tattered Prison Clothes,dao,,,https://dragonage.fandom.com/wiki/Tattered_Prison_Clothes,0,plot_items
bec100im_duncan_crossbow,Crossbow,dao,,,https://dragonage.fandom.com/wiki/Crossbow,0,plot_items
bec100im_duncan_longsword,Borrowed Longsword,dao,,,https://dragonage.fandom.com/wiki/Borrowed_Longsword,0,plot_items
bec100im_soris_wedding,Soris's Wedding Attire,dao,,,https://dragonage.fandom.com/wiki/Soris%27_Wedding_Attire,0,plot_items
bec110im_wedding_f,Wedding Clothes,dao,,,https://dragonage.fandom.com/wiki/Wedding_Clothes,0,plot_items
bec110im_wedding_m,Wedding Clothes,dao,,,https://dragonage.fandom.com/wiki/Wedding_Clothes,0,plot_items
bec210im_brandy,Brandy,dao,,,https://dragonage.fandom.com/wiki/Brandy,0,plot_items
bec210im_cleanser,Cleanser,dao,,,https://dragonage.fandom.com/wiki/Cleanser,0,plot_items
bec210im_drinks,Brandy,dao,,,https://dragonage.fandom.com/wiki/Brandy_(Cheap),0,plot_items
bec210im_rat_poison,Rat Poison,dao,,,https://dragonage.fandom.com/wiki/Rat_Poison,0,plot_items
bed100im_elven_artifacts,Elven Artifact,dao,,,https://dragonage.fandom.com/wiki/Elven_Artifact,0,plot_items
bed200im_key_heirloom,Key,dao,,,https://dragonage.fandom.com/wiki/Key,0,plot_items
bhm000im_signed_form,Signed Rod of Fire Request Form,dao,,,https://dragonage.fandom.com/wiki/Signed_Rod_of_Fire_Request_Form,0,plot_items
bhm000im_unsigned_form,Rod of Fire Request Form,dao,,,https://dragonage.fandom.com/wiki/Rod_of_Fire_Request_Form,0,plot_items
bhm200im_rodoffire,Rod of Fire,dao,,,https://dragonage.fandom.com/wiki/Rod_of_Fire,0,plot_items
bhm200ip_laboratory_key,Laboratory Storage Key,dao,,,https://dragonage.fandom.com/wiki/Laboratory_Storage_Key,0,plot_items
bhm600im_fade_healing_salve,Shimmering Orb of Light,dao,,,https://dragonage.fandom.com/wiki/Shimmering_Orb_of_Light,0,plot_items
bhm600im_valor_sword,Valor's Staff,dao,,,https://dragonage.fandom.com/wiki/Valor%27s_Staff,0,plot_items
bhn200im_treasury_key,Key,dao,,,https://dragonage.fandom.com/wiki/Key_(treasury),0,plot_items
cir000im_litany,Litany of Adralla,dao,,,https://dragonage.fandom.com/wiki/Litany_of_Adralla,0,plot_items
cir200im_abom_note1,Scrap of Paper,dao,,,https://dragonage.fandom.com/wiki/Codex_entry:_Promises_of_Pride,0,plot_items
cir200im_abom_note2,Scrap of Paper,dao,,,https://dragonage.fandom.com/wiki/Codex_entry:_Promises_of_Pride,0,plot_items
cir200im_abom_note3,Scrap of Paper,dao,,,https://dragonage.fandom.com/wiki/Codex_entry:_Promises_of_Pride,0,plot_items
cir200im_abom_note4,Scrap of Paper,dao,,,https://dragonage.fandom.com/wiki/Codex_entry:_Promises_of_Pride,0,plot_items
cir200im_abom_note5,Scrap of Paper,dao,,,https://dragonage.fandom.com/wiki/Codex_entry:_Promises_of_Pride,0,plot_items
cir200im_abom_note6,Scrap of Paper,dao,,,https://dragonage.fandom.com/wiki/Codex_entry:_Promises_of_Pride,0,plot_items
cir200im_censurenote,Notice of Censure,dao,,,https://dragonage.fandom.com/wiki/Codex_entry:_Desire_and_Need,0,plot_items
cir200im_fore_book,Arl Foreshadow's Journal,dao,,,https://dragonage.fandom.com/wiki/Codex_Entry:_The_Notes_of_Arl_Foreshadow,0,plot_items
cir210im_lt_paintedbox,Small Painted Box,dao,,,https://dragonage.fandom.com/wiki/Small_Painted_Box,0,plot_items
cir210im_rev_note,Scrap of Paper,dao,,,https://dragonage.fandom.com/wiki/Codex_entry:_The_Black_Vials,0,plot_items
deer,Deer,dao,,,,0,plot_items
den100im_paedan_order,Paedan's Orders,dao,,,https://dragonage.fandom.com/wiki/Paedan%27s_Orders,0,plot_items
den200im_assassin_letter,Anonymous Letter,dao,,,https://dragonage.fandom.com/wiki/Anonymous_Letter,0,plot_items
den200im_contract_gainley,Contract for Ambassador Gainley,dao,,,https://dragonage.fandom.com/wiki/Contract_for_Ambassador_Gainley,0,plot_items
den200im_contract_kadanfe,Contract for Kadan-Fe Mercenaries,dao,,,https://dragonage.fandom.com/wiki/Contract_for_Kadan-Fe_Mercenaries,0,plot_items
den200im_contract_paedan,Contract for Paedan,dao,,,https://dragonage.fandom.com/wiki/Contract_for_Paedan,0,plot_items
den200im_contract_ransom,Contract for Captain Chase,dao,,,https://dragonage.fandom.com/wiki/Contract_for_Captain_Chase,0,plot_items
den200im_ignacio_dagger,Ignacio's Dagger,dao,,,,0,plot_items
den200im_pick1_gem_purse,Pouch of Gems,dao,,,https://dragonage.fandom.com/wiki/Pouch_of_Gems,0,plot_items
den200im_pick2_sword_orn,Ser Nancine's Ornamental Sword,dao,,,https://dragonage.fandom.com/wiki/Ser_Nancine%27s_Ornamental_Sword,0,plot_items
den200im_pick3_silver_key,Silversmith's Key,dao,,,https://dragonage.fandom.com/wiki/Silversmith%27s_Key,0,plot_items
den200im_pick4_loghain_crwn,Teyrn Loghain's Crown,dao,,,https://dragonage.fandom.com/wiki/Teyrn_Loghain%27s_Crown,0,plot_items
den260im_silver_bar,Silver Bar,dao,,,https://dragonage.fandom.com/wiki/Silver_Bar,0,plot_items
den300im_apartment_key,Key,dao,,,https://dragonage.fandom.com/wiki/Key_(apartment),0,plot_items
den300im_beggar_amulet,Worn Amulet,dao,,,https://dragonage.fandom.com/wiki/Worn_Amulet,0,plot_items
den300im_hospice_key,Hospice Key,dao,,,https://dragonage.fandom.com/wiki/Hospice_Key,0,plot_items
den300im_otto_journal,Ser Friden's Journal,dao,,,https://dragonage.fandom.com/wiki/Ser_Friden%27s_Journal,0,plot_items
den340im_note,Note,dao,,,https://dragonage.fandom.com/wiki/Note,0,plot_items
den350im_fazzil_sextant,Free Sailor Sextant,dao,,,https://dragonage.fandom.com/wiki/Free_Sailor_Sextant,0,plot_items
den360im_slaver_documents,Slaver Documents,dao,,,https://dragonage.fandom.com/wiki/Slaver_Documents,0,plot_items
den400im_disguise,Guard Uniform,dao,,,,0,plot_items
den400im_disguise_boots,Guard Boots,dao,,,,0,plot_items
den400im_disguise_gloves,Guard Gloves,dao,,,,0,plot_items
den400im_disguise_helm,Guard Helmet,dao,,,,0,plot_items
den400im_key_cage,Key to Cell Doors,dao,,,https://dragonage.fandom.com/wiki/Key_to_Cell_Doors,0,plot_items
den400im_key_hall_front,Key to Front Hall Door,dao,,,https://dragonage.fandom.com/wiki/Key_to_Front_Hall_Door,0,plot_items
den400im_key_hall_rear,Key to Rear Hall Door,dao,,,,0,plot_items
den400im_key_reception,Key to Reception Door,dao,,,,0,plot_items
den400im_password_list,List of Passwords,dao,,,https://dragonage.fandom.com/wiki/List_of_Passwords,0,plot_items
den400im_regulation_sword,Regulation Sword,dao,,,https://dragonage.fandom.com/wiki/Regulation_Sword,0,plot_items
den511im_howe_key,Arl Howe's Key,dao,,,https://dragonage.fandom.com/wiki/Arl_Howe%27s_Key,0,plot_items
den511im_irminric_ring,Irminric's Signet Ring,dao,,,https://dragonage.fandom.com/wiki/Irminric%27s_Signet_Ring,0,plot_items
den511im_low_prison_key,Key to Lower Prison,dao,,,https://dragonage.fandom.com/wiki/Key_to_Lower_Prison,0,plot_items
den511im_riordan_papers,Grey Warden Documents,dao,,,https://dragonage.fandom.com/wiki/Grey_Warden_Documents,0,plot_items
den511im_vaughan_key,Vaughan's Key,dao,,,https://dragonage.fandom.com/wiki/Vaughan%27s_Key,0,plot_items
den600im_loghain_ring_1,ring (worn by Loghain during Landsmeet duel),dao,,,,0,plot_items
den600im_loghain_ring_2,ring (worn by Loghain during Landsmeet duel),dao,,,,0,plot_items
den922im_rev_note,Scrap of Paper,dao,,,https://dragonage.fandom.com/wiki/Codex_entry:_The_Black_Vials,0,plot_items
den961im_boss_bedroom_key,Bedroom Key,dao,,,https://dragonage.fandom.com/wiki/Bedroom_Key,0,plot_items
den961im_entry_door_key,Entry Door Key,dao,,,,0,plot_items
den970im_fran_captain_key,Captain Key,dao,,,https://dragonage.fandom.com/wiki/Captain_Key,0,plot_items
den970im_tears_andraste,Tears of Andraste,dao,,,https://dragonage.fandom.com/wiki/Tears_of_Andraste,0,plot_items
gen_it_corpse_gall,Corpse Gall,dao,,,https://dragonage.fandom.com/wiki/Corpse_Gall,0,plot_items
goat,Goat,dao,,,,0,plot_items
int100im_triage_supplies,Medical Supplies,dao,,,https://dragonage.fandom.com/wiki/Medical_Supplies,0,plot_items
lit_im_carta_jam_key,Jammer's Stash Key,dao,,,https://dragonage.fandom.com/wiki/Jammer%27s_Stash_Key,0,plot_items
lit_im_carta_open_irn,Iron Letter Opener,dao,,,https://dragonage.fandom.com/wiki/Iron_Letter_Opener,0,plot_items
lit_im_carta_open_red,Red Steel Letter Opener,dao,,,https://dragonage.fandom.com/wiki/Red_Steel_Letter_Opener,0,plot_items
lit_im_carta_open_ste,Steel Letter Opener,dao,,,https://dragonage.fandom.com/wiki/Steel_Letter_Opener,0,plot_items
lit_im_carta_ring_emd,Emerald Costume Ring,dao,,,https://dragonage.fandom.com/wiki/Emerald_Costume_Ring,0,plot_items
lit_im_carta_ring_gld,Gold Costume Ring,dao,,,https://dragonage.fandom.com/wiki/Gold_Costume_Ring,0,plot_items
lit_im_carta_ring_sil,Silver Costume Ring,dao,,,https://dragonage.fandom.com/wiki/Silver_Costume_Ring,0,plot_items
lit_im_carta_trkt_flo,Fluorspar Trinket,dao,,,https://dragonage.fandom.com/wiki/Fluorspar_Trinket,0,plot_items
lit_im_carta_trkt_gar,Garnet Trinket,dao,,,https://dragonage.fandom.com/wiki/Garnet_Trinket,0,plot_items
lit_im_carta_trkt_mal,Malachite Trinket,dao,,,https://dragonage.fandom.com/wiki/Malachite_Trinket,0,plot_items
lite_fite_condolences,Letter of Condolence,dao,,,https://dragonage.fandom.com/wiki/Letter_of_Condolence,0,plot_items
lite_fite_conscription,Letter of Conscription,dao,,,https://dragonage.fandom.com/wiki/Letter_of_Conscription,0,plot_items
lite_fite_grease,Letter of Appreciation,dao,,,https://dragonage.fandom.com/wiki/Letter_of_Appreciation,0,plot_items
lite_fite_orders,Sealed Orders,dao,,,,0,plot_items
lite_fite_supplies,Guild Supplies,dao,,,https://dragonage.fandom.com/wiki/Guild_Supplies,0,plot_items
lite_fite_tylora,Letter from Tylora,dao,,,,0,plot_items
lite_kor_ash_pouch,Pouch of Ashes,dao,,,https://dragonage.fandom.com/wiki/Pouch_of_Ashes,0,plot_items
lite_kor_lastwill_amulet,Beloved Amulet,dao,,,https://dragonage.fandom.com/wiki/Beloved_Amulet,0,plot_items
lite_kor_lastwill_lockbox,Sealed Lockbox,dao,,,https://dragonage.fandom.com/wiki/Sealed_Lockbox,0,plot_items
lite_kor_lastwill_will,Rigby's Last Will and Testament,dao,,,https://dragonage.fandom.com/wiki/Rigby%27s_Last_Will_and_Testament,0,plot_items
lite_kor_localmyths,Excerpt from Local Myths and Legends,dao,,,https://dragonage.fandom.com/wiki/Excerpt_from_Local_Myths_and_Legends,0,plot_items
lite_mage_banastor,Scroll of Banastor,dao,,,https://dragonage.fandom.com/wiki/Scroll_of_Banastor,0,plot_items
lite_mage_feldsparring,Feldspar Ring,dao,,,https://dragonage.fandom.com/wiki/Feldspar_Ring,0,plot_items
lite_mage_goatsblood,Vial of Goat's Blood,dao,,,,0,plot_items
lite_mage_powerglyph,Glyph of Krebulash,dao,,,https://dragonage.fandom.com/wiki/Glyph_of_Krebulash,0,plot_items
lite_mage_renoldbook,Renold's Journal,dao,,,https://dragonage.fandom.com/wiki/Codex_entry:_Renold%27s_Plea,0,plot_items
lite_mage_termination,Notice of Termination,dao,,,https://dragonage.fandom.com/wiki/Notice_of_Termination,0,plot_items
lite_mage_testimony,Bundled Testimony,dao,,,https://dragonage.fandom.com/wiki/Bundled_Testimony,0,plot_items
lite_rogue_bodybag,Body Bag,dao,,,https://dragonage.fandom.com/wiki/Body_Bag,0,plot_items
lite_rogue_decisions_docs,Incriminating Documents,dao,,,,0,plot_items
lite_rogue_directions,Hideout Directions,dao,,,,0,plot_items
lite_rogue_letter,Love Letter,dao,,,https://dragonage.fandom.com/wiki/Love_Letter,0,plot_items
lite_rogue_letter_1,Love Letter,dao,,,https://dragonage.fandom.com/wiki/Love_Letter,0,plot_items
lite_rogue_letter_10,Love Letter,dao,,,https://dragonage.fandom.com/wiki/Love_Letter,0,plot_items
lite_rogue_letter_11,Love Letter,dao,,,https://dragonage.fandom.com/wiki/Love_Letter,0,plot_items
lite_rogue_letter_12,Love Letter,dao,,,https://dragonage.fandom.com/wiki/Love_Letter,0,plot_items
lite_rogue_letter_2,Love Letter,dao,,,https://dragonage.fandom.com/wiki/Love_Letter,0,plot_items
lite_rogue_letter_3,Love Letter,dao,,,https://dragonage.fandom.com/wiki/Love_Letter,0,plot_items
lite_rogue_letter_4,Love Letter,dao,,,https://dragonage.fandom.com/wiki/Love_Letter,0,plot_items
lite_rogue_letter_5,Love Letter,dao,,,https://dragonage.fandom.com/wiki/Love_Letter,0,plot_items
lite_rogue_letter_6,Love Letter,dao,,,https://dragonage.fandom.com/wiki/Love_Letter,0,plot_items
lite_rogue_letter_7,Love Letter,dao,,,https://dragonage.fandom.com/wiki/Love_Letter,0,plot_items
lite_rogue_letter_8,Love Letter,dao,,,https://dragonage.fandom.com/wiki/Love_Letter,0,plot_items
lite_rogue_letter_9,Love Letter,dao,,,https://dragonage.fandom.com/wiki/Love_Letter,0,plot_items
lite_rogue_terms_note,Folded Missive,dao,,,https://dragonage.fandom.com/wiki/Codex_entry:_By_Order_of_Emer_Thorogood,0,plot_items
liteim_unbound_journal,Adventurer's Journal,dao,,,https://dragonage.fandom.com/wiki/Adventurer%27s_Journal,0,plot_items
liteim_unbound_letter,Sealed Letter,dao,,,,0,plot_items
litim_kor_miss_letter,A Letter,dao,,,https://dragonage.fandom.com/wiki/Codex_entry:_Letter_to_Jogby,0,plot_items
litim_kor_miss_letter2,A Letter,dao,,,https://dragonage.fandom.com/wiki/Codex_entry:_Farewell_Letter_to_Jogby,0,plot_items
litim_kor_signs_note,Rigby's Field Journal,dao,,,https://dragonage.fandom.com/wiki/Rigby%27s_Field_Journal,0,plot_items
lot100im_knights_locket,Knight's Locket,dao,,,https://dragonage.fandom.com/wiki/Knight%27s_Locket,0,plot_items
lot100im_knights_note,Knight's Note,dao,,,https://dragonage.fandom.com/wiki/Knight%27s_Note,0,plot_items
lot100im_magenote,Sealed letter,dao,,,https://dragonage.fandom.com/wiki/Codex_entry:_Maleficarum_Regrets,0,plot_items
lot100im_miriams_note,Miriam's Note,dao,,,,0,plot_items
lot100im_sarhas_keepsake,Sarha's Keepsake,dao,,,https://dragonage.fandom.com/wiki/Sarha%27s_Keepsake,0,plot_items
lot100im_stens_cage_key,Sten's Cage Key,dao,,,https://dragonage.fandom.com/wiki/Sten%27s_Cage_Key,0,plot_items
lot105im_knights_favor_note,Knight's Journal,dao,,,,0,plot_items
lot110im_cabinet_key,Chantry Cabinet Key,dao,,,https://dragonage.fandom.com/wiki/Chantry_Cabinet_Key,0,plot_items
lot185im_justine_scroll,Ancient Encrypted Scrolls,dao,,,https://dragonage.fandom.com/wiki/Ancient_Encrypted_Scrolls,0,plot_items
ltl000im_damaged_1,Broken Sword,dao,,,https://dragonage.fandom.com/wiki/Broken_Sword,0,plot_items
ltl000im_damaged_2,Damaged Axe,dao,,,https://dragonage.fandom.com/wiki/Damaged_Axe,0,plot_items
ltl000im_damaged_3,Shattered Maul,dao,,,https://dragonage.fandom.com/wiki/Shattered_Maul,0,plot_items
ltl000im_damaged_4,Cracked Breastplate,dao,,,https://dragonage.fandom.com/wiki/Cracked_Breastplate,0,plot_items
ltl000im_damaged_5,Ancient Boots,dao,,,https://dragonage.fandom.com/wiki/Ancient_Boots,0,plot_items
ltl100im_excavator_start,Discarded Letter,dao,,,https://dragonage.fandom.com/wiki/Discarded_Letter,0,plot_items
ltl100im_hunter_trinket,Micah's Lucky Deer Foot,dao,,,https://dragonage.fandom.com/wiki/Micah%27s_Lucky_Deer_Foot,0,plot_items
ltl400im_casteless_marker,Stone Marker,dao,,,https://dragonage.fandom.com/wiki/Stone_Marker,0,plot_items
ltm200im_socket_crystal,Crystal,dao,,,https://dragonage.fandom.com/wiki/Crystal,0,plot_items
ntb100im_cammen_book,The Tale of Iloren,dao,,,https://dragonage.fandom.com/wiki/The_Tale_of_Iloren,0,plot_items
ntb100im_halla_antlers,Halla Antlers,dao,,,https://dragonage.fandom.com/wiki/Halla_Antlers,0,plot_items
ntb100im_ironbark_bracer,Ironbark Bracer,dao,,,,0,plot_items
ntb100im_lanaya_songbook,Song Book,dao,,,https://dragonage.fandom.com/wiki/Song_Book,0,plot_items
ntb200im_deygan_figurine,Figurine,dao,,,https://dragonage.fandom.com/wiki/Figurine,0,plot_items
ntb200im_ironbark,Ironbark,dao,,,https://dragonage.fandom.com/wiki/Ironbark,0,plot_items
ntb210im_grand_oak_heart,Grand Oak Acorn,dao,,,https://dragonage.fandom.com/wiki/Grand_Oak_Acorn,0,plot_items
ntb210im_hermit_book,Book,dao,,,https://dragonage.fandom.com/wiki/Book,0,plot_items
ntb210im_hermit_pelt,Magical Werewolf Pelt,dao,,,https://dragonage.fandom.com/wiki/Magical_Werewolf_Pelt,0,plot_items
ntb220im_danyla_scarf,Scarf,dao,,,https://dragonage.fandom.com/wiki/Scarf,0,plot_items
ntb330im_earthen_jug_empty,Empty Earthen Jug,dao,,,https://dragonage.fandom.com/wiki/Empty_Earthen_Jug,0,plot_items
ntb330im_earthen_jug_full,Full Earthen Jug,dao,,,https://dragonage.fandom.com/wiki/Full_Earthen_Jug,0,plot_items
ntb330im_puzzle_tablet,Tablet,dao,,,https://dragonage.fandom.com/wiki/Tablet,0,plot_items
ntb330im_rev_note,Scrap of Paper,dao,,,https://dragonage.fandom.com/wiki/Codex_entry:_The_Black_Vials,0,plot_items
ntb340im_rev_note,Scrap of Paper,dao,,,https://dragonage.fandom.com/wiki/Codex_entry:_The_Black_Vials,0,plot_items
ntb340im_witherfang_heart,Heart of the Forest,dao,,,https://dragonage.fandom.com/wiki/Heart_of_the_Forest_(item),0,plot_items
orz200im_guard_boots,Orzammar Guard Boots,dao,,,,0,plot_items
orz200im_guard_chest,Orzammar Guard Chestplate,dao,,,,0,plot_items
orz200im_guard_gloves,Orzammar Guard Gloves,dao,,,,0,plot_items
orz200im_guard_helm,Orzammar Guard Helmet,dao,,,,0,plot_items
orz200im_guard_shield,Orzammar Guard Shield,dao,,,,0,plot_items
orz200im_nug,Box o' Nugs,dao,,,https://dragonage.fandom.com/wiki/Box_o%27_Nugs,0,plot_items
orz230im_jail_key,Jail Key,dao,,,https://dragonage.fandom.com/wiki/Jail_Key,0,plot_items
orz230im_jarvia_key,Carta Key,dao,,,https://dragonage.fandom.com/wiki/Carta_Key,0,plot_items
orz230im_trian_evidence,Incriminating Evidence,dao,,,https://dragonage.fandom.com/wiki/Incriminating_Evidence,0,plot_items
orz260im_baizyl_letters,Baizyl's Love Letters,dao,,,https://dragonage.fandom.com/wiki/Baizyl%27s_Love_Letters,0,plot_items
orz260im_myajas_key,Myaja's Key,dao,,,https://dragonage.fandom.com/wiki/Myaja%27s_Key,0,plot_items
orz300im_dace_map,Aeducan Thaig Map,dao,,,https://dragonage.fandom.com/wiki/Aeducan_Thaig_Map,0,plot_items
orz300im_dace_ring,Dace Signet Ring,dao,,,https://dragonage.fandom.com/wiki/Dace_Signet_Ring,0,plot_items
orz310im_proving_receipt,Proving Receipt,dao,,,https://dragonage.fandom.com/wiki/Proving_Receipt,0,plot_items
orz310im_stolen_tome,A Volume of Shaper History,dao,,,https://dragonage.fandom.com/wiki/A_Volume_of_Shaper_History,0,plot_items
orz320im_rev_note,Scrap of Paper,dao,,,https://dragonage.fandom.com/wiki/Codex_entry:_The_Black_Vials,0,plot_items
orz340im_letter_dace,Promissory Note for Lady Dace,dao,,,https://dragonage.fandom.com/wiki/Promissory_Note_for_Lady_Dace,0,plot_items
orz340im_letter_helmi,Promissory Note for Lord Helmi,dao,,,https://dragonage.fandom.com/wiki/Promissory_Note_for_Lord_Helmi,0,plot_items
orz340im_planted_papers,Forged Documents,dao,,,https://dragonage.fandom.com/wiki/Forged_Documents,0,plot_items
orz400im_rogek_lyrium,Smuggled Lyrium,dao,,,https://dragonage.fandom.com/wiki/Smuggled_Lyrium,0,plot_items
orz410im_carta_key,Finger Bone Token,dao,,,https://dragonage.fandom.com/wiki/Finger_Bone_Token,0,plot_items
orz510im_rev_note,Scrap of Paper,dao,,,https://dragonage.fandom.com/wiki/Codex_entry:_The_Black_Vials,0,plot_items
orz510im_topsider_blade,Topsider's Blade,dao,,,https://dragonage.fandom.com/wiki/Topsider%27s_Blade,0,plot_items
orz510im_topsider_hilt,Topsider's Hilt,dao,,,https://dragonage.fandom.com/wiki/Topsider%27s_Hilt,0,plot_items
orz510im_topsider_pommel,Topsider's Pommel,dao,,,https://dragonage.fandom.com/wiki/Topsider%27s_Pommel,0,plot_items
orz530im_ortan_records,Ortan Records,dao,,,https://dragonage.fandom.com/wiki/Ortan_Records,0,plot_items
orz540im_kings_crown,Paragon-Forged Crown,dao,,,https://dragonage.fandom.com/wiki/Paragon-Forged_Crown,0,plot_items
orz540im_registry_tracing,Golem Registry Tracing,dao,,,https://dragonage.fandom.com/wiki/Golem_Registry_Tracing,0,plot_items
orz550im_legion_insignia,Dead Caste Insignia,dao,,,https://dragonage.fandom.com/wiki/Dead_Caste_Insignia,0,plot_items
orz550im_legion_key,Legionnaire Key,dao,,,https://dragonage.fandom.com/wiki/Legionnaire_Key,0,plot_items
orz_lite_bodypart1,Head in a Bag,dao,,,https://dragonage.fandom.com/wiki/Head_in_a_Bag,0,plot_items
orz_lite_bodypart2,Torso in a Bag,dao,,,https://dragonage.fandom.com/wiki/Torso_in_a_Bag,0,plot_items
orz_lite_bodypart3,Bag of Limbs,dao,,,https://dragonage.fandom.com/wiki/Bag_of_Limbs,0,plot_items
pre100im_food,Food,dao,,,https://dragonage.fandom.com/wiki/Food,0,plot_items
pre100im_gravity_arrows,Gravity Arrows,dao,,,,0,plot_items
pre100im_gravity_bows,Gravity Longbow,dao,,,,0,plot_items
pre100im_key_wizards_chest,Key to Mages' Chest,dao,,,https://dragonage.fandom.com/wiki/Key_to_Mages%27_Chest,0,plot_items
pre100im_kings_armor,Chevalier's Armor,dao,,,,0,plot_items
pre100im_kings_boots,Chevalier's Boots,dao,,,,0,plot_items
pre100im_kings_gloves,Chevalier's Gloves,dao,,,,0,plot_items
pre100im_muzzle,Dog Muzzle,dao,,,https://dragonage.fandom.com/wiki/Dog_Muzzle,0,plot_items
pre100im_water,Water,dao,,,https://dragonage.fandom.com/wiki/Water,0,plot_items
pre200im_darkspawn_blood,Vial of Darkspawn Blood,dao,,,https://dragonage.fandom.com/wiki/Vial_of_Darkspawn_Blood,0,plot_items
pre200im_documents,Ancient Scrolls,dao,,,,0,plot_items
pre200im_flower,Wilds Flower,dao,,,https://dragonage.fandom.com/wiki/Wilds_Flower,0,plot_items
pre200im_key_flemeth,Flemeth's Key,dao,,,https://dragonage.fandom.com/wiki/Flemeth%27s_Key,0,plot_items
pre200im_treaties,Ancient Treaties,dao,,,https://dragonage.fandom.com/wiki/Ancient_Treaties,0,plot_items
ran401_im_lt_jenletter,Letter,dao,,,https://dragonage.fandom.com/wiki/Letter,0,plot_items
ran900im_note,Tattered Note,dao,,,https://dragonage.fandom.com/wiki/Tattered_Note,0,plot_items
ran920im_metal,Meteor Metal Ore,dao,metal,shield,https://dragonage.fandom.com/wiki/Meteor_Metal_Ore,0,plot_items
rnd600ar_soldiers_diary,Soldier's Diary,dao,,,https://dragonage.fandom.com/wiki/Soldier%27s_Diary,0,plot_items
rxa110im_note,Diary Page,dao,,,https://dragonage.fandom.com/wiki/Diary_Page,0,plot_items
rxa130im_note,Assassin's Mark,dao,,,https://dragonage.fandom.com/wiki/Assassin%27s_Mark,0,plot_items
rxa150im_note,Wanted List,dao,,,https://dragonage.fandom.com/wiki/Wanted_List,0,plot_items
rxa230im_salvaged_goods,Salvaged Trade Goods,dao,,,https://dragonage.fandom.com/wiki/Salvaged_Trade_Goods,0,plot_items
stb100im_betrayal_start,Ancient Note,dao,,,https://dragonage.fandom.com/wiki/Ancient_Note,0,plot_items
stb100im_dragon_bone_01,Dragon Bone,dao,,,https://dragonage.fandom.com/wiki/Dragon_Bone,0,plot_items
stb100im_dragon_bone_02,Dragon Bone,dao,,,https://dragonage.fandom.com/wiki/Dragon_Bone,0,plot_items
stb100im_dragon_bone_03,Dragon Bone,dao,,,https://dragonage.fandom.com/wiki/Dragon_Bone,0,plot_items
stb100im_dragon_bone_04,Dragon Bone,dao,,,https://dragonage.fandom.com/wiki/Dragon_Bone,0,plot_items
stb100im_dragon_bone_05,Dragon Bone,dao,,,https://dragonage.fandom.com/wiki/Dragon_Bone,0,plot_items
stb100im_key_to_docks,Dock Storage Key,dao,,,https://dragonage.fandom.com/wiki/Dock_Storage_Key,0,plot_items
stb100im_suitors_end,Letter of Proposal,dao,,,https://dragonage.fandom.com/wiki/Letter_of_Proposal,0,plot_items
stb100im_suitors_start,Tattered Letter,dao,,,https://dragonage.fandom.com/wiki/Tattered_Letter,0,plot_items
stb100im_sutiors_poison,Empty Poison Bottle,dao,,,https://dragonage.fandom.com/wiki/Empty_Poison_Bottle,0,plot_items
trp100im_ines_herb,Northern Prickleweed Seeds,dao,,,https://dragonage.fandom.com/wiki/Northern_Prickleweed_Seeds,0,plot_items
trp100im_merchant_goods,Fine Silks,dao,,,https://dragonage.fandom.com/wiki/Fine_Silks,0,plot_items
trp100im_puzzle_stone,Strange Stone,dao,,,https://dragonage.fandom.com/wiki/Strange_Stone,0,plot_items
trp100im_scholar_note,Battered Journal,dao,,,https://dragonage.fandom.com/wiki/Battered_Journal,0,plot_items
trp100im_sylvanwood_sample,Ancient Sylvanwood,dao,,,https://dragonage.fandom.com/wiki/Ancient_Sylvanwood,0,plot_items
trp200im_architects_key,Architect's Key,dao,,,https://dragonage.fandom.com/wiki/Architect%27s_Key,0,plot_items
trp200im_jail_key,Holding Cell Key,dao,,,https://dragonage.fandom.com/wiki/Holding_Cell_Key,0,plot_items
trp200im_wedding_ring,Keenan's Wedding Ring,dao,,,https://dragonage.fandom.com/wiki/Keenan%27s_Wedding_Ring,0,plot_items
urn000im_cultist_robes,Cultists Robe,dao,,,,0,plot_items
urn110ip_medallion,Cultist Medallion,dao,,,https://dragonage.fandom.com/wiki/Cultist_Medallion,0,plot_items
urn200im_dragons_blood,Vial of Dragons Blood,dao,,,https://dragonage.fandom.com/wiki/Vial_of_Dragons_Blood,0,plot_items
urn200im_pearl,Black Pearl,dao,,,https://dragonage.fandom.com/wiki/Black_Pearl,0,plot_items
urn200im_southeast_key,South-East Chamber Key,dao,,,https://dragonage.fandom.com/wiki/South-East_Chamber_Key,0,plot_items
urn200im_taper,Taper,dao,,,https://dragonage.fandom.com/wiki/Taper,0,plot_items
urn200im_wraith_key,Main Hall Key,dao,,,https://dragonage.fandom.com/wiki/Main_Hall_Key,0,plot_items
urn210im_dragon_horn,Kolgrim's Horn,dao,,,https://dragonage.fandom.com/wiki/Kolgrim%27s_Horn,0,plot_items
urn230im_armor_reward,Heavy Chainmail,dao,,,https://dragonage.fandom.com/wiki/Heavy_Chainmail,0,plot_items
urn230im_sacred_ashes,Pinch of Sacred Ash,dao,,,https://dragonage.fandom.com/wiki/Pinch_of_Sacred_Ash,0,plot_items
urn230im_weapon_reward,Magic Greatsword,dao,,,https://dragonage.fandom.com/wiki/Magic_Greatsword,0,plot_items
urn270im_research,Genitivi's Research,dao,,,https://dragonage.fandom.com/wiki/Genitivi%27s_Research,0,plot_items
vgk100im_catgut,Catgut,dao,,,https://dragonage.fandom.com/wiki/Catgut,0,plot_items
vgk100im_dragon_egg_fresh,Fresh Dragon Egg,dao,,,https://dragonage.fandom.com/wiki/Fresh_Dragon_Egg,0,plot_items
vgk100im_dragonbone,Eldest Dragonbone,dao,,,https://dragonage.fandom.com/wiki/Eldest_Dragonbone,0,plot_items
vgk100im_golem_shell,Inferno Golem Shell,dao,,,https://dragonage.fandom.com/wiki/Inferno_Golem_Shell,0,plot_items
vgk100im_heartwood,Heartwood,dao,,,https://dragonage.fandom.com/wiki/Heartwood,0,plot_items
vgk100im_iron,Iron Ore,dao,,,https://dragonage.fandom.com/wiki/Iron_Ore,0,plot_items
vgk100im_iron_pure,Pure Iron,dao,,,https://dragonage.fandom.com/wiki/Pure_Iron,0,plot_items
vgk100im_lyrium_sand,Lyrium Sand,dao,,,https://dragonage.fandom.com/wiki/Lyrium_Sand,0,plot_items
vgk100im_oil,Oil,dao,,,https://dragonage.fandom.com/wiki/Oil,0,plot_items
vgk100im_silverite,Silverite Ore,dao,,,https://dragonage.fandom.com/wiki/Silverite_Ore,0,plot_items
vgk100im_veridium,Veridium Ore,dao,,,https://dragonage.fandom.com/wiki/Veridium_Ore,0,plot_items
vgk100im_wool_padding,Wool Padding,dao,,,https://dragonage.fandom.com/wiki/Wool_Padding,0,plot_items
vgk310ip_key_crypt_ent,Key to the Crypt,dao,,,https://dragonage.fandom.com/wiki/Key_to_the_Crypt,0,plot_items
vgk320ip_puzkey_haakon,Key of Haakon,dao,,,https://dragonage.fandom.com/wiki/Key_of_Haakon,0,plot_items
vgk320ip_puzkey_kiviel,Key of Kiveal,dao,,,https://dragonage.fandom.com/wiki/Key_of_Kiveal,0,plot_items
vgk320ip_puzkey_korth,Key of Korth,dao,,,https://dragonage.fandom.com/wiki/Key_of_Korth,0,plot_items
vgk320ip_puzkey_thelady,Key of the Lady,dao,,,https://dragonage.fandom.com/wiki/Key_of_the_Lady,0,plot_items
vgk330ip_korth_dicon,Corrupted Icon,dao,,,https://dragonage.fandom.com/wiki/Corrupted_Icon,0,plot_items
vgk330ip_korth_gicon,Golden Idol of Korth,dao,,,https://dragonage.fandom.com/wiki/Golden_Idol_of_Korth,0,plot_items
gen_im_upg_cry_exp_dwe,Expert Dweomer Rune,dao,,,https://dragonage.fandom.com/wiki/Expert_Dweomer_Rune,0,runes.weapon_runes
gen_im_upg_cry_exp_flm,Expert Flame Rune,dao,,,https://dragonage.fandom.com/wiki/Expert_Flame_Rune,0,runes.weapon_runes
gen_im_upg_cry_exp_frs,Expert Frost Rune,dao,,,https://dragonage.fandom.com/wiki/Expert_Frost_Rune,0,runes.weapon_runes
gen_im_upg_cry_exp_par,Expert Paralyze Rune,dao,,,https://dragonage.fandom.com/wiki/Expert_Paralyze_Rune,0,runes.weapon_runes
gen_im_upg_cry_gdm_dwe,Grandmaster Dweomer Rune,dao,,,https://dragonage.fandom.com/wiki/Grandmaster_Dweomer_Rune,0,runes.weapon_runes
gen_im_upg_cry_gdm_flm,Grandmaster Flame Rune,dao,,,https://dragonage.fandom.com/wiki/Grandmaster_Flame_Rune,0,runes.weapon_runes
gen_im_upg_cry_gdm_frs,Grandmaster Frost Rune,dao,,,https://dragonage.fandom.com/wiki/Grandmaster_Frost_Rune,0,runes.weapon_runes
gen_im_upg_cry_gdm_par,Grandmaster Paralyze Rune,dao,,,https://dragonage.fandom.com/wiki/Grandmaster_Paralyze_Rune,0,runes.weapon_runes
gen_im_upg_cry_jny_dwe,Journeyman Dweomer Rune,dao,,,https://dragonage.fandom.com/wiki/Journeyman_Dweomer_Rune,0,runes.weapon_runes
gen_im_upg_cry_jny_flm,Journeyman Flame Rune,dao,,,https://dragonage.fandom.com/wiki/Journeyman_Flame_Rune,0,runes.weapon_runes
gen_im_upg_cry_jny_frs,Journeyman Frost Rune,dao,,,https://dragonage.fandom.com/wiki/Journeyman_Frost_Rune,0,runes.weapon_runes
gen_im_upg_cry_jny_par,Journeyman Paralyze Rune,dao,,,https://dragonage.fandom.com/wiki/Journeyman_Paralyze_Rune,0,runes.weapon_runes
gen_im_upg_cry_mas_dwe,Master Dweomer Rune,dao,,,https://dragonage.fandom.com/wiki/Master_Dweomer_Rune,0,runes.weapon_runes
gen_im_upg_cry_mas_flm,Master Flame Rune,dao,,,https://dragonage.fandom.com/wiki/Master_Flame_Rune,0,runes.weapon_runes
gen_im_upg_cry_mas_frs,Master Frost Rune,dao,,,https://dragonage.fandom.com/wiki/Master_Frost_Rune,0,runes.weapon_runes
gen_im_upg_cry_mas_par,Master Paralyze Rune,dao,,,https://dragonage.fandom.com/wiki/Master_Paralyze_Rune,0,runes.weapon_runes
gen_im_upg_cry_nov_dwe,Novice Dweomer Rune,dao,,,https://dragonage.fandom.com/wiki/Novice_Dweomer_Rune,0,runes.weapon_runes
gen_im_upg_cry_nov_flm,Novice Flame Rune,dao,,,https://dragonage.fandom.com/wiki/Novice_Flame_Rune,0,runes.weapon_runes
gen_im_upg_cry_nov_frs,Novice Frost Rune,dao,,,https://dragonage.fandom.com/wiki/Novice_Frost_Rune,0,runes.weapon_runes
gen_im_upg_cry_nov_par,Novice Paralyze Rune,dao,,,https://dragonage.fandom.com/wiki/Novice_Paralyze_Rune,0,runes.weapon_runes
gen_im_upg_run_exp_chr,Expert Lightning Rune,dao,,,https://dragonage.fandom.com/wiki/Expert_Lightning_Rune,0,runes.weapon_runes
gen_im_upg_run_exp_cir,Expert Cold Iron Rune,dao,,,https://dragonage.fandom.com/wiki/Expert_Cold_Iron_Rune,0,runes.weapon_runes
gen_im_upg_run_exp_hal,Expert Hale Rune,dao,,,https://dragonage.fandom.com/wiki/Expert_Hale_Rune,0,runes.weapon_runes
gen_im_upg_run_exp_sil,Expert Silverite Rune,dao,,,https://dragonage.fandom.com/wiki/Expert_Silverite_Rune,0,runes.weapon_runes
gen_im_upg_run_exp_slw,Expert Slow Rune,dao,,,https://dragonage.fandom.com/wiki/Expert_Slow_Rune,0,runes.weapon_runes
gen_im_upg_run_gdm_chr,Grandmaster Lightning Rune,dao,,,https://dragonage.fandom.com/wiki/Grandmaster_Lightning_Rune,0,runes.weapon_runes
gen_im_upg_run_gdm_cir,Grandmaster Cold Iron Rune,dao,,,https://dragonage.fandom.com/wiki/Grandmaster_Cold_Iron_Rune,0,runes.weapon_runes
gen_im_upg_run_gdm_hal,Grandmaster Hale Rune,dao,,,https://dragonage.fandom.com/wiki/Grandmaster_Hale_Rune,0,runes.weapon_runes
gen_im_upg_run_gdm_sil,Grandmaster Silverite Rune,dao,,,https://dragonage.fandom.com/wiki/Grandmaster_Silverite_Rune,0,runes.weapon_runes
gen_im_upg_run_gdm_slw,Grandmaster Slow Rune,dao,,,https://dragonage.fandom.com/wiki/Grandmaster_Slow_Rune,0,runes.weapon_runes
gen_im_upg_run_jny_chr,Journeyman Lightning Rune,dao,,,https://dragonage.fandom.com/wiki/Journeyman_Lightning_Rune,0,runes.weapon_runes
gen_im_upg_run_jny_cir,Journeyman Cold Iron Rune,dao,,,https://dragonage.fandom.com/wiki/Journeyman_Cold_Iron_Rune,0,runes.weapon_runes
gen_im_upg_run_jny_hal,Journeyman Hale Rune,dao,,,https://dragonage.fandom.com/wiki/Journeyman_Hale_Rune,0,runes.weapon_runes
gen_im_upg_run_jny_sil,Journeyman Silverite Rune,dao,,,https://dragonage.fandom.com/wiki/Journeyman_Silverite_Rune,0,runes.weapon_runes
gen_im_upg_run_jny_slw,Journeyman Slow Rune,dao,,,https://dragonage.fandom.com/wiki/Journeyman_Slow_Rune,0,runes.weapon_runes
gen_im_upg_run_mas_chr,Master Lightning Rune,dao,,,https://dragonage.fandom.com/wiki/Master_Lightning_Rune,0,runes.weapon_runes
gen_im_upg_run_mas_cir,Master Cold Iron Rune,dao,,,https://dragonage.fandom.com/wiki/Master_Cold_Iron_Rune,0,runes.weapon_runes
gen_im_upg_run_mas_hal,Master Hale Rune,dao,,,https://dragonage.fandom.com/wiki/Master_Hale_Rune,0,runes.weapon_runes
gen_im_upg_run_mas_sil,Master Silverite Rune,dao,,,https://dragonage.fandom.com/wiki/Master_Silverite_Rune,0,runes.weapon_runes
gen_im_upg_run_mas_slw,Master Slow Rune,dao,,,https://dragonage.fandom.com/wiki/Master_Slow_Rune,0,runes.weapon_runes
gen_im_upg_run_nov_chr,Novice Lightning Rune,dao,,,https://dragonage.fandom.com/wiki/Novice_Lightning_Rune,0,runes.weapon_runes
gen_im_upg_run_nov_cir,Novice Cold Iron Rune,dao,,,https://dragonage.fandom.com/wiki/Novice_Cold_Iron_Rune,0,runes.weapon_runes
gen_im_upg_run_nov_hal,Novice Hale Rune,dao,,,https://dragonage.fandom.com/wiki/Novice_Hale_Rune,0,runes.weapon_runes
gen_im_upg_run_nov_sil,Novice Silverite Rune,dao,,,https://dragonage.fandom.com/wiki/Novice_Silverite_Rune,0,runes.weapon_runes
gen_im_upg_run_nov_slw,Novice Slow Rune,dao,,,https://dragonage.fandom.com/wiki/Novice_Slow_Rune,0,runes.weapon_runes
shl_arm_fir_00,Large Chipped Fire Crystal,dao,,,https://dragonage.fandom.com/wiki/Large_Chipped_Fire_Crystal,0,shale_crystals.large
shl_arm_fir_01,Large Flawed Fire Crystal,dao,,,https://dragonage.fandom.com/wiki/Large_Flawed_Fire_Crystal,0,shale_crystals.large
shl_arm_fir_02,Large Clear Fire Crystal,dao,,,https://dragonage.fandom.com/wiki/Large_Clear_Fire_Crystal,0,shale_crystals.large
shl_arm_fir_03,Large Flawless Fire Crystal,dao,,,https://dragonage.fandom.com/wiki/Large_Flawless_Fire_Crystal,0,shale_crystals.large
shl_arm_fir_04,Large Brilliant Fire Crystal,dao,,,https://dragonage.fandom.com/wiki/Large_Brilliant_Fire_Crystal,0,shale_crystals.large
shl_arm_ice_00,Large Chipped Ice Crystal,dao,,,https://dragonage.fandom.com/wiki/Large_Chipped_Ice_Crystal,0,shale_crystals.large
shl_arm_ice_01,Large Flawed Ice Crystal,dao,,,https://dragonage.fandom.com/wiki/Large_Flawed_Ice_Crystal,0,shale_crystals.large
shl_arm_ice_02,Large Clear Ice Crystal,dao,,,https://dragonage.fandom.com/wiki/Large_Clear_Ice_Crystal,0,shale_crystals.large
shl_arm_ice_03,Large Flawless Ice Crystal,dao,,,https://dragonage.fandom.com/wiki/Large_Flawless_Ice_Crystal,0,shale_crystals.large
shl_arm_ice_04,Large Brilliant Ice Crystal,dao,,,https://dragonage.fandom.com/wiki/Large_Brilliant_Ice_Crystal,0,shale_crystals.large
shl_arm_lit_00,Large Chipped Lightning Crystal,dao,,,https://dragonage.fandom.com/wiki/Large_Chipped_Lightning_Crystal,0,shale_crystals.large
shl_arm_lit_01,Large Flawed Lightning Crystal,dao,,,https://dragonage.fandom.com/wiki/Large_Flawed_Lightning_Crystal,0,shale_crystals.large
shl_arm_lit_02,Large Clear Lightning Crystal,dao,,,https://dragonage.fandom.com/wiki/Large_Clear_Lightning_Crystal,0,shale_crystals.large
shl_arm_lit_03,Large Flawless Lightning Crystal,dao,,,https://dragonage.fandom.com/wiki/Large_Flawless_Lightning_Crystal,0,shale_crystals.large
shl_arm_lit_04,Large Brilliant Lightning Crystal,dao,,,https://dragonage.fandom.com/wiki/Large_Brilliant_Lightning_Crystal,0,shale_crystals.large
shl_arm_nat_00,Large Chipped Natural Crystal,dao,,,https://dragonage.fandom.com/wiki/Large_Chipped_Natural_Crystal,0,shale_crystals.large
shl_arm_nat_01,Large Flawed Natural Crystal,dao,,,https://dragonage.fandom.com/wiki/Large_Flawed_Natural_Crystal,0,shale_crystals.large
shl_arm_nat_02,Large Clear Natural Crystal,dao,,,https://dragonage.fandom.com/wiki/Large_Clear_Natural_Crystal,0,shale_crystals.large
shl_arm_nat_03,Large Flawless Natural Crystal,dao,,,https://dragonage.fandom.com/wiki/Large_Flawless_Natural_Crystal,0,shale_crystals.large
shl_arm_nat_04,Large Brilliant Natural Crystal,dao,,,https://dragonage.fandom.com/wiki/Large_Brilliant_Natural_Crystal,0,shale_crystals.large
shl_arm_spi_00,Large Chipped Spirit Crystal,dao,,,https://dragonage.fandom.com/wiki/Large_Chipped_Spirit_Crystal,0,shale_crystals.large
shl_arm_spi_01,Large Flawed Spirit Crystal,dao,,,https://dragonage.fandom.com/wiki/Large_Flawed_Spirit_Crystal,0,shale_crystals.large
shl_arm_spi_02,Large Clear Spirit Crystal,dao,,,https://dragonage.fandom.com/wiki/Large_Clear_Spirit_Crystal,0,shale_crystals.large
shl_arm_spi_03,Large Flawless Spirit Crystal,dao,,,https://dragonage.fandom.com/wiki/Large_Flawless_Spirit_Crystal,0,shale_crystals.large
shl_arm_spi_04,Large Brilliant Spirit Crystal,dao,,,https://dragonage.fandom.com/wiki/Large_Brilliant_Spirit_Crystal,0,shale_crystals.large
shl_wpn_fir_00,Small Chipped Fire Crystal,dao,,,https://dragonage.fandom.com/wiki/Small_Chipped_Fire_Crystal,0,shale_crystals.small
shl_wpn_fir_01,Small Flawed Fire Crystal,dao,,,https://dragonage.fandom.com/wiki/Small_Flawed_Fire_Crystal,0,shale_crystals.small
shl_wpn_fir_02,Small Clear Fire Crystal,dao,,,https://dragonage.fandom.com/wiki/Small_Clear_Fire_Crystal,0,shale_crystals.small
shl_wpn_fir_03,Small Flawless Fire Crystal,dao,,,https://dragonage.fandom.com/wiki/Small_Flawless_Fire_Crystal,0,shale_crystals.small
shl_wpn_fir_04,Small Brilliant Fire Crystal,dao,,,https://dragonage.fandom.com/wiki/Small_Brilliant_Fire_Crystal,0,shale_crystals.small
shl_wpn_ice_00,Small Chipped Ice Crystal,dao,,,https://dragonage.fandom.com/wiki/Small_Chipped_Ice_Crystal,0,shale_crystals.small
shl_wpn_ice_01,Small Flawed Ice Crystal,dao,,,https://dragonage.fandom.com/wiki/Small_Flawed_Ice_Crystal,0,shale_crystals.small
shl_wpn_ice_02,Small Clear Ice Crystal,dao,,,https://dragonage.fandom.com/wiki/Small_Clear_Ice_Crystal,0,shale_crystals.small
shl_wpn_ice_03,Small Flawless Ice Crystal,dao,,,https://dragonage.fandom.com/wiki/Small_Flawless_Ice_Crystal,0,shale_crystals.small
shl_wpn_ice_04,Small Brilliant Ice Crystal,dao,,,https://dragonage.fandom.com/wiki/Small_Brilliant_Ice_Crystal,0,shale_crystals.small
shl_wpn_lit_00,Small Chipped Lightning Crystal,dao,,,https://dragonage.fandom.com/wiki/Small_Chipped_Lightning_Crystal,0,shale_crystals.small
shl_wpn_lit_01,Small Flawed Lightning Crystal,dao,,,https://dragonage.fandom.com/wiki/Small_Flawed_Lightning_Crystal,0,shale_crystals.small
shl_wpn_lit_02,Small Clear Lightning Crystal,dao,,,https://dragonage.fandom.com/wiki/Small_Clear_Lightning_Crystal,0,shale_crystals.small
shl_wpn_lit_03,Small Flawless Lightning Crystal,dao,,,https://dragonage.fandom.com/wiki/Small_Flawless_Lightning_Crystal,0,shale_crystals.small
shl_wpn_lit_04,Small Brilliant Lightning Crystal,dao,,,https://dragonage.fandom.com/wiki/Small_Brilliant_Lightning_Crystal,0,shale_crystals.small
shl_wpn_nat_00,Small Chipped Natural Crystal,dao,,,https://dragonage.fandom.com/wiki/Small_Chipped_Natural_Crystal,0,shale_crystals.small
shl_wpn_nat_01,Small Flawed Natural Crystal,dao,,,https://dragonage.fandom.com/wiki/Small_Flawed_Natural_Crystal,0,shale_crystals.small
shl_wpn_nat_02,Small Clear Natural Crystal,dao,,,https://dragonage.fandom.com/wiki/Small_Clear_Natural_Crystal,0,shale_crystals.small
shl_wpn_nat_03,Small Flawless Natural Crystal,dao,,,https://dragonage.fandom.com/wiki/Small_Flawless_Natural_Crystal,0,shale_crystals.small
shl_wpn_nat_04,Small Brilliant Natural Crystal,dao,,,https://dragonage.fandom.com/wiki/Small_Brilliant_Natural_Crystal,0,shale_crystals.small
shl_wpn_spi_00,Small Chipped Spirit Crystal,dao,,,https://dragonage.fandom.com/wiki/Small_Chipped_Spirit_Crystal,0,shale_crystals.small
shl_wpn_spi_01,Small Flawed Spirit Crystal,dao,,,https://dragonage.fandom.com/wiki/Small_Flawed_Spirit_Crystal,0,shale_crystals.small
shl_wpn_spi_02,Small Clear Spirit Crystal,dao,,,https://dragonage.fandom.com/wiki/Small_Clear_Spirit_Crystal,0,shale_crystals.small
shl_wpn_spi_03,Small Flawless Spirit Crystal,dao,,,https://dragonage.fandom.com/wiki/Small_Flawless_Spirit_Crystal,0,shale_crystals.small
shl_wpn_spi_04,Small Brilliant Spirit Crystal,dao,,,https://dragonage.fandom.com/wiki/Small_Brilliant_Spirit_Crystal,0,shale_crystals.small
cir220cr_templar_shield,Possessed Templar,dao,,,,0,shields
den300cr_ran_tev_shield,Tevinter Soldier,dao,,,,0,shields
den511cr_howe_guard_shield,Howe Guard,dao,,,,0,shields
dencr_gen_soldier_shield,Soldier,dao,,,,0,shields
disciple_alpha_axe_shield,Disciple Alpha,dao,,,,0,shields
disciple_axe_shield,Disciple,dao,,,,0,shields
disciple_lsword_shield,Disciple,dao,,,,0,shields
disciple_mace_shield,Disciple,dao,,,,0,shields
drk_im_arm_shd_kit_red,Redcliffe Shield,dao,,shield,https://dragonage.fandom.com/wiki/Redcliffe_Shield_(Darkspawn_Chronicles),0,shields
genip_statue_shield,Statue,dao,,,,0,shields
genlock_sbow_dagger_shield,Genlock,dao,,,,0,shields
gib100cr_skeleton_shield,Mangled Corpse,dao,,,,0,shields
gib_im_arm_shd_twr_001,The Crafthall's Wall,dao,,shield,https://dragonage.fandom.com/wiki/The_Crafthall%27s_Wall,0,shields
gwb_im_arm_shd_kit_met,Metal Kite Shield,dao,metal,shield,https://dragonage.fandom.com/wiki/Metal_Kite_Shield,0,shields
gwb_im_arm_shd_lrg_tev,Grey Warden Shield,dao,,shield,https://dragonage.fandom.com/wiki/Grey_Warden_Shield,0,shields
gwb_im_arm_shd_smal_gry,Warden Recruit Shield,dao,,shield,https://dragonage.fandom.com/wiki/Warden_Recruit_Shield,0,shields
gwb_im_arm_shd_sml_wdn1,Warden Scout Shield,dao,wood,shield,,0,shields
gwb_im_arm_shd_twr_met,Heavy Metal Shield,dao,metal,shield,https://dragonage.fandom.com/wiki/Heavy_Metal_Shield,0,shields
gwb_im_arm_shd_twr_wdn1,Warden Tower Shield,dao,wood,shield,https://dragonage.fandom.com/wiki/Warden_Tower_Shield,0,shields
hurlock_alpha_axe_shield,Hurlock Alpha,dao,,,,0,shields
hurlock_axe_shield,Hurlock,dao,,,,0,shields
hurlock_lsword_shield,Hurlock,dao,,,,0,shields
hurlock_mace_shield,Hurlock,dao,,,,0,shields
kcc_im_arm_shd_kit_cai,Cailan's Shield,dao,,shield,https://dragonage.fandom.com/wiki/Cailan%27s_Shield,0,shields
lel_im_arm_shd_twr_01,Half-Cask Ward,dao,,shield,https://dragonage.fandom.com/wiki/Half-Cask_Ward,0,shields
prm000im_bulwarktk,Bulwark of the True King (Origins),dao,,,https://dragonage.fandom.com/wiki/Bulwark_of_the_True_King_(Origins),0,shields
val_im_arm_shd_twr_mrc,King Maric's Shield,dao,,shield,https://dragonage.fandom.com/wiki/King_Maric%27s_Shield,0,shields
zz_gwb_im_arm_shd_lrg_war,Warden's Large Shield,dao,,shield,,0,shields
zz_gwb_im_arm_shd_sml_war,Warden's Shield,dao,,shield,,0,shields
zzz_gen_im_arm_shd_kit,Warden Shield,dao,,shield,,0,shields
zzz_gen_im_arm_shd_lrg,Large Wooden Round Shield,dao,wood,shield,,0,shields
gen_im_arm_shd_smal_gry,Warden Recruit Shield,dao,,shield,https://dragonage.fandom.com/wiki/Warden_Recruit_Shield,0,shields.bucklers
gen_im_arm_shd_sml_aed,Aeducan Shield,dao,,shield,https://dragonage.fandom.com/wiki/Aeducan_Shield_(buckler),0,shields.bucklers
gen_im_arm_shd_sml_car,Caridin's Shield,dao,,shield,https://dragonage.fandom.com/wiki/Caridin%27s_Shield,0,shields.bucklers
gen_im_arm_shd_sml_cln,Clan Shield,dao,,shield,https://dragonage.fandom.com/wiki/Clan_Shield,0,shields.bucklers
gen_im_arm_shd_sml_crt,Carta Shield,dao,,shield,https://dragonage.fandom.com/wiki/Carta_Shield,0,shields.bucklers
gen_im_arm_shd_sml_crw,Crow Shield,dao,,shield,https://dragonage.fandom.com/wiki/Crow_Shield,0,shields.bucklers
gen_im_arm_shd_sml_dal,Dalish Shield,dao,,shield,https://dragonage.fandom.com/wiki/Dalish_Shield,0,shields.bucklers
gen_im_arm_shd_sml_drk,Small Darkspawn Shield,dao,,shield,https://dragonage.fandom.com/wiki/Small_Darkspawn_Shield_(Origins),0,shields.bucklers
gen_im_arm_shd_sml_gor,Gorim's Shield,dao,,shield,https://dragonage.fandom.com/wiki/Gorim%27s_Shield,0,shields.bucklers
gen_im_arm_shd_sml_har,Harrowmont Guard Shield,dao,,shield,https://dragonage.fandom.com/wiki/Harrowmont_Guard_Shield,0,shields.bucklers
gen_im_arm_shd_sml_how,Howe Guard Shield,dao,,shield,https://dragonage.fandom.com/wiki/Howe_Guard_Shield,0,shields.bucklers
gen_im_arm_shd_sml_knf,Bloodstained Shield,dao,,shield,https://dragonage.fandom.com/wiki/Bloodstained_Shield,0,shields.bucklers
gen_im_arm_shd_sml_met,Small Metal Round Shield,dao,metal,shield,https://dragonage.fandom.com/wiki/Small_Metal_Round_Shield,0,shields.bucklers
gen_im_arm_shd_sml_mth,Mythal's Blessing,dao,,shield,https://dragonage.fandom.com/wiki/Mythal%27s_Blessing,0,shields.bucklers
gen_im_arm_shd_sml_ruk,Ruck's Shield,dao,,shield,https://dragonage.fandom.com/wiki/Ruck%27s_Shield,0,shields.bucklers
gen_im_arm_shd_sml_wdn,Small Shield,dao,wood,shield,https://dragonage.fandom.com/wiki/Small_Shield,0,shields.bucklers
gen_im_arm_shd_twr_att,Earthheart's Portable Bulwark,dao,,shield,https://dragonage.fandom.com/wiki/Earthheart%27s_Portable_Bulwark,0,shields.heavy
gen_im_arm_shd_twr_den,Denerim Guard Shield,dao,,shield,https://dragonage.fandom.com/wiki/Denerim_Guard_Shield,0,shields.heavy
gen_im_arm_shd_twr_how,Howe's Shield,dao,,shield,https://dragonage.fandom.com/wiki/Howe%27s_Shield,0,shields.heavy
gen_im_arm_shd_twr_kng,King's Shield,dao,,shield,https://dragonage.fandom.com/wiki/King%27s_Shield,0,shields.heavy
gen_im_arm_shd_twr_lcs,Greagoir's Shield,dao,,shield,https://dragonage.fandom.com/wiki/Greagoir%27s_Shield,0,shields.heavy
gen_im_arm_shd_twr_met,Heavy Metal Shield,dao,metal,shield,https://dragonage.fandom.com/wiki/Heavy_Metal_Shield,0,shields.heavy
gen_im_arm_shd_twr_rev,Fade Wall,dao,,shield,https://dragonage.fandom.com/wiki/Fade_Wall,0,shields.heavy
gen_im_arm_shd_twr_wdn,Heavy Wooden Shield,dao,wood,shield,https://dragonage.fandom.com/wiki/Heavy_Wooden_Shield,0,shields.heavy
gen_im_arm_shd_twr_wrd,Duncan's Shield,dao,,shield,https://dragonage.fandom.com/wiki/Duncan%27s_Shield,0,shields.heavy
gen_im_arm_shd_kit_com,Knight-Commander's Shield,dao,,shield,https://dragonage.fandom.com/wiki/Knight-Commander%27s_Shield,0,shields.kite
gen_im_arm_shd_kit_cus,Cousland Guard Shield,dao,,shield,https://dragonage.fandom.com/wiki/Cousland_Guard_Shield,0,shields.kite
gen_im_arm_shd_kit_eam,Eamon's Shield,dao,,shield,https://dragonage.fandom.com/wiki/Eamon%27s_Shield,0,shields.kite
gen_im_arm_shd_kit_hig,Shield of Highever,dao,,shield,https://dragonage.fandom.com/wiki/Shield_of_Highever,0,shields.kite
gen_im_arm_shd_kit_lgd,Loghain's Guardsmen,dao,,shield,https://dragonage.fandom.com/wiki/Loghain%27s_Guardsmen,0,shields.kite
gen_im_arm_shd_kit_log,Loghain's Shield,dao,,shield,https://dragonage.fandom.com/wiki/Loghain%27s_Shield,0,shields.kite
gen_im_arm_shd_kit_met,Metal Kite Shield,dao,metal,shield,https://dragonage.fandom.com/wiki/Metal_Kite_Shield,0,shields.kite
gen_im_arm_shd_kit_new,Havard's Aegis,dao,,shield,https://dragonage.fandom.com/wiki/Havard%27s_Aegis,0,shields.kite
gen_im_arm_shd_kit_rde,Redcliffe Elite Shield,dao,,shield,https://dragonage.fandom.com/wiki/Redcliffe_Elite_Shield,0,shields.kite
gen_im_arm_shd_kit_red,Redcliffe Shield,dao,,shield,https://dragonage.fandom.com/wiki/Redcliffe_Shield_(Origins),0,shields.kite
gen_im_arm_shd_kit_swf,Swiftrunner's Shield,dao,,shield,https://dragonage.fandom.com/wiki/Swiftrunner%27s_Shield,0,shields.kite
gen_im_arm_shd_kit_tmp,Templar Shield,dao,,shield,https://dragonage.fandom.com/wiki/Templar_Shield,0,shields.kite
gen_im_arm_shd_kit_wdn,Wooden Kite Shield,dao,wood,shield,https://dragonage.fandom.com/wiki/Wooden_Kite_Shield,0,shields.kite
vgk100im_heartwood_shield,Heartwood Shield,dao,,,https://dragonage.fandom.com/wiki/Heartwood_Shield,0,shields.kite
gen_im_arm_shd_lrg_aed,Aeducan Shield,dao,,shield,https://dragonage.fandom.com/wiki/Aeducan_Shield_(targe),0,shields.targes
gen_im_arm_shd_lrg_aef,Aeducan Family Shield,dao,,shield,https://dragonage.fandom.com/wiki/Aeducan_Family_Shield,0,shields.targes
gen_im_arm_shd_lrg_bra,Branka's Shield,dao,,shield,https://dragonage.fandom.com/wiki/Branka%27s_Shield,0,shields.targes
gen_im_arm_shd_lrg_chm,Champion's Shield,dao,,shield,https://dragonage.fandom.com/wiki/Champion%27s_Shield,0,shields.targes
gen_im_arm_shd_lrg_drk,Large Darkspawn Shield,dao,,shield,https://dragonage.fandom.com/wiki/Large_Darkspawn_Shield_(Origins),0,shields.targes
gen_im_arm_shd_lrg_dwv,Dwarven Large Round Shield,dao,,shield,https://dragonage.fandom.com/wiki/Dwarven_Large_Round_Shield,0,shields.targes
gen_im_arm_shd_lrg_leg,Shield of the Legion,dao,,shield,https://dragonage.fandom.com/wiki/Shield_of_the_Legion,0,shields.targes
gen_im_arm_shd_lrg_rev,Dead Coat of Arms,dao,,shield,https://dragonage.fandom.com/wiki/Dead_Coat_of_Arms,0,shields.targes
gen_im_arm_shd_lrg_tev,Tevinter Shield,dao,,shield,https://dragonage.fandom.com/wiki/Tevinter_Shield,0,shields.targes
gen_im_arm_shd_lrg_wdn,Large Wooden Round Shield,dao,wood,shield,https://dragonage.fandom.com/wiki/Large_Wooden_Round_Shield,0,shields.targes
cir100ip_lt_tome1,Tome of Spirit Personages,dao,,,,0,tomes
gen_im_qck_book_attribute,Tome of the Mortal Vessel,dao,,,https://dragonage.fandom.com/wiki/Tome_of_the_Mortal_Vessel,0,tomes
gen_im_qck_book_attribute2,Greater Tome of the Mortal Vessel,dao,,,https://dragonage.fandom.com/wiki/Greater_Tome_of_the_Mortal_Vessel,0,tomes
gen_im_qck_book_formari,Formari Tome,dao,,,https://dragonage.fandom.com/wiki/Formari_Tome,0,tomes
gen_im_qck_book_prm1,Formari Tome,dao,,,https://dragonage.fandom.com/wiki/Formari_Tome,0,tomes
gen_im_qck_book_skill,Tome of Skill and Sundry,dao,,,https://dragonage.fandom.com/wiki/Tome_of_Skill_and_Sundry,0,tomes
gen_im_qck_book_talentm,Tome of Arcane Technique,dao,,,https://dragonage.fandom.com/wiki/Tome_of_Arcane_Technique,0,tomes
gen_im_qck_book_talentw,Tome of Physical Technique,dao,,,https://dragonage.fandom.com/wiki/Tome_of_Physical_Technique,0,tomes
gib_im_tome_unlearning,Memoirs of the First Wardens,dao,,,https://dragonage.fandom.com/wiki/Memoirs_of_the_First_Wardens,0,tomes
lel_im_qck-book_talentw,Tome of Physical Technique,dao,,,,0,tomes
lel_im_qck_book_attribute,Tome of the Mortal Vessel,dao,,,https://dragonage.fandom.com/wiki/Tome_of_the_Mortal_Vessel,0,tomes
lel_im_qck_book_skill,Tome of Skill and Sundry,dao,,,https://dragonage.fandom.com/wiki/Tome_of_Skill_and_Sundry,0,tomes
lel_im_qck_book_talentm,Tome of Arcane Technique,dao,,,https://dragonage.fandom.com/wiki/Tome_of_Arcane_Technique,0,tomes
str_im_tome_unlearning,Memoirs of the First Wardens,dao,,,https://dragonage.fandom.com/wiki/Memoirs_of_the_First_Wardens,0,tomes
abomination_a,Abomination,dao,,,,0,uncategorized
abomination_desire,Desire Abomination,dao,,,,0,uncategorized
abomination_hunger,Hunger Abomination,dao,,,,0,uncategorized
abomination_rage,Rage Abomination,dao,,,,0,uncategorized
abomination_sloth,Sloth Abomination,dao,,,,0,uncategorized
alpha_wolf,Alpha Wolf,dao,,,,0,uncategorized
animated_dead,Animated Dead,dao,,,,0,uncategorized
arcane_horror,Arcane Horror,dao,,,,0,uncategorized
arcane_horror_a,Arcane Horror,dao,,,,0,uncategorized
archdemon,Archdemon,dao,,,,0,uncategorized
archer_bridge,Soldier,dao,,,,0,uncategorized
arl000ip_target_dummy,Combat Dummy,dao,,,,0,uncategorized
arl000ip_unusable_door,Door,dao,,,,0,uncategorized
arl000ip_unusable_door_l,Door,dao,,,,0,uncategorized
arl000ip_unusable_door_w,Door,dao,,,,0,uncategorized
arl100ar_redcliffe_village,Redcliffe,dao,,,,0,uncategorized
arl100cr_chanter_redcliffe,Chanter Farrah,dao,,,,0,uncategorized
arl100cr_despmerch,Merchant,dao,,,,0,uncategorized
arl100cr_doomsayer,Doomsayer,dao,,,,0,uncategorized
arl100cr_gravedigger,Villager,dao,,,,0,uncategorized
arl100cr_grimguard,Guard,dao,,,,0,uncategorized
arl100cr_guard,Guard,dao,,,,0,uncategorized
arl100cr_isolde,Isolde,dao,,,,0,uncategorized
arl100cr_isolde_guard,Guard,dao,,,,0,uncategorized
arl100cr_knight_1,Knight,dao,,,,0,uncategorized
arl100cr_knight_2,Knight,dao,,,,0,uncategorized
arl100cr_knight_3,Knight,dao,,,,0,uncategorized
arl100cr_militia_1,Militia,dao,,,,0,uncategorized
arl100cr_militia_2,Militia,dao,,,,0,uncategorized
arl100cr_militia_3,Militia,dao,,,,0,uncategorized
arl100cr_militia_4,Militia,dao,,,,0,uncategorized
arl100cr_militia_5,Militia,dao,,,,0,uncategorized
arl100cr_murdock,Murdock,dao,,,,0,uncategorized
arl100cr_perth,Ser Perth,dao,,,,0,uncategorized
arl100cr_refugee_child,Refugee,dao,,,,0,uncategorized
arl100cr_refugee_f,Refugee,dao,,,,0,uncategorized
arl100cr_refugee_m,Refugee,dao,,,,0,uncategorized
arl100cr_return_f,Villager,dao,,,,0,uncategorized
arl100cr_return_m,Villager,dao,,,,0,uncategorized
arl100cr_scavenger,Scavenger,dao,,,,0,uncategorized
arl100cr_tomas,Tomas,dao,,,,0,uncategorized
arl100cr_watchman,Militia,dao,,,,0,uncategorized
arl100ip_chantry_board,Chanter's Board,dao,,,,0,uncategorized
arl100ip_codex_lake,Lake Calenhad - No Swimming,dao,,,,0,uncategorized
arl100ip_door_castle,Redcliffe Castle,dao,,,,0,uncategorized
arl100ip_door_chantry,Chantry,dao,,,,0,uncategorized
arl100ip_door_cottage,House,dao,,,,0,uncategorized
arl100ip_door_dwyn,Dwyn's Home,dao,,,,0,uncategorized
arl100ip_door_general_store,General Store,dao,,,,0,uncategorized
arl100ip_door_kaitlyn,Kaitlyn's Home,dao,,,,0,uncategorized
arl100ip_door_owen,Blacksmithy,dao,,,,0,uncategorized
arl100ip_door_tavern,Tavern,dao,,,,0,uncategorized
arl100ip_door_windmill,Windmill,dao,,,,0,uncategorized
arl100ip_rowboat,Boat,dao,,,,0,uncategorized
arl100ip_to_castle_map,World Map,dao,,,,0,uncategorized
arl101ar_redcliffe_night,Redcliffe,dao,,,,0,uncategorized
arl101cr_undead,Walking Corpse,dao,,,,0,uncategorized
arl101ip_barricade,Barricade,dao,,,,0,uncategorized
arl110ar_chantry,Village Chantry,dao,,,,0,uncategorized
arl110cr_child_f_1,Child,dao,,,,0,uncategorized
arl110cr_child_f_2,Child,dao,,,,0,uncategorized
arl110cr_child_m_1,Child,dao,,,,0,uncategorized
arl110cr_child_m_2,Child,dao,,,,0,uncategorized
arl110cr_hannah,Mother Hannah,dao,,,,0,uncategorized
arl110cr_kaitlyn,Kaitlyn,dao,,,,0,uncategorized
arl110cr_old_f_1,Old Woman,dao,,,,0,uncategorized
arl110cr_old_f_2,Old Woman,dao,,,,0,uncategorized
arl110cr_old_m_1,Old Man,dao,,,,0,uncategorized
arl110cr_teagan,Bann Teagan,dao,,,,0,uncategorized
arl110cr_villager_f_1,Villager,dao,,,,0,uncategorized
arl110cr_villager_f_2,Villager,dao,,,,0,uncategorized
arl110ip_codex_calendar,Book,dao,,,,0,uncategorized
arl110ip_codex_chant_found,Pile of Books,dao,,,,0,uncategorized
arl110ip_codex_chant_laws,Book,dao,,,,0,uncategorized
arl110ip_door_village,Village,dao,,,,0,uncategorized
arl120ar_blacksmith,Blacksmith's Store,dao,,,,0,uncategorized
arl120cr_blacksmith,Blacksmith,dao,,,,0,uncategorized
arl120cr_owen,Owen,dao,,,,0,uncategorized
arl120ip_crate,Crate,dao,,,,0,uncategorized
arl120ip_door_village,Village,dao,,,,0,uncategorized
arl120ip_trap_door,Hidden Trapdoor,dao,,,,0,uncategorized
arl120ip_trap_door_2,Hidden Trapdoor,dao,,,,0,uncategorized
arl130ar_dwyns_home,Dwyn's Home,dao,,,,0,uncategorized
arl130cr_dwyn,Dwyn,dao,,,,0,uncategorized
arl130cr_thug_1,Thug,dao,,,,0,uncategorized
arl130cr_thug_2,Thug,dao,,,,0,uncategorized
arl130ip_chest_iron,Chest,dao,,,,0,uncategorized
arl130ip_door_village,Village,dao,,,,0,uncategorized
arl140ar_kaitlyn_home,Kaitlyn's Home - Main Floor,dao,,,,0,uncategorized
arl140cr_bevin,Bevin,dao,,,,0,uncategorized
arl140ip_chest_sword,Chest,dao,,,,0,uncategorized
arl140ip_codex_calenhad_1,Book,dao,,,,0,uncategorized
arl140ip_door_upstairs,Second Floor,dao,,,,0,uncategorized
arl140ip_door_village,Village,dao,,,,0,uncategorized
arl140ip_dresser_bevin,Dresser,dao,,,,0,uncategorized
arl141ar_kaitlyn_upstairs,Kaitlyn's Home - Second Floor,dao,,,,0,uncategorized
arl141ip_codex_wraith,Bookshelf,dao,,,,0,uncategorized
arl141ip_door_downstairs,Main Floor,dao,,,,0,uncategorized
arl150ar_tavern,Tavern,dao,,,,0,uncategorized
arl150cr_bella,Bella,dao,,,,0,uncategorized
arl150cr_berwick,Berwick,dao,,,,0,uncategorized
arl150cr_drunk_1,Militiaman,dao,,,,0,uncategorized
arl150cr_drunk_2,Militiaman,dao,,,,0,uncategorized
arl150cr_drunk_3,Militiaman,dao,,,,0,uncategorized
arl150cr_lloyd,Lloyd,dao,,,,0,uncategorized
arl150ip_codex_graffiti,Graffiti,dao,,,,0,uncategorized
arl150ip_door_village,Village,dao,,,,0,uncategorized
arl150ip_keg,Keg,dao,,,,0,uncategorized
arl150it_control_stone,Control Rod,dao,,,https://dragonage.fandom.com/wiki/Golem_control_rod#Other_references,0,uncategorized
arl160ip_door_village,Village,dao,,,,0,uncategorized
arl160ip_papers_chantry,Chest,dao,,,,0,uncategorized
arl160it_circle_letter,Letter,dao,,,https://dragonage.fandom.com/wiki/Circle_Letter,0,uncategorized
arl170ar_general_store,General Store,dao,,,,0,uncategorized
arl170ip_barrels,Barrel,dao,,,,0,uncategorized
arl170ip_codex_shopping,Note,dao,,,,0,uncategorized
arl170ip_door_village,Village,dao,,,,0,uncategorized
arl170ip_dwarven_chest,Chest,dao,,,,0,uncategorized
arl170ip_ledgers,Ledgers,dao,,,,0,uncategorized
arl170ip_oil_barrel,Barrel,dao,,,,0,uncategorized
arl170it_note_of_sale,Note of Sale,dao,,,https://dragonage.fandom.com/wiki/Note_of_Sale,0,uncategorized
arl180ar_generic_cottage,House,dao,,,,0,uncategorized
arl180ip_codex_aysleigh,Bookshelf,dao,,,,0,uncategorized
arl180ip_door_village,Village,dao,,,,0,uncategorized
arl190ar_windmill,Windmill,dao,,,,0,uncategorized
arl190ip_door_dungeon,Secret Passage,dao,,,,0,uncategorized
arl190ip_door_village,Village,dao,,,,0,uncategorized
arl200ar_redcliffe_castle,Redcliffe Castle,dao,,,,0,uncategorized
arl200cr_captain,Captain,dao,,,,0,uncategorized
arl200cr_cassian,Cassian,dao,,,,0,uncategorized
arl200cr_dwarf,Dwarven Soldier,dao,,,,0,uncategorized
arl200cr_golem,Golem,dao,,,,0,uncategorized
arl200cr_guard,Guard,dao,,,,0,uncategorized
arl200cr_hunter,Dalish Hunter,dao,,,,0,uncategorized
arl200cr_mage,Senior Enchanter,dao,,,,0,uncategorized
arl200cr_mage_ambient,Mage,dao,,,,0,uncategorized
arl200cr_new_knight,Knight,dao,,,,0,uncategorized
arl200cr_priest,Priest,dao,,,,0,uncategorized
arl200cr_quart_servant,Servant,dao,,,,0,uncategorized
arl200cr_quartermaster,Quartermaster,dao,,,,0,uncategorized
arl200cr_recruit,Recruit,dao,,,,0,uncategorized
arl200cr_servant,Servant,dao,,,,0,uncategorized
arl200cr_suspicious,Guard,dao,,,,0,uncategorized
arl200cr_templar,Templar,dao,,,,0,uncategorized
arl200cr_werewolf,Werewolf,dao,,,,0,uncategorized
arl200ip_armory_rack,Weapon Stand,dao,,,,0,uncategorized
arl200ip_door_cellar,Basement - Cellar,dao,,,,0,uncategorized
arl200ip_door_gate,Gate,dao,,,,0,uncategorized
arl200ip_door_main_floor,Main Floor,dao,,,,0,uncategorized
arl200ip_door_village,Village,dao,,,,0,uncategorized
arl200ip_gate_lever,Gate Lever,dao,,,,0,uncategorized
arl200ip_invis_gate_wall,Gate,dao,,,,0,uncategorized
arl200ip_to_village_map,World Map,dao,,,,0,uncategorized
arl210ar_castle_dungeon,Redcliffe Castle - Basement,dao,,,,0,uncategorized
arl210cr_invis_jowan,Jowan,dao,,,,0,uncategorized
arl210cr_jowan,Jowan,dao,,,,0,uncategorized
arl210cr_jowan_corpse,Enraged Corpse,dao,,,,0,uncategorized
arl210cr_valena,Valena,dao,,,,0,uncategorized
arl210ip_basement_chest,Chest,dao,,,,0,uncategorized
arl210ip_codex_skeleton,Note,dao,,,,0,uncategorized
arl210ip_door_courtyard,Courtyard,dao,,,,0,uncategorized
arl210ip_door_main_floor,Main Floor,dao,,,,0,uncategorized
arl210ip_door_main_floor_2,Main Floor,dao,,,,0,uncategorized
arl210ip_door_village,Windmill,dao,,,,0,uncategorized
arl210ip_jowan_door,Cell Door,dao,,,,0,uncategorized
arl210ip_sealed_passage,Sealed Passage,dao,,,,0,uncategorized
arl210ip_secret_door,Secret Door,dao,,,,0,uncategorized
arl220ar_castle_main_floor,Redcliffe Castle - Main Floor,dao,,,,0,uncategorized
arl220cr_bella_corpse,Corpse of Bella,dao,,,,0,uncategorized
arl220cr_chamberlain,Chamberlain,dao,,,,0,uncategorized
arl220cr_circle_mage,Mage,dao,,,,0,uncategorized
arl220cr_connor,Connor,dao,,,,0,uncategorized
arl220cr_guard_hall,Guard,dao,,,,0,uncategorized
arl220cr_guard_hall_2,Guard,dao,,,,0,uncategorized
arl220cr_hannah_corpse,Corpse of Hannah,dao,,,,0,uncategorized
arl220cr_irving,First Enchanter Irving,dao,,,,0,uncategorized
arl220cr_jowan_escort,Guard,dao,,,,0,uncategorized
arl220cr_kaitlyn_corpse,Corpse of Kaitlyn,dao,,,,0,uncategorized
arl220cr_lloyd_corpse,Corpse of Lloyd,dao,,,,0,uncategorized
arl220cr_mabari,Mabari,dao,,,,0,uncategorized
arl220cr_murdock_corpse,Corpse of Murdock,dao,,,,0,uncategorized
arl220cr_perth_corpse,Corpse of Perth,dao,,,,0,uncategorized
arl220cr_stealing_knight,Knight,dao,,,,0,uncategorized
arl220cr_tomas_corpse,Corpse of Tomas,dao,,,,0,uncategorized
arl220ip_armory_chest,Chest,dao,,,,0,uncategorized
arl220ip_books_1,Bookshelf,dao,,,,0,uncategorized
arl220ip_chamb_cabinet,Cabinet,dao,,,,0,uncategorized
arl220ip_codex_geog_fereld,Book,dao,,,,0,uncategorized
arl220ip_codex_hst_chantry,Book,dao,,,,0,uncategorized
arl220ip_codex_hst_orlais,Book,dao,,,,0,uncategorized
arl220ip_desk_amulet,Desk,dao,,,,0,uncategorized
arl220ip_dog_chest,Chest,dao,,,,0,uncategorized
arl220ip_door_cellar,Basement - Cellar,dao,,,,0,uncategorized
arl220ip_door_courtyard,Courtyard,dao,,,,0,uncategorized
arl220ip_door_dungeon,Basement - Dungeon,dao,,,,0,uncategorized
arl220ip_door_main_hall,Main Hall,dao,,,,0,uncategorized
arl220ip_door_second_floor,Second Floor,dao,,,,0,uncategorized
arl220ip_door_storage,Door,dao,,,,0,uncategorized
arl220ip_trophy_statue,Statue,dao,,,,0,uncategorized
arl230ar_castle_upstairs,Redcliffe Castle - Upper Floor,dao,,,,0,uncategorized
arl230cr_demon,Desire Demon,dao,,,,0,uncategorized
arl230cr_eamon,Arl Eamon,dao,,,,0,uncategorized
arl230ip_codex_aveline,Book,dao,,,,0,uncategorized
arl230ip_codex_bks_tranq,Book,dao,,,,0,uncategorized
arl230ip_codex_blight_2,Book,dao,,,,0,uncategorized
arl230ip_codex_hst_fereld_1,Pile of Books,dao,,,,0,uncategorized
arl230ip_door_main_floor,Main Floor,dao,,,,0,uncategorized
arl230ip_door_vault,Vault,dao,,,,0,uncategorized
arl230ip_eamon_door,Door,dao,,,,0,uncategorized
arl230ip_eamon_door_2,Door,dao,,,,0,uncategorized
arl230ip_eamon_door_3,Door,dao,,,,0,uncategorized
arl230ip_noble_chest,Chest,dao,,,,0,uncategorized
arl230ip_vault_chest_1,Chest,dao,,,,0,uncategorized
arl230ip_vault_chest_2,Chest,dao,,,,0,uncategorized
arl230ip_vault_rack_1,Weapon Stand,dao,,,,0,uncategorized
arl230ip_vault_rack_2,Weapon Stand,dao,,,,0,uncategorized
arl300ar_fade,The Fade,dao,,,,0,uncategorized
arl300cr_connor_ambient1,Connor,dao,,,,0,uncategorized
arl300cr_connor_ambient2,Connor,dao,,,,0,uncategorized
arl300cr_demon,Demon,dao,,,,0,uncategorized
arl300cr_demon1,Demon,dao,,,,0,uncategorized
arl300cr_demon2,Demon,dao,,,,0,uncategorized
arl300cr_demon3,Demon,dao,,,,0,uncategorized
arl300cr_eamon,Arl Eamon,dao,,,,0,uncategorized
arl300cr_eamon_ambient,Arl Eamon,dao,,,,0,uncategorized
arl300cr_fake_connor,Connor,dao,,,,0,uncategorized
arl300ip_to_platform_1,Portal,dao,,,,0,uncategorized
arl300ip_to_platform_2,Portal,dao,,,,0,uncategorized
arl300ip_to_platform_3,Portal,dao,,,,0,uncategorized
arl300ip_to_platform_4,Portal,dao,,,,0,uncategorized
arl300ip_to_platform_5,Portal,dao,,,,0,uncategorized
ash_wraith,Ash Wraith,dao,,,,0,uncategorized
ash_wraith_a,Ash Wraith,dao,,,,0,uncategorized
bandit_human_archer,Bandit,dao,,,,0,uncategorized
bandit_human_daggers,Bandit,dao,,,,0,uncategorized
bandit_human_heavy,Bandit,dao,,,,0,uncategorized
bandit_human_leader_1,Bandit,dao,,,,0,uncategorized
bdc100ar_commons,Orzammar Commons,dao,,,,0,uncategorized
bdc100cr_ademaro,Ademaro,dao,,,,0,uncategorized
bdc100cr_amb_f_1,Commoner,dao,,,,0,uncategorized
bdc100cr_amb_f_2,Commoner,dao,,,,0,uncategorized
bdc100cr_amb_f_3,Commoner,dao,,,,0,uncategorized
bdc100cr_amb_f_4,Merchant,dao,,,,0,uncategorized
bdc100cr_amb_m_1,Commoner,dao,,,,0,uncategorized
bdc100cr_amb_m_2,Merchant,dao,,,,0,uncategorized
bdc100cr_amb_m_3,Commoner,dao,,,,0,uncategorized
bdc100cr_amb_m_4,Commoner,dao,,,,0,uncategorized
bdc100cr_caravan_merch,Merchant,dao,,,,0,uncategorized
bdc100cr_gateguard,Proving Guard,dao,,,,0,uncategorized
bdc100cr_guard_1,Commons Guard,dao,,,,0,uncategorized
bdc100cr_guard_2,Commons Guard,dao,,,,0,uncategorized
bdc100cr_guard_3,Commons Guard,dao,,,,0,uncategorized
bdc100cr_kasch,Kasch,dao,,,,0,uncategorized
bdc100cr_olinda,Olinda,dao,,,,0,uncategorized
bdc100cr_unna,Unna,dao,,,,0,uncategorized
bdc100ip_commons_door,Metal Door,dao,metal,shield,,0,uncategorized
bdc100ip_to_berahts_shop,Beraht's Shop,dao,,,,0,uncategorized
bdc100ip_to_proving,Proving Grounds,dao,,,,0,uncategorized
bdc100ip_to_slums,Dust Town,dao,,,,0,uncategorized
bdc100ip_to_tapsters_tavern,Tapster's Tavern,dao,,,,0,uncategorized
bdc110ar_berahts_shop,Beraht's Shop,dao,,,,0,uncategorized
bdc110cr_jarvia,Jarvia,dao,,,,0,uncategorized
bdc110cr_shopkeep,Shopkeeper,dao,,,,0,uncategorized
bdc110ip_shelf,Shelf,dao,,,,0,uncategorized
bdc110ip_to_berahts_hideout,Beraht's Hideout,dao,,,,0,uncategorized
bdc110ip_to_commons,Commons,dao,,,,0,uncategorized
bdc120ar_berahts_hideout,Beraht's Hideout,dao,,,,0,uncategorized
bdc120cr_beraht_thug_1,Thug,dao,,,,0,uncategorized
bdc120cr_beraht_thug_2,Thug,dao,,,,0,uncategorized
bdc120cr_guard,Guard,dao,,,,0,uncategorized
bdc120cr_thug,Thug,dao,,,,0,uncategorized
bdc120cr_thug1,Thug,dao,,,,0,uncategorized
bdc120cr_thug2,Thug,dao,,,,0,uncategorized
bdc120cr_thug3,Thug,dao,,,,0,uncategorized
bdc120ip_beraht_door,Door,dao,,,,0,uncategorized
bdc120ip_cell_door,Cell Door,dao,,,,0,uncategorized
bdc120ip_cell_door_leske,Cell Door,dao,,,,0,uncategorized
bdc120ip_crate_healing,Crate,dao,,,,0,uncategorized
bdc120ip_locked_exit,Door,dao,,,,0,uncategorized
bdc120ip_player_equip_chest,Confiscated Belongings,dao,,,,0,uncategorized
bdc120ip_prison_exit,Door,dao,,,,0,uncategorized
bdc120ip_rubble,Rubble,dao,,,,0,uncategorized
bdc120ip_to_berahts_shop,Beraht's Shop,dao,,,,0,uncategorized
bdc120ip_weapon_chest,Chest,dao,,,,0,uncategorized
bdc130ar_tapsters_tavern,Tapster's Tavern,dao,,,,0,uncategorized
bdc130cr_amb_f_1,Tapster's Patron,dao,,,,0,uncategorized
bdc130cr_amb_f_2,Tapster's Patron,dao,,,,0,uncategorized
bdc130cr_amb_m_1,Patron,dao,,,,0,uncategorized
bdc130cr_amb_m_2,Patron,dao,,,,0,uncategorized
bdc130cr_amb_m_3,Patron,dao,,,,0,uncategorized
bdc130cr_amb_m_4,Patron,dao,,,,0,uncategorized
bdc130cr_amb_m_5,Patron,dao,,,,0,uncategorized
bdc130cr_bartender,Bartender,dao,,,,0,uncategorized
bdc130cr_oskias,Oskias,dao,,,,0,uncategorized
bdc130ip_to_commons,Commons,dao,,,,0,uncategorized
bdc140ar_proving,Orzammar Proving Grounds,dao,,,,0,uncategorized
bdc140cr_adalbo,Adalbo,dao,,,,0,uncategorized
bdc140cr_amb_f_1,Spectator,dao,,,,0,uncategorized
bdc140cr_amb_f_2,Spectator,dao,,,,0,uncategorized
bdc140cr_amb_f_3,Spectator,dao,,,,0,uncategorized
bdc140cr_amb_m_1,Spectator,dao,,,,0,uncategorized
bdc140cr_amb_m_2,Spectator,dao,,,,0,uncategorized
bdc140cr_amb_m_3,Spectator,dao,,,,0,uncategorized
bdc140cr_duncan,Duncan,dao,,,,0,uncategorized
bdc140cr_everd,Everd,dao,,,,0,uncategorized
bdc140cr_fightfan,Proving Fan,dao,,,,0,uncategorized
bdc140cr_lenka,Lenka,dao,,,,0,uncategorized
bdc140cr_mainar,Mainar,dao,,,,0,uncategorized
bdc140cr_proving_guard,Proving Guard,dao,,,,0,uncategorized
bdc140cr_proving_master,Proving Master,dao,,,,0,uncategorized
bdc140ip_basin,Mainar's Water Basin,dao,,,,0,uncategorized
bdc140ip_cod_religion,Carving,dao,,,,0,uncategorized
bdc140ip_mainar_door,Door,dao,,,,0,uncategorized
bdc140ip_to_commons,Orzammar Commons,dao,,,,0,uncategorized
bdc140ip_to_fighters,Fighter's Quarters,dao,,,,0,uncategorized
bdc140ip_to_lobby,Proving Lobby,dao,,,,0,uncategorized
bdc200ar_slums,Dust Town,dao,,,,0,uncategorized
bdc200cr_amb_f_1,Beggar,dao,,,,0,uncategorized
bdc200cr_amb_f_2,Beggar,dao,,,,0,uncategorized
bdc200cr_amb_f_3,Beggar,dao,,,,0,uncategorized
bdc200cr_amb_f_4,Beggar,dao,,,,0,uncategorized
bdc200cr_amb_m_1,Beggar,dao,,,,0,uncategorized
bdc200cr_amb_m_2,Beggar,dao,,,,0,uncategorized
bdc200cr_amb_m_3,Beggar,dao,,,,0,uncategorized
bdc200cr_amb_m_4,Beggar,dao,,,,0,uncategorized
bdc200cr_goilinar,Goilinar,dao,,,,0,uncategorized
bdc200cr_leske,Leske,dao,,,,0,uncategorized
bdc200cr_slum_guard,Guard,dao,,,,0,uncategorized
bdc200ip_to_commons,Commons,dao,,,,0,uncategorized
bdc200ip_to_players_home,Home,dao,,,,0,uncategorized
bdc210ar_players_home,Home,dao,,,,0,uncategorized
bdc210cr_beraht,Beraht,dao,,,,0,uncategorized
bdc210cr_mother,Kalah,dao,,,,0,uncategorized
bdc210cr_rica,Rica,dao,,,,0,uncategorized
bdc210ip_player_chest,Chest,dao,,,,0,uncategorized
bdc210ip_to_slums,Dust Town,dao,,,,0,uncategorized
bdn100ar_nobles_quarter,Diamond Quarter,dao,,,,0,uncategorized
bdn100cr_amb_f_1,Dwarven Noble,dao,,,,0,uncategorized
bdn100cr_amb_f_2,Dwarven Noble,dao,,,,0,uncategorized
bdn100cr_amb_f_3,Dwarven Noble,dao,,,,0,uncategorized
bdn100cr_amb_m_1,Dwarven Noble,dao,,,,0,uncategorized
bdn100cr_amb_m_2,Dwarven Noble,dao,,,,0,uncategorized
bdn100cr_amb_m_3,Dwarven Noble,dao,,,,0,uncategorized
bdn100cr_bhelen,Prince Bhelen Aeducan,dao,,,,0,uncategorized
bdn100cr_chatting_female,Noble Woman,dao,,,,0,uncategorized
bdn100cr_chatting_male,Noble Man,dao,,,,0,uncategorized
bdn100cr_guard,Orzammar Guard,dao,,,,0,uncategorized
bdn100cr_magic_merchant,Magic Merchant,dao,,,,0,uncategorized
bdn100cr_mardy,Mardy,dao,,,,0,uncategorized
bdn100cr_merchant1,Merchant,dao,,,,0,uncategorized
bdn100cr_merchant2,Merchant,dao,,,,0,uncategorized
bdn100cr_merchant3,Merchant,dao,,,,0,uncategorized
bdn100cr_merchant4,Merchant,dao,,,,0,uncategorized
bdn100cr_merchant5,Merchant,dao,,,,0,uncategorized
bdn100cr_merchant6,Merchant,dao,,,,0,uncategorized
bdn100cr_provingguard,Royal Escort,dao,,,,0,uncategorized
bdn100cr_scholar,Scholar Gertek,dao,,,,0,uncategorized
bdn100cr_servant,Servant,dao,,,,0,uncategorized
bdn100cr_silk_merchant,Silk Merchant,dao,,,,0,uncategorized
bdn100cr_teli,Teli,dao,,,,0,uncategorized
bdn100cr_trian,Prince Trian Aeducan,dao,,,,0,uncategorized
bdn100cr_vollney,Bruntin Vollney,dao,,,,0,uncategorized
bdn100cr_weapon_merchant,Weapon Merchant,dao,,,,0,uncategorized
bdn100ip_static_anvil,Anvil,dao,,,,0,uncategorized
bdn100ip_static_furs,Fur Pile,dao,,,,0,uncategorized
bdn100ip_static_goblet,Goblet,dao,,,,0,uncategorized
bdn100ip_static_jar1,Jar,dao,,,,0,uncategorized
bdn100ip_static_jar2,Jar,dao,,,,0,uncategorized
bdn100ip_static_jar3,Jar,dao,,,,0,uncategorized
bdn100ip_static_mug_pewter,Mug,dao,,,,0,uncategorized
bdn100ip_static_scrolls,Scrolls,dao,,,,0,uncategorized
bdn100ip_static_winebarrel,Wine Barrel,dao,,,,0,uncategorized
bdn100ip_to_royal_palace,Royal Palace,dao,,,,0,uncategorized
bdn100ip_to_royal_palace2,Royal Palace (Estate Entrance),dao,,,,0,uncategorized
bdn110ar_proving,Orzammar Proving Grounds,dao,,,,0,uncategorized
bdn110cr_aller_bemot,Aller Bemot,dao,,,,0,uncategorized
bdn110cr_blackstone,Ser Blackstone,dao,,,,0,uncategorized
bdn110cr_fight_fan,Fight Fan,dao,,,,0,uncategorized
bdn110cr_frandlin_ivo,Frandlin Ivo,dao,,,,0,uncategorized
bdn110cr_lesser_noble,Lesser Noble,dao,,,,0,uncategorized
bdn110cr_mandar_dace,Mandar Dace,dao,,,,0,uncategorized
bdn110cr_proving_master,Proving Master,dao,,,,0,uncategorized
bdn110cr_proving_trainer,Proving Trainer,dao,,,,0,uncategorized
bdn120ar_royal_palace,Orzammar Royal Palace,dao,,,,0,uncategorized
bdn120cr_amb_f_1,Noble,dao,,,,0,uncategorized
bdn120cr_amb_f_2,Noble,dao,,,,0,uncategorized
bdn120cr_amb_f_3,Noble,dao,,,,0,uncategorized
bdn120cr_amb_m_1,Noble,dao,,,,0,uncategorized
bdn120cr_amb_m_2,Noble,dao,,,,0,uncategorized
bdn120cr_amb_m_3,Noble,dao,,,,0,uncategorized
bdn120cr_bemot,Lord Bemot,dao,,,,0,uncategorized
bdn120cr_cook,Cook,dao,,,,0,uncategorized
bdn120cr_duncan,Duncan,dao,,,,0,uncategorized
bdn120cr_gorim,Gorim,dao,,,,0,uncategorized
bdn120cr_grey_warden_1,Grey Warden,dao,,,,0,uncategorized
bdn120cr_grey_warden_2,Grey Warden,dao,,,,0,uncategorized
bdn120cr_grey_warden_3,Grey Warden,dao,,,,0,uncategorized
bdn120cr_guard,Royal Guard,dao,,,,0,uncategorized
bdn120cr_guard_patroller,Royal Guard,dao,,,,0,uncategorized
bdn120cr_kingendrin,King Endrin Aeducan,dao,,,,0,uncategorized
bdn120cr_meino,Lord Meino,dao,,,,0,uncategorized
bdn120cr_rica,Mistress,dao,,,,0,uncategorized
bdn120cr_ronus_dace,Lord Ronus Dace,dao,,,,0,uncategorized
bdn120cr_servant_f_1,Servant,dao,,,,0,uncategorized
bdn120cr_servant_f_2,Servant,dao,,,,0,uncategorized
bdn120cr_servant_f_3,Servant,dao,,,,0,uncategorized
bdn120cr_servant_m_1,Servant,dao,,,,0,uncategorized
bdn120cr_servant_m_2,Servant,dao,,,,0,uncategorized
bdn120cr_servant_m_3,Servant,dao,,,,0,uncategorized
bdn120ip_bhelen_armoire,Armoire,dao,,,,0,uncategorized
bdn120ip_bust_1,Bust of King Endrin,dao,,,,0,uncategorized
bdn120ip_carving_1,Wall Carving,dao,,,,0,uncategorized
bdn120ip_carving_2,Wall Carving,dao,,,,0,uncategorized
bdn120ip_cod_hist_1,Book,dao,,,,0,uncategorized
bdn120ip_cod_hist_2,Book,dao,,,,0,uncategorized
bdn120ip_crystal_1,Crystal,dao,,,,0,uncategorized
bdn120ip_door_bhelen,Bhelen's Room,dao,,,,0,uncategorized
bdn120ip_door_king,Father's Room,dao,,,,0,uncategorized
bdn120ip_door_pc,Your Room,dao,,,,0,uncategorized
bdn120ip_door_throne_room,Throne Room,dao,,,,0,uncategorized
bdn120ip_door_trian,Trian's Room,dao,,,,0,uncategorized
bdn120ip_painting_1,Painting,dao,,,,0,uncategorized
bdn120ip_painting_2,Painting,dao,,,,0,uncategorized
bdn120ip_pc_armoire,Armoire,dao,,,,0,uncategorized
bdn120ip_pc_chest,Chest,dao,,,,0,uncategorized
bdn120ip_pc_vanity,Vanity,dao,,,,0,uncategorized
bdn120ip_pc_weapon_rack,Weapon Rack,dao,,,,0,uncategorized
bdn120ip_pileofbooks,Pile of Books,dao,,,,0,uncategorized
bdn120ip_ricaletter,Letter,dao,,,,0,uncategorized
bdn120ip_side_door,Door,dao,,,,0,uncategorized
bdn120ip_to_nobles_quarter,Diamond Quarter,dao,,,,0,uncategorized
bdn120ip_trianjournal,Trian's Journal,dao,,,,0,uncategorized
bdn200ar_campfire,Campfire,dao,,,,0,uncategorized
bdn200ar_ruined_taig,Ruined Thaig,dao,,,,0,uncategorized
bdn200cr_dead_genlock,Dead Genlock,dao,,,,0,uncategorized
bdn200cr_frandlin_scout,Frandlin Ivo,dao,,,,0,uncategorized
bdn200cr_guard_meino,Deep Roads Lieutenant,dao,,,,0,uncategorized
bdn200cr_merc_ballista,Mercenary,dao,,,,0,uncategorized
bdn200cr_merc_captain,Mercenary Captain,dao,,,,0,uncategorized
bdn200cr_merc_melee_1,Mercenary,dao,,,,0,uncategorized
bdn200cr_merc_melee_2,Mercenary,dao,,,,0,uncategorized
bdn200cr_merc_ranged_1,Mercenary,dao,,,,0,uncategorized
bdn200cr_scout,Scout,dao,,,,0,uncategorized
bdn200cr_trian_guard_1,Royal Guard,dao,,,,0,uncategorized
bdn200cr_trian_guard_2,Royal Guard,dao,,,,0,uncategorized
bdn200ip_ballista,Battered Ballista,dao,,,,0,uncategorized
bdn200ip_rock_door,Cracked Cave Wall,dao,,,,0,uncategorized
bdn200ip_to_thaig_chamber,Thaig Chamber,dao,,,,0,uncategorized
bdn210ar_thaig_chamber,Thaig Chamber,dao,,,,0,uncategorized
bdn210ip_bbolt_chest,Chest,dao,,,,0,uncategorized
bdn210ip_floor_pad_1,Floor Tile,dao,,,,0,uncategorized
bdn210ip_floor_pad_2,Floor Tile,dao,,,,0,uncategorized
bdn210ip_floor_pad_3,Floor Tile,dao,,,,0,uncategorized
bdn210ip_floor_pad_fake,Floor Tile,dao,,,,0,uncategorized
bdn210ip_floor_trap_door,Sarcophagus,dao,,,,0,uncategorized
bdn210ip_to_ruined_thaig,Ruined Thaig,dao,,,,0,uncategorized
bdn300ar_orzammar_prison,Orzammar Prison,dao,,,,0,uncategorized
bdn300cr_prison_guard,Guard,dao,,,,0,uncategorized
bdn300ip_prison_door,Cell Door,dao,,,,0,uncategorized
bdn400ar_deep_road_outskirt,Deep Roads Outskirts,dao,,,,0,uncategorized
bdn400cr_dead_dwarf,Dead Dwarf,dao,,,,0,uncategorized
bdn400cr_dead_dwarf_2,Dead Dwarf,dao,,,,0,uncategorized
bdn400cr_dead_dwarf_3,Dead Dwarf,dao,,,,0,uncategorized
bdn400cr_outskirts_guard,Guard,dao,,,,0,uncategorized
bdn400cr_prison_guard,Guard,dao,,,,0,uncategorized
bdn400ip_chest1,Chest,dao,,,,0,uncategorized
bdn400ip_corpse1,Corpse,dao,,,,0,uncategorized
bdn400ip_outskirts_door,Deep Road Outskirts,dao,,,,0,uncategorized
bdnip_door_breakable,Door,dao,,,,0,uncategorized
bdnip_door_dbl_unselect,Door,dao,,,,0,uncategorized
bdnip_door_unbreakable,Door,dao,,,,0,uncategorized
bdnip_door_unselectable,Door,dao,,,,0,uncategorized
bear_beareskan_a,Bereskarn,dao,,,,0,uncategorized
bear_black,Black Bear,dao,,,,0,uncategorized
bear_great,Great Bear,dao,,,,0,uncategorized
bec000ip_captainlocker,Iron Footlocker,dao,,,,0,uncategorized
bec000ip_footlocker,Footlocker,dao,,,,0,uncategorized
bec000ip_trophyroomchest,Ornate Chest,dao,,,,0,uncategorized
bec000ip_wall,Wall,dao,,,,0,uncategorized
bec100ar_elven_alienage,Elven Alienage,dao,,,,0,uncategorized
bec100cr_alarith,Alarith,dao,,,,0,uncategorized
bec100cr_ambient_f_1,Elf Woman,dao,,,,0,uncategorized
bec100cr_ambient_f_2,Elf Woman,dao,,,,0,uncategorized
bec100cr_ambient_f_3,Elf Woman,dao,,,,0,uncategorized
bec100cr_ambient_m_1,Elf Man,dao,,,,0,uncategorized
bec100cr_ambient_m_2,Elf Man,dao,,,,0,uncategorized
bec100cr_ambient_m_3,Elf Man,dao,,,,0,uncategorized
bec100cr_beggar,Beggar,dao,,,,0,uncategorized
bec100cr_city_guard,Guard,dao,,,,0,uncategorized
bec100cr_dilwyn,Dilwyn,dao,,,,0,uncategorized
bec100cr_duncan,Duncan,dao,,,,0,uncategorized
bec100cr_elf_boy,Elf Boy,dao,,,,0,uncategorized
bec100cr_elf_bridesmaid1,Elf Bridesmaid,dao,,,,0,uncategorized
bec100cr_elf_bridesmaid2,Elf Bridesmaid,dao,,,,0,uncategorized
bec100cr_elf_child,Elf Child,dao,,,,0,uncategorized
bec100cr_elf_commoner_f,Elf Woman,dao,,,,0,uncategorized
bec100cr_elf_drunken1,Drunken Elf,dao,,,,0,uncategorized
bec100cr_elf_drunken2,Drunken Elf,dao,,,,0,uncategorized
bec100cr_elf_drunken3,Drunken Elf,dao,,,,0,uncategorized
bec100cr_elf_girl,Elf Girl,dao,,,,0,uncategorized
bec100cr_elf_laborer,Elf Laborer,dao,,,,0,uncategorized
bec100cr_elf_servant,Elf Servant,dao,,,,0,uncategorized
bec100cr_elva,Elva,dao,,,,0,uncategorized
bec100cr_gethon,Gethon,dao,,,,0,uncategorized
bec100cr_guard_captain,Captain of the Guard,dao,,,,0,uncategorized
bec100cr_henchlord1,Lord Jonaley,dao,,,,0,uncategorized
bec100cr_henchlord2,Lord Braden,dao,,,,0,uncategorized
bec100cr_homeless_daughter,Nessa,dao,,,,0,uncategorized
bec100cr_homeless_elf_man,Nessa's Father,dao,,,,0,uncategorized
bec100cr_homeless_elf_woman,Nessa's Mother,dao,,,,0,uncategorized
bec100cr_mother_boann,Mother Boann,dao,,,,0,uncategorized
bec100cr_nelaros,Nelaros,dao,,,,0,uncategorized
bec100cr_nesiara,Nesiara,dao,,,,0,uncategorized
bec100cr_soldier,Soldier,dao,,,,0,uncategorized
bec100cr_soris,Soris,dao,,,,0,uncategorized
bec100cr_taeodor,Taeodor,dao,,,,0,uncategorized
bec100cr_valendrian,Valendrian,dao,,,,0,uncategorized
bec100cr_valora,Valora,dao,,,,0,uncategorized
bec100cr_vaughan,Vaughan,dao,,,,0,uncategorized
bec100cr_vaughn_guard1,Palace Guard,dao,,,,0,uncategorized
bec100cr_vaughn_guard2,Palace Guard,dao,,,,0,uncategorized
bec100cr_vaughn_guard3,Palace Guard,dao,,,,0,uncategorized
bec100cr_vaughn_guard4,Palace Guard,dao,,,,0,uncategorized
bec100cr_vaughn_guard5,Palace Guard,dao,,,,0,uncategorized
bec100cr_vaughn_guard6,Palace Guard,dao,,,,0,uncategorized
bec100cr_vaughn_guard7,Palace Guard,dao,,,,0,uncategorized
bec100cr_vaughn_guard8,Palace Guard,dao,,,,0,uncategorized
bec100ip_alienage_tree,Alienage Tree,dao,,,,0,uncategorized
bec100ip_dummydoor,Door,dao,,,,0,uncategorized
bec100ip_homeless_cart,Cart,dao,,,,0,uncategorized
bec100ip_to_alariths_store,Alarith's Store,dao,,,,0,uncategorized
bec100ip_to_estate_ext,Arl of Denerim's Estate,dao,,,,0,uncategorized
bec100ip_to_players_house,Home,dao,,,,0,uncategorized
bec110ar_players_house,Home,dao,,,,0,uncategorized
bec110cr_father,Cyrion,dao,,,,0,uncategorized
bec110cr_shianni,Shianni,dao,,,,0,uncategorized
bec110ip_pc_possessions,Footlocker,dao,,,,0,uncategorized
bec110ip_to_alienage,Alienage,dao,,,,0,uncategorized
bec120ar_alariths_store,Alarith's Store,dao,,,,0,uncategorized
bec120ip_cod_culture,Books,dao,,,,0,uncategorized
bec120ip_to_alienage,Alienage,dao,,,,0,uncategorized
bec200ar_estate_ext,Arl of Denerim's Estate,dao,,,,0,uncategorized
bec200cr_guard,Guard,dao,,,,0,uncategorized
bec200ip_door_fer_dbl,Door,dao,,,,0,uncategorized
bec200ip_to_estate_int,Arl's Palace,dao,,,,0,uncategorized
bec210ar_estate_int,Arl of Denerim's Estate,dao,,,,0,uncategorized
bec210cr_arls_bodyguard,Bodyguard,dao,,,,0,uncategorized
bec210cr_barracks_guard1,Off-Duty Guard,dao,,,,0,uncategorized
bec210cr_barracks_guard2,Off-Duty Guard,dao,,,,0,uncategorized
bec210cr_barracks_guard3,Off-Duty Guard,dao,,,,0,uncategorized
bec210cr_captured_woman,Elf Woman,dao,,,,0,uncategorized
bec210cr_cook,Cook,dao,,,,0,uncategorized
bec210cr_cooks_assistant,Adwen,dao,,,,0,uncategorized
bec210cr_dog_trainer1,Dog Trainer,dao,,,,0,uncategorized
bec210cr_dog_trainer2,Dog Trainer,dao,,,,0,uncategorized
bec210cr_elf_servantf,Elf Servant,dao,,,,0,uncategorized
bec210cr_elf_servantm,Elf Servant,dao,,,,0,uncategorized
bec210cr_gambling_guard1,Off-Duty Guard,dao,,,,0,uncategorized
bec210cr_gambling_guard2,Off-Duty Guard,dao,,,,0,uncategorized
bec210cr_gambling_guard3,Off-Duty Guard,dao,,,,0,uncategorized
bec210cr_gate_guard1,Guard,dao,,,,0,uncategorized
bec210cr_gate_guard2,Guard,dao,,,,0,uncategorized
bec210cr_guard_archer,Guard,dao,,,,0,uncategorized
bec210cr_mabari1,Mabari,dao,,,,0,uncategorized
bec210cr_mabari2,Mabari,dao,,,,0,uncategorized
bec210cr_palace_captain,Guard Captain,dao,,,,0,uncategorized
bec210cr_palace_guard1,Guard,dao,,,,0,uncategorized
bec210cr_palace_guard2,Guard,dao,,,,0,uncategorized
bec210cr_palace_guard3,Guard,dao,,,,0,uncategorized
bec210cr_palace_guard4,Guard,dao,,,,0,uncategorized
bec210cr_patrol_barracks,Guard,dao,,,,0,uncategorized
bec210cr_patroling_guard,Guard,dao,,,,0,uncategorized
bec210cr_sleeping_guard,Guard,dao,,,,0,uncategorized
bec210ip_archery_target,Archery Target,dao,,,,0,uncategorized
bec210ip_arl_bedroom_door,Door,dao,,,,0,uncategorized
bec210ip_brandy_chest,Wine Rack,dao,,,,0,uncategorized
bec210ip_cage_dog,Kennel,dao,,,,0,uncategorized
bec210ip_cleaning_barrel,Barrel,dao,,,,0,uncategorized
bec210ip_cod_hist_1,Books,dao,,,,0,uncategorized
bec210ip_cod_hist_2,Book,dao,,,,0,uncategorized
bec210ip_dining_room,Door,dao,,,,0,uncategorized
bec210ip_door_fer_dbl,Door,dao,,,,0,uncategorized
bec210ip_female_pc_door,Door,dao,,,,0,uncategorized
bec210ip_footlocker_medium,Footlocker,dao,,,,0,uncategorized
bec210ip_jar,Jar,dao,,,,0,uncategorized
bec210ip_jar2,Jar,dao,,,,0,uncategorized
bec210ip_jar3,Jar,dao,,,,0,uncategorized
bec210ip_liquor_cabinet,Liquor Cabinet,dao,,,,0,uncategorized
bec210ip_locked_door,Metal Door,dao,metal,shield,,0,uncategorized
bec210ip_noninteractivedoor,Metal Door,dao,metal,shield,,0,uncategorized
bec210ip_storage_cabinet,Storage Cabinet,dao,,,,0,uncategorized
bec210ip_to_estate_ext,Arl's Estate Exterior,dao,,,,0,uncategorized
bec210ip_unopenable_door,Metal Door,dao,metal,shield,,0,uncategorized
bec210ip_weapon_chest,Weapon Rack,dao,,,,0,uncategorized
bec210ip_weapon_chest_melee,Weapon Rack,dao,,,,0,uncategorized
bed100cr_duncan,Duncan,dao,,,,0,uncategorized
bed100cr_hunter1,Human,dao,,,,0,uncategorized
bed100cr_hunter2,Human,dao,,,,0,uncategorized
bed100cr_hunter3,Human Leader,dao,,,,0,uncategorized
bed100cr_tamlen,Tamlen,dao,,,,0,uncategorized
bed100ip_campfire,Campfire,dao,,,,0,uncategorized
bed100ip_chest,Chest,dao,,,,0,uncategorized
bed100ip_flower_wild,Wild Flower,dao,,,,0,uncategorized
bed100ip_rubble,Rubble,dao,,,,0,uncategorized
bed100ip_stump,Tree Stump,dao,,,,0,uncategorized
bed100ip_to_ruins,Cave Entrance,dao,,,,0,uncategorized
bed110ar_elven_ruins,Elven Ruins,dao,,,,0,uncategorized
bed110cr_bereskarn,Bereskarn,dao,,,,0,uncategorized
bed110cr_dead_skel1,Skeleton Archer,dao,,,,0,uncategorized
bed110cr_dead_skel2,Skeleton Archer,dao,,,,0,uncategorized
bed110cr_dead_skel3,Skeleton,dao,,,,0,uncategorized
bed110cr_skeleton,Skeleton,dao,,,,0,uncategorized
bed110cr_skeleton2,Skeleton,dao,,,,0,uncategorized
bed110cr_weak_spider,Giant Spider,dao,,,,0,uncategorized
bed110ip_bones_pile_1,Pile of Bones,dao,,,,0,uncategorized
bed110ip_bones_pile_2,Pile of Bones,dao,,,,0,uncategorized
bed110ip_bones_pile_3,Pile of Bones,dao,,,,0,uncategorized
bed110ip_cocoon,Cocoon,dao,,,,0,uncategorized
bed110ip_cocoon2,Cocoon,dao,,,,0,uncategorized
bed110ip_door_south,Door,dao,,,,0,uncategorized
bed110ip_lite_bust,Strange Statue,dao,,,,0,uncategorized
bed110ip_locked_door,Door,dao,,,,0,uncategorized
bed110ip_mirror,Mirror,dao,,,,0,uncategorized
bed110ip_mirror2,Mirror,dao,,,,0,uncategorized
bed110ip_mirror_door,Metal Door,dao,metal,shield,,0,uncategorized
bed110ip_pressure_plate,Uneven Stone,dao,,,,0,uncategorized
bed110ip_sarcophagus,Sarcophagus,dao,,,,0,uncategorized
bed110ip_statue,Statue,dao,,,,0,uncategorized
bed200ar_dalish_camp,Dalish Camp,dao,,,,0,uncategorized
bed200cr_ashalle,Ashalle,dao,,,,0,uncategorized
bed200cr_child,Child,dao,,,,0,uncategorized
bed200cr_child2,Child,dao,,,,0,uncategorized
bed200cr_child3,Child,dao,,,,0,uncategorized
bed200cr_child4,Child,dao,,,,0,uncategorized
bed200cr_female,Elf Woman,dao,,,,0,uncategorized
bed200cr_female2,Elf Woman,dao,,,,0,uncategorized
bed200cr_female3,Elf Woman,dao,,,,0,uncategorized
bed200cr_female4,Elf Woman,dao,,,,0,uncategorized
bed200cr_fenarel,Fenarel,dao,,,,0,uncategorized
bed200cr_halla,Halla,dao,,,,0,uncategorized
bed200cr_hunter_f,Hunter,dao,,,,0,uncategorized
bed200cr_hunter_f2,Hunter,dao,,,,0,uncategorized
bed200cr_hunter_f3,Hunter,dao,,,,0,uncategorized
bed200cr_hunter_f4,Hunter,dao,,,,0,uncategorized
bed200cr_hunter_m,Hunter,dao,,,,0,uncategorized
bed200cr_hunter_m2,Hunter,dao,,,,0,uncategorized
bed200cr_hunter_m3,Hunter,dao,,,,0,uncategorized
bed200cr_hunter_m4,Hunter,dao,,,,0,uncategorized
bed200cr_ilen,Ilen,dao,,,,0,uncategorized
bed200cr_junar,Junar,dao,,,,0,uncategorized
bed200cr_keeper,Keeper Marethari,dao,,,,0,uncategorized
bed200cr_maren,Maren,dao,,,,0,uncategorized
bed200cr_merrill,Merrill,dao,,,,0,uncategorized
bed200cr_paivel,Paivel,dao,,,,0,uncategorized
bed200cr_pol,Pol,dao,,,,0,uncategorized
bed200ip_bench_log,Bench,dao,,,,0,uncategorized
bed200ip_chest_heirloom,Chest,dao,,,,0,uncategorized
bed200ip_chest_smith_tools,Chest,dao,,,,0,uncategorized
bed200ip_chest_wood_large,Chest,dao,,,,0,uncategorized
bed200ip_cod_dalish_1,Scroll,dao,,,,0,uncategorized
bed200ip_crate_wood_large,Large Wooden Crate,dao,wood,shield,,0,uncategorized
bed200ip_crate_wood_small,Small Wooden Crate,dao,wood,shield,,0,uncategorized
bed200ip_sack_large,Sack,dao,,,,0,uncategorized
bed200ip_sack_pile,Pile of Sacks,dao,,,,0,uncategorized
bed200ip_scroll,Small Scroll,dao,,,,0,uncategorized
bed200ip_scroll2,Dusty Scroll,dao,,,,0,uncategorized
bed200ip_statue1,Fen'Harel,dao,,,,0,uncategorized
bed200ip_statue2,Ghilan'nain,dao,,,,0,uncategorized
bed200ip_statuehead1,Eldest of the Sun,dao,,,,0,uncategorized
bed200ip_statuehead2,God of the Craft,dao,,,,0,uncategorized
bereskarn,Bereskarn,dao,,,,0,uncategorized
bhc100cr_guard_caravan,Commons Guard,dao,,,,0,uncategorized
bhhm600ip_healing_kits,Vase of Healing,dao,,,,0,uncategorized
bhm000_unopenabl_door,Metal Door,dao,metal,shield,,0,uncategorized
bhm000cr_f_e_apprentice,Apprentice Mage,dao,,,,0,uncategorized
bhm000cr_f_h_apprentice,Apprentice Mage,dao,,,,0,uncategorized
bhm000cr_f_h_apprentice2,Apprentice Mage,dao,,,,0,uncategorized
bhm000cr_f_h_apprentice3,Apprentice Mage,dao,,,,0,uncategorized
bhm000cr_f_h_mage,Mage,dao,,,,0,uncategorized
bhm000cr_f_h_mage_2,Mage,dao,,,,0,uncategorized
bhm000cr_m_e_apprentice,Apprentice Mage,dao,,,,0,uncategorized
bhm000cr_m_e_mage,Mage,dao,,,,0,uncategorized
bhm000cr_m_h_apprentice,Apprentice Mage,dao,,,,0,uncategorized
bhm000cr_m_h_apprentice2,Apprentice Mage,dao,,,,0,uncategorized
bhm000cr_m_h_apprentice3,Apprentice Mage,dao,,,,0,uncategorized
bhm000cr_m_h_mage,Mage,dao,,,,0,uncategorized
bhm000cr_templar,Templar,dao,,,,0,uncategorized
bhm000ip_locked_door,Metal Door,dao,metal,shield,,0,uncategorized
bhm000ip_vanity,Vanity,dao,,,,0,uncategorized
bhm100ar_tower_level_1,Apprentice Quarters,dao,,,,0,uncategorized
bhm100cr_classroom1_student,Apprentice,dao,,,,0,uncategorized
bhm100cr_classroom2_stud_f1,Apprentice,dao,,,,0,uncategorized
bhm100cr_classroom2_stud_m1,Apprentice,dao,,,,0,uncategorized
bhm100cr_classroom2_stud_m2,Apprentice,dao,,,,0,uncategorized
bhm100cr_classroom3_stuent,Apprentice,dao,,,,0,uncategorized
bhm100cr_door_templar_1,Templar Bran,dao,,,,0,uncategorized
bhm100cr_door_templar_2,Templar,dao,,,,0,uncategorized
bhm100cr_elf,Eadric,dao,,,,0,uncategorized
bhm100cr_jowan,Jowan,dao,,,,0,uncategorized
bhm100cr_jowan_room_chat_1,Apprentice Mage,dao,,,,0,uncategorized
bhm100cr_jowan_room_chat_2,Apprentice Mage,dao,,,,0,uncategorized
bhm100cr_mentor1,Enchanter,dao,,,,0,uncategorized
bhm100cr_mentor2,Enchanter,dao,,,,0,uncategorized
bhm100cr_mentor3,Enchanter,dao,,,,0,uncategorized
bhm100cr_player_room_chat_1,Apprentice Mage,dao,,,,0,uncategorized
bhm100cr_player_room_chat_2,Apprentice Mage,dao,,,,0,uncategorized
bhm100cr_sweeney,Senior Enchanter Sweeney,dao,,,,0,uncategorized
bhm100ip_cod_mana,Book,dao,,,,0,uncategorized
bhm100ip_to_basement,Basement,dao,,,,0,uncategorized
bhm100ip_to_level_2,Second Floor,dao,,,,0,uncategorized
bhm100ip_tower_entrance,Tower Entrance,dao,,,,0,uncategorized
bhm200ar_tower_level_2,Senior Mage Quarters,dao,,,,0,uncategorized
bhm200cr_f_e_tranquil,Tranquil,dao,,,,0,uncategorized
bhm200cr_f_h_tranquil,Tranquil,dao,,,,0,uncategorized
bhm200cr_grey_warden_mage,Mage,dao,,,,0,uncategorized
bhm200cr_keili,Keili,dao,,,,0,uncategorized
bhm200cr_lab_mage_1,Mage,dao,,,,0,uncategorized
bhm200cr_lab_mage_2,Mage,dao,,,,0,uncategorized
bhm200cr_leorah,Senior Enchanter Leorah,dao,,,,0,uncategorized
bhm200cr_lily,Lily,dao,,,,0,uncategorized
bhm200cr_m_e_tranquil,Tranquil,dao,,,,0,uncategorized
bhm200cr_m_h_tranquil,Tranquil,dao,,,,0,uncategorized
bhm200cr_niall,Niall,dao,,,,0,uncategorized
bhm200cr_owain,Owain,dao,,,,0,uncategorized
bhm200cr_room_mage,Mage,dao,,,,0,uncategorized
bhm200cr_senior_torrin,Senior Enchanter Torrin,dao,,,,0,uncategorized
bhm200cr_templar,Templar,dao,,,,0,uncategorized
bhm200ip_bc_andraste,Bookcase,dao,,,,0,uncategorized
bhm200ip_bc_annulment,Book,dao,,,,0,uncategorized
bhm200ip_bc_chant_blight,Bookcase,dao,,,,0,uncategorized
bhm200ip_bc_chant_maker,Bookcase,dao,,,,0,uncategorized
bhm200ip_bc_chant_redemp,Bookcase,dao,,,,0,uncategorized
bhm200ip_bc_chantry_founded,Bookcase,dao,,,,0,uncategorized
bhm200ip_bc_circle_history,Bookcase,dao,,,,0,uncategorized
bhm200ip_bc_city_elf_cultur,Bookcase,dao,,,,0,uncategorized
bhm200ip_bc_city_elf_hist,Bookcase,dao,,,,0,uncategorized
bhm200ip_bc_fereldon_cultur,Bookcase,dao,,,,0,uncategorized
bhm200ip_bc_fereldon_hist,Bookcase,dao,,,,0,uncategorized
bhm200ip_bc_fereldon_hist2,Bookcase,dao,,,,0,uncategorized
bhm200ip_bc_magic_rules,Book,dao,,,,0,uncategorized
bhm200ip_bc_maleficar,Books,dao,,,,0,uncategorized
bhm200ip_bc_missing_blood,Bookcase,dao,,,,0,uncategorized
bhm200ip_bc_orz_culture,Bookcase,dao,,,,0,uncategorized
bhm200ip_bc_orzammar,Bookcase,dao,,,,0,uncategorized
bhm200ip_bc_orzammar2,Bookcase,dao,,,,0,uncategorized
bhm200ip_bc_school_blood,Empty Bookcase,dao,,,,0,uncategorized
bhm200ip_bc_school_creation,Bookcase,dao,,,,0,uncategorized
bhm200ip_bc_school_entropy,Bookcase,dao,,,,0,uncategorized
bhm200ip_bc_school_primal,Bookcase,dao,,,,0,uncategorized
bhm200ip_bc_school_spirit,Bookcase,dao,,,,0,uncategorized
bhm200ip_bc_tranquility,Bookcase,dao,,,,0,uncategorized
bhm200ip_book,Book,dao,,,,0,uncategorized
bhm200ip_bookcase_codex,Bookcase,dao,,,,0,uncategorized
bhm200ip_bookcase_empty,Bookcase,dao,,,,0,uncategorized
bhm200ip_chair,Chair,dao,,,,0,uncategorized
bhm200ip_chantry_founded,Altar,dao,,,,0,uncategorized
bhm200ip_circle_heirchy,Bookcase,dao,,,,0,uncategorized
bhm200ip_fereldon_geog,Bookcase,dao,,,,0,uncategorized
bhm200ip_grey_wardens,Bookcase,dao,,,,0,uncategorized
bhm200ip_invis_andraste,The Prophet Andraste,dao,,,,0,uncategorized
bhm200ip_locked_double_door,Metal Door,dao,metal,shield,,0,uncategorized
bhm200ip_pile_school_blood,Pile of Books,dao,,,,0,uncategorized
bhm200ip_reagent_case,Storage Cabinet,dao,,,,0,uncategorized
bhm200ip_to_level_1,First Floor,dao,,,,0,uncategorized
bhm200ip_to_level_3,Third Floor,dao,,,,0,uncategorized
bhm200ip_to_spider_cave,Storage Room,dao,,,,0,uncategorized
bhm210ip_cod_fade,Book,dao,,,,0,uncategorized
bhm210ip_irving_barrier,Magical Barrier,dao,,,,0,uncategorized
bhm250ar_spider_cave,Storage Caves,dao,,,,0,uncategorized
bhm250cr_spider_giant,Giant Spider,dao,,,,0,uncategorized
bhm250ip_chest,Chest,dao,,,,0,uncategorized
bhm250ip_loot_chest,Chest,dao,,,,0,uncategorized
bhm250ip_to_level_2,Second Floor,dao,,,,0,uncategorized
bhm300cr_cullen,Cullen,dao,,,,0,uncategorized
bhm300cr_duncan,Duncan,dao,,,,0,uncategorized
bhm300ip_to_level_2,Second Floor,dao,,,,0,uncategorized
bhm300ip_to_level_4,Fourth Floor,dao,,,,0,uncategorized
bhm400cr_greagoir,Knight-Commander Greagoir,dao,,,,0,uncategorized
bhm400cr_irving,First Enchanter Irving,dao,,,,0,uncategorized
bhm400ip_to_level_3,Third Floor,dao,,,,0,uncategorized
bhm500ip_to_level_4,Fourth Floor,dao,,,,0,uncategorized
bhm600cr_demon,Demon,dao,,,,0,uncategorized
bhm600cr_mouse,Mouse,dao,,,,0,uncategorized
bhm600cr_mouse_bear,Mouse,dao,,,,0,uncategorized
bhm600cr_mouse_human,Mouse,dao,,,,0,uncategorized
bhm600cr_sloth,Sloth Demon,dao,,,,0,uncategorized
bhm600cr_spirit_wolf,Spirit Wolf,dao,,,,0,uncategorized
bhm600cr_valor,Spirit of Valor,dao,,,,0,uncategorized
bhm600cr_wisp,Wisp,dao,,,,0,uncategorized
bhm600cr_wispwraith,Wisp Wraith,dao,,,,0,uncategorized
bhm600ip_anvil,Anvil,dao,,,,0,uncategorized
bhm600ip_black_city,Twisted Structure,dao,,,,0,uncategorized
bhm600ip_book_blood,Flaming Books,dao,,,,0,uncategorized
bhm600ip_book_creation,School of Creation,dao,,,,0,uncategorized
bhm600ip_book_entropy,School of Entropy,dao,,,,0,uncategorized
bhm600ip_book_primal,School of Primal,dao,,,,0,uncategorized
bhm600ip_book_spirit,School of Spirit,dao,,,,0,uncategorized
bhm600ip_corridor_door,Door,dao,,,,0,uncategorized
bhm600ip_demons,Disturbing Statue,dao,,,,0,uncategorized
bhm600ip_exit_fade,Mysterious Portal,dao,,,,0,uncategorized
bhm600ip_mana,Fade Urn,dao,,,,0,uncategorized
bhm600ip_vein_lyrium,Lyrium Vein,dao,,,,0,uncategorized
bhm600ip_weapon_rack,Weapon Stand,dao,,,,0,uncategorized
bhm700_book,Book,dao,,,,0,uncategorized
bhm700_ip_first_door,First Door,dao,,,,0,uncategorized
bhm700ar_tower_basement,Mage Tower - Basement,dao,,,,0,uncategorized
bhm700cr_sentinel,Sentinel,dao,,,,0,uncategorized
bhm700cr_sentinel2,Sentinel,dao,,,,0,uncategorized
bhm700cr_sentinel_boss,Sentinel Guardian,dao,,,,0,uncategorized
bhm700ip_bookcase,Bookcase,dao,,,,0,uncategorized
bhm700ip_cannon,Artifact,dao,,,,0,uncategorized
bhm700ip_crate,Wooden Crate,dao,wood,shield,,0,uncategorized
bhm700ip_nice_ring_chest,Chest,dao,,,,0,uncategorized
bhm700ip_phylactery,Jowan's Phylactery,dao,,,,0,uncategorized
bhm700ip_seconddoor,Second Door,dao,,,,0,uncategorized
bhm700ip_sidedoor,Side Door,dao,,,,0,uncategorized
bhm700ip_staff_chest,Chest,dao,,,,0,uncategorized
bhm700ip_statue,Statue,dao,,,,0,uncategorized
bhm700ip_to_level_1,First Floor,dao,,,,0,uncategorized
bhmzzip_temp_door,Door,dao,,,,0,uncategorized
bhn000ip_door_double,Door,dao,,,,0,uncategorized
bhn000ip_door_large_break,Door,dao,,,,0,uncategorized
bhn000ip_door_large_reinfor,Metal Door,dao,metal,shield,,0,uncategorized
bhn000ip_door_pantry,Door,dao,,,,0,uncategorized
bhn100ar_castle_cousland,Castle Cousland,dao,,,,0,uncategorized
bhn100cr_arl_howe,Arl Howe,dao,,,,0,uncategorized
bhn100cr_cook,Cook,dao,,,,0,uncategorized
bhn100cr_dairren,Dairren,dao,,,,0,uncategorized
bhn100cr_duncan,Duncan,dao,,,,0,uncategorized
bhn100cr_father,Teyrn Bryce Cousland,dao,,,,0,uncategorized
bhn100cr_fergus,Fergus,dao,,,,0,uncategorized
bhn100cr_gambling_guard,Guard,dao,,,,0,uncategorized
bhn100cr_gambling_guard1,Guard,dao,,,,0,uncategorized
bhn100cr_gilmore,Ser Gilmore,dao,,,,0,uncategorized
bhn100cr_guard,Guard,dao,,,,0,uncategorized
bhn100cr_guard_2,Guard,dao,,,,0,uncategorized
bhn100cr_guard_amb,Guard,dao,,,,0,uncategorized
bhn100cr_howe_guard,Howe Guard,dao,,,,0,uncategorized
bhn100cr_howe_guard2,Howe Guard,dao,,,,0,uncategorized
bhn100cr_iona,Iona,dao,,,,0,uncategorized
bhn100cr_kitchen_servant_f,Servant,dao,,,,0,uncategorized
bhn100cr_kitchen_servant_m,Servant,dao,,,,0,uncategorized
bhn100cr_landra,Lady Landra,dao,,,,0,uncategorized
bhn100cr_library_browser,Librarian,dao,,,,0,uncategorized
bhn100cr_mallol,Mother Mallol,dao,,,,0,uncategorized
bhn100cr_mother,Teyrna Eleanor,dao,,,,0,uncategorized
bhn100cr_oren,Oren,dao,,,,0,uncategorized
bhn100cr_oriana,Oriana,dao,,,,0,uncategorized
bhn100cr_praying_guard,Guard,dao,,,,0,uncategorized
bhn100cr_praying_guard2,Guard,dao,,,,0,uncategorized
bhn100cr_rat_giant,Giant Rat,dao,,,,0,uncategorized
bhn100cr_scribe,Aldous,dao,,,,0,uncategorized
bhn100cr_servant_amb,Servant,dao,,,,0,uncategorized
bhn100cr_servant_f,Servant,dao,,,,0,uncategorized
bhn100cr_servant_m,Servant,dao,,,,0,uncategorized
bhn100cr_squire1,Squire,dao,,,,0,uncategorized
bhn100cr_squire2,Squire,dao,,,,0,uncategorized
bhn100ip_chest,Chest,dao,,,,0,uncategorized
bhn100ip_chest_01,Chest,dao,,,,0,uncategorized
bhn100ip_chest_pc,Chest,dao,,,,0,uncategorized
bhn100ip_cod_andraste,Book,dao,,,,0,uncategorized
bhn100ip_cod_chant_blight,Book,dao,,,,0,uncategorized
bhn100ip_cod_culture,Book,dao,,,,0,uncategorized
bhn100ip_cod_hist_1,Books,dao,,,,0,uncategorized
bhn100ip_cod_hist_2,Book,dao,,,,0,uncategorized
bhn100ip_cod_politics,Book,dao,,,,0,uncategorized
bhn100ip_door_tr_blocking,Treasury,dao,,,,0,uncategorized
bhn100ip_door_upstairs,Door,dao,,,,0,uncategorized
bhn100ip_dr_lg_blocking,Door,dao,,,,0,uncategorized
bhn100ip_dr_lg_pt,Door,dao,,,,0,uncategorized
bhn100ip_dr_sm_wd_pt,Door,dao,,,,0,uncategorized
bhn100ip_sack_large,Sack,dao,,,,0,uncategorized
bhn100ip_sack_pile,Pile of Sacks,dao,,,,0,uncategorized
bhn100ip_sack_small,Sack,dao,,,,0,uncategorized
bhn100ip_weapon_stand,Weapon Stand,dao,,,,0,uncategorized
bhn200ar_castle_after_siege,Castle Cousland,dao,,,,0,uncategorized
bhn200cr_cousland_guard,Guard,dao,,,,0,uncategorized
bhn200cr_fearful_f,Servant,dao,,,,0,uncategorized
bhn200cr_fearful_m,Servant,dao,,,,0,uncategorized
bhn200cr_guard_dead,Guard,dao,,,,0,uncategorized
bhn200cr_hall_guard,Guard,dao,,,,0,uncategorized
bhn200cr_howe_archer,Howe Archer,dao,,,,0,uncategorized
bhn200cr_howe_dual,Howe Soldier,dao,,,,0,uncategorized
bhn200cr_howe_heavyshield,Howe Soldier,dao,,,,0,uncategorized
bhn200cr_howe_knight,Howe Knight,dao,,,,0,uncategorized
bhn200cr_howe_lightshield,Howe Soldier,dao,,,,0,uncategorized
bhn200cr_howe_long,Howe Soldier,dao,,,,0,uncategorized
bhn200cr_howe_mace,Howe Soldier,dao,,,,0,uncategorized
bhn200cr_howe_mage,Howe Mage,dao,,,,0,uncategorized
bhn200cr_howe_mother1,Howe Soldier,dao,,,,0,uncategorized
bhn200cr_howe_mother2,Howe Soldier,dao,,,,0,uncategorized
bhn200cr_howe_pc_bedroom,Howe Archer,dao,,,,0,uncategorized
bhn200cr_panicked_servant,Servant,dao,,,,0,uncategorized
bhn200cr_servant_f_dead,Servant,dao,,,,0,uncategorized
bhn200cr_servant_m_dead,Servant,dao,,,,0,uncategorized
bhn200cr_warning_servant,Servant,dao,,,,0,uncategorized
bhn200ip_chest,Chest,dao,,,,0,uncategorized
bhn200ip_chest_family,Family Chest,dao,,,,0,uncategorized
bhn200ip_chest_looted,Chest,dao,,,,0,uncategorized
bhn200ip_chest_parents,Trunk,dao,,,,0,uncategorized
bhn200ip_chest_pc,Chest,dao,,,,0,uncategorized
bhn200ip_corpse_knight,Knight Corpse,dao,,,,0,uncategorized
bhn200ip_door,Door,dao,,,,0,uncategorized
bhn200ip_door_bedroom_hall,Door,dao,,,,0,uncategorized
bhn200ip_door_landra,Door,dao,,,,0,uncategorized
bhn200ip_door_small_wood1,Door,dao,,,,0,uncategorized
bhn200ip_door_treasury,Treasury Door,dao,,,,0,uncategorized
bhn200ip_dr_db_pt_01,Door,dao,,,,0,uncategorized
bhn200ip_dr_lg_pt_01,Door,dao,,,,0,uncategorized
bhn200ip_dr_lg_pt_02,Door,dao,,,,0,uncategorized
bhn200ip_rubble_healing,Rubble,dao,,,,0,uncategorized
bhn200ip_sack_large_looted,Sack,dao,,,,0,uncategorized
bhn200ip_sack_pile_looted,Pile of Sacks,dao,,,,0,uncategorized
bhn200ip_sack_small_looted,Sack,dao,,,,0,uncategorized
bhn200ip_treasury_door,Door,dao,,,,0,uncategorized
bhn200ip_treasury_weapons,Weapon Rack,dao,,,,0,uncategorized
bhn200ip_weapon_stnd_looted,Weapon Stand,dao,,,,0,uncategorized
blighted_werewolf,Blighted Werewolf,dao,,,,0,uncategorized
blighted_werewolf_leader,Blighted Werewolf,dao,,,,0,uncategorized
blighted_werewolf_nocc,Blighted Werewolf,dao,,,,0,uncategorized
blighted_werewolf_shadow,Blighted Shadow Wolf,dao,,,,0,uncategorized
brecilian_forestnw_cutscene,West Brecilian Forest,dao,,,,0,uncategorized
bronto,Bronto,dao,,,,0,uncategorized
broodmother,Broodmother,dao,,,,0,uncategorized
broodmother_a,Broodmother,dao,,,,0,uncategorized
broodmother_tentacle,Tentacle,dao,,,,0,uncategorized
cam100ar_camp_plains,Camp,dao,,,,0,uncategorized
cam100cr_nug_leliana,Schmooples,dao,,,,0,uncategorized
cam104ar_camp_arch1,Camp,dao,,,,0,uncategorized
cam110ar_camp_arch3,Camp,dao,,,,0,uncategorized
cam110cr_tamlen_darkspawn,Tormented Shriek,dao,,,,0,uncategorized
cam110ip_party_chest,Party Storage Chest,dao,,,,0,uncategorized
cam900ar_endgame,On the Road,dao,,,,0,uncategorized
camp900ip_to_camp,Camp for the Night,dao,,,,0,uncategorized
camp_bodahn,Bodahn Feddic,dao,,,,0,uncategorized
camp_sandal,Sandal,dao,,,,0,uncategorized
cat_house,House Cat,dao,,,,0,uncategorized
charge_betrayal_ostagar,Ostagar,dao,,,,0,uncategorized
chicken,Chicken,dao,,,,0,uncategorized
child_dog_conversation,Child,dao,,,,0,uncategorized
childer_p1,Childer Grub,dao,,,,0,uncategorized
childer_p1_alpha,Childer Grub Alpha,dao,,,,0,uncategorized
childer_p1_explosive,Childer Grub,dao,,,,0,uncategorized
childer_p1_nocc,Childer Grub,dao,,,,0,uncategorized
childer_p2,Childer Hatchling,dao,,,,0,uncategorized
childer_p2_alpha,Childer Hatchling Alpha,dao,,,,0,uncategorized
childer_p2_explosive,Childer Hatchling,dao,,,,0,uncategorized
childer_p2_nocc,Childer Hatchling,dao,,,,0,uncategorized
childer_p3,Adult Childer,dao,,,,0,uncategorized
childer_p3_alpha,Adult Childer Alpha,dao,,,,0,uncategorized
childer_p3_explosive,Adult Childer,dao,,,,0,uncategorized
childer_p3_nocc,Adult Childer,dao,,,,0,uncategorized
cinearchdemon,Archdemon,dao,,,,0,uncategorized
cip000ip_fade_arc_horr_effe,Door,dao,,,,0,uncategorized
cir000ip_broken_door,Door,dao,,,,0,uncategorized
cir000ip_cabinet,Closet,dao,,,,0,uncategorized
cir000ip_chest,Chest,dao,,,,0,uncategorized
cir000ip_fade_door_1,Door,dao,,,,0,uncategorized
cir000ip_fade_golem_door,Massive Door,dao,,,,0,uncategorized
cir000ip_fade_jump_door,Door,dao,,,,0,uncategorized
cir000ip_fade_mouse_hole,Mouse Hole,dao,,,,0,uncategorized
cir000ip_fade_pedistal,Fade Pedestal,dao,,,,0,uncategorized
cir000ip_fade_portal,Door,dao,,,,0,uncategorized
cir000ip_fade_spirit_portal,Spirit Door,dao,,,,0,uncategorized
cir000ip_invis_block,Invisible Blocker,dao,,,,0,uncategorized
cir000ip_locked_door,Metal Door,dao,metal,shield,,0,uncategorized
cir000ip_locked_double_door,Metal Door,dao,metal,shield,,0,uncategorized
cir000ip_raw_fade_barr,Fade Portal,dao,,,,0,uncategorized
cir000ip_raw_fade_jump,Fade Portal,dao,,,,0,uncategorized
cir000ip_reward_con,Essence of Constitution,dao,,,,0,uncategorized
cir000ip_reward_dex,Essence of Dexterity,dao,,,,0,uncategorized
cir000ip_reward_int,Essence of Cunning,dao,,,,0,uncategorized
cir000ip_reward_magic,Essence of Magic,dao,,,,0,uncategorized
cir000ip_reward_str,Font of Strength,dao,,,,0,uncategorized
cir000ip_reward_will,Essence of Willpower,dao,,,,0,uncategorized
cir000ip_spirit_chest,Chest,dao,,,,0,uncategorized
cir100ar_docks,Lake Calenhad Docks,dao,,,,0,uncategorized
cir100cr_carroll,Carroll,dao,,,,0,uncategorized
cir100cr_kester,Kester,dao,,,,0,uncategorized
cir100cr_memorial_templar,Templar,dao,,,,0,uncategorized
cir100cr_scavenger,Scavenger,dao,,,,0,uncategorized
cir100cr_scholar,Theoretical Scholar,dao,,,,0,uncategorized
cir100cr_scholar_2,Bitter Scholar,dao,,,,0,uncategorized
cir100ip_greagoir_door,Metal Door,dao,metal,shield,,0,uncategorized
cir100ip_health_corpse,Soldier Corpse,dao,,,,0,uncategorized
cir100ip_lt_abom_1,Pile of Rags,dao,,,,0,uncategorized
cir100ip_lt_appnote3,Apprentice Note,dao,,,,0,uncategorized
cir100ip_lt_appnote4,Apprentice Note,dao,,,,0,uncategorized
cir100ip_lt_appnote5,Apprentice Note,dao,,,,0,uncategorized
cir100ip_lt_appnote6,Apprentice Note,dao,,,,0,uncategorized
cir100ip_lt_bestiary,Elvorn's Grande Bestiary,dao,,,,0,uncategorized
cir100ip_lt_book1,Torn Book,dao,,,,0,uncategorized
cir100ip_lt_book1b,Torn Book,dao,,,,0,uncategorized
cir100ip_lt_bookpile1,Pile of Books,dao,,,,0,uncategorized
cir100ip_lt_bookpile2,Pile of Books,dao,,,,0,uncategorized
cir100ip_lt_denribed,Denri's Bed,dao,,,,0,uncategorized
cir100ip_lt_footlock1,Apprentice's Footlocker,dao,,,,0,uncategorized
cir100ip_lt_footlock2,Apprentice's Footlocker,dao,,,,0,uncategorized
cir100ip_lt_footlock3,Apprentice's Footlocker,dao,,,,0,uncategorized
cir100ip_lt_phylactory,Novice Phylactery,dao,,,,0,uncategorized
cir100ip_lt_reach,Pile of Rags,dao,,,,0,uncategorized
cir100ip_lt_recite,Rodercoms Uncommon Calling,dao,,,,0,uncategorized
cir100ip_lt_rubble,Pile of Rubble,dao,,,,0,uncategorized
cir100ip_lt_spiritbook,Spiritorum Etherialis,dao,,,,0,uncategorized
cir100ip_lt_statue,Magus Gorvish,dao,,,,0,uncategorized
cir100ip_lt_summ_flame,Summoning the First,dao,,,,0,uncategorized
cir100ip_lt_summ_flame2,Summoning the Second,dao,,,,0,uncategorized
cir100ip_lt_summ_flame3,Summoning the Third,dao,,,,0,uncategorized
cir100ip_lt_summ_flame4,Summoning the Fourth,dao,,,,0,uncategorized
cir100ip_lt_table,Common Table Carving Spot,dao,,,,0,uncategorized
cir100ip_summoning_font,Summoning Font,dao,,,,0,uncategorized
cir100ip_to_inn,The Spoiled Princess,dao,,,,0,uncategorized
cir110ar_inn,The Spoiled Princess,dao,,,,0,uncategorized
cir110ar_inn_deco_door,Door,dao,,,,0,uncategorized
cir110ip_inn_deco_door_2,Door,dao,,,,0,uncategorized
cir110ip_to_docks,The Docks,dao,,,,0,uncategorized
cir200ar_tower_level_1,Apprentice Quarters,dao,,,,0,uncategorized
cir200cr_abom_dead,Abomination,dao,,,,0,uncategorized
cir200cr_bloodmage,Blood Mage,dao,,,,0,uncategorized
cir200cr_dead_mage_1,Dead Mage,dao,,,,0,uncategorized
cir200cr_dead_mage_2,Dead Mage,dao,,,,0,uncategorized
cir200cr_dead_mage_3,Dead Mage,dao,,,,0,uncategorized
cir200cr_dead_mage_4,Dead Mage,dao,,,,0,uncategorized
cir200cr_dead_templar,Templar,dao,,,,0,uncategorized
cir200cr_greagoir,Knight-Commander Greagoir,dao,,,,0,uncategorized
cir200cr_keili,Keili,dao,,,,0,uncategorized
cir200cr_kid_2,Apprentice,dao,,,,0,uncategorized
cir200cr_kid_3,Apprentice,dao,,,,0,uncategorized
cir200cr_kids,Child,dao,,,,0,uncategorized
cir200cr_kinnon,Kinnon,dao,,,,0,uncategorized
cir200cr_lt_abom_1,Rage Abomination,dao,,,,0,uncategorized
cir200cr_lt_foreshadow,Arl Foreshadow,dao,,,,0,uncategorized
cir200cr_lt_rea_demon,Shah Wyrd,dao,,,,0,uncategorized
cir200cr_lt_summ_nug,Spirit Hog,dao,,,,0,uncategorized
cir200cr_lt_summ_rifter2,Fade Rifter,dao,,,,0,uncategorized
cir200cr_lt_summ_whim,Trickster Whim,dao,,,,0,uncategorized
cir200cr_petra,Petra,dao,,,,0,uncategorized
cir200cr_post_templar,Templar,dao,,,,0,uncategorized
cir200cr_post_templar_2,Templar,dao,,,,0,uncategorized
cir200cr_shopman,Quartermaster,dao,,,,0,uncategorized
cir200cr_templar,Templar,dao,,,,0,uncategorized
cir200cr_templar2,Templar,dao,,,,0,uncategorized
cir200cr_templar3,Templar,dao,,,,0,uncategorized
cir200cr_templar_extra,Templar,dao,,,,0,uncategorized
cir200cr_thankful_mage,Mage,dao,,,,0,uncategorized
cir200cr_thankful_mage_2,Mage,dao,,,,0,uncategorized
cir200cr_wounded,Wounded Mage,dao,,,,0,uncategorized
cir200cr_wounded_templar,Wounded Templar,dao,,,,0,uncategorized
cir200ip_appr_amulet,Charred Corpse,dao,,,,0,uncategorized
cir200ip_bloodstain_1,Blood,dao,,,,0,uncategorized
cir200ip_godwin_closet,Closet,dao,,,,0,uncategorized
cir200ip_irving_chest,Irving's Chest,dao,,,,0,uncategorized
cir200ip_lt_abom_2,Pile of Rags,dao,,,,0,uncategorized
cir200ip_lt_abom_3,Pile of Rags,dao,,,,0,uncategorized
cir200ip_to_level_2,Second Floor,dao,,,,0,uncategorized
cir200ip_tower_exit,World Map,dao,,,,0,uncategorized
cir200ip_wynne_barrier,Wynne's Barrier,dao,,,,0,uncategorized
cir200ip_wynne_intro_door,Door,dao,,,,0,uncategorized
cir210ar_tower_level_2,Senior Mage Quarters,dao,,,,0,uncategorized
cir210cr_blood_mage_01,Blood Mage,dao,,,,0,uncategorized
cir210cr_blood_mage_02,Blood Mage,dao,,,,0,uncategorized
cir210cr_blood_mage_03,Blood Mage,dao,,,,0,uncategorized
cir210cr_gentled,Tranquil,dao,,,,0,uncategorized
cir210cr_godwin,Godwin,dao,,,,0,uncategorized
cir210cr_lt_abom_2,Rage Abomination,dao,,,,0,uncategorized
cir210cr_lt_revenant,Revenant,dao,,,,0,uncategorized
cir210cr_owain,Owain,dao,,,,0,uncategorized
cir210ip_amulet_corpse,Soldier Corpse,dao,,,,0,uncategorized
cir210ip_barrier,Barrier,dao,,,,0,uncategorized
cir210ip_bc_frats,Bookcase,dao,,,,0,uncategorized
cir210ip_book_gift,Pile of Books,dao,,,,0,uncategorized
cir210ip_lt_belcache,Bel's Cache,dao,,,,0,uncategorized
cir210ip_lt_irvingbook,Enchanter's Journal,dao,,,,0,uncategorized
cir210ip_lt_irvingdesk,First Enchanter's Desk,dao,,,,0,uncategorized
cir210ip_lt_irvingshelf,Scrap of Paper,dao,,,,0,uncategorized
cir210ip_picture_corpse,Charred Corpse,dao,,,,0,uncategorized
cir210ip_to_level_1,First Floor,dao,,,,0,uncategorized
cir210ip_to_level_3,Third Floor,dao,,,,0,uncategorized
cir210ip_topplestat,Toppled Statue,dao,,,,0,uncategorized
cir210ip_vanity_necklace,Vanity,dao,,,,0,uncategorized
cir220ar_tower_level_3,Great Hall,dao,,,,0,uncategorized
cir220cr_abom_creation,Abomination,dao,,,,0,uncategorized
cir220cr_abom_entropy,Abomination,dao,,,,0,uncategorized
cir220cr_abom_primal,Abomination,dao,,,,0,uncategorized
cir220cr_abom_spirit,Abomination,dao,,,,0,uncategorized
cir220cr_abomination2,Abomination,dao,,,,0,uncategorized
cir220cr_blood_mage_boss,Blood Mage,dao,,,,0,uncategorized
cir220cr_desire_demon,Desire Demon,dao,,,,0,uncategorized
cir220cr_desire_templar,Bewitched Templar,dao,,,,0,uncategorized
cir220cr_enraged,Enraged Corpse,dao,,,,0,uncategorized
cir220cr_possessedtemplar,Possessed Templar,dao,,,,0,uncategorized
cir220cr_sacrificial_tranq,Tranquil,dao,,,,0,uncategorized
cir220cr_sacrificial_tranq2,Tranquil,dao,,,,0,uncategorized
cir220ip_lt_abom_4,Pile of Rags,dao,,,,0,uncategorized
cir220ip_lt_abom_5,Pile of Rags,dao,,,,0,uncategorized
cir220ip_lt_page1,Torn Page,dao,,,,0,uncategorized
cir220ip_lt_page2,Torn Page,dao,,,,0,uncategorized
cir220ip_lt_page3,Torn Page,dao,,,,0,uncategorized
cir220ip_lt_page4,Torn Page,dao,,,,0,uncategorized
cir220ip_lt_page5,Torn Page,dao,,,,0,uncategorized
cir220ip_lt_statue1,Statue,dao,,,,0,uncategorized
cir220ip_lt_statue2,Statue,dao,,,,0,uncategorized
cir220ip_lt_statue3,Statue,dao,,,,0,uncategorized
cir220ip_lt_statue4,Statue,dao,,,,0,uncategorized
cir220ip_runestone_corpse,Charred Corpse,dao,,,,0,uncategorized
cir220ip_sealed_door,Metal Door,dao,metal,shield,,0,uncategorized
cir220ip_to_level_2,Second Floor,dao,,,,0,uncategorized
cir220ip_to_level_4,Fourth Floor,dao,,,,0,uncategorized
cir230ar_tower_level_4,Templar Quarters,dao,,,,0,uncategorized
cir230cr_ash_wraith,Wraith,dao,,,,0,uncategorized
cir230cr_blood_mage_01,Blood Mage,dao,,,,0,uncategorized
cir230cr_blood_mage_02,Blood Mage,dao,,,,0,uncategorized
cir230cr_charmed_templar,Charmed Templar,dao,,,,0,uncategorized
cir230cr_cs_abomination,Abomination,dao,,,,0,uncategorized
cir230cr_cullen,Cullen,dao,,,,0,uncategorized
cir230cr_nialls_body,Niall's Body,dao,,,,0,uncategorized
cir230cr_possessed_templar,Charmed Templar,dao,,,,0,uncategorized
cir230cr_sloth_demon,Sloth Demon,dao,,,,0,uncategorized
cir230cr_tempar_desire,Desire Demon,dao,,,,0,uncategorized
cir230ip_bc_bks_calenhad,Book,dao,,,,0,uncategorized
cir230ip_bc_hst_tevinter,Book,dao,,,,0,uncategorized
cir230ip_cowl_corpse,Charred Corpse,dao,,,,0,uncategorized
cir230ip_dagger_chest,Chest,dao,,,,0,uncategorized
cir230ip_dog_chest,Chest,dao,,,,0,uncategorized
cir230ip_lt_abom_6,Pile of Rags,dao,,,,0,uncategorized
cir230ip_sloth_door,Door,dao,,,,0,uncategorized
cir230ip_templr_desire_door,Door,dao,,,,0,uncategorized
cir230ip_to_level_3,Third Floor,dao,,,,0,uncategorized
cir230ip_vanity_sailor,Vanity,dao,,,,0,uncategorized
cir240cr_abomination,Abomination,dao,,,,0,uncategorized
cir240cr_abomination_extra,Abomination,dao,,,,0,uncategorized
cir240cr_abomination_star,Abomination,dao,,,,0,uncategorized
cir240cr_irving,First Enchanter Irving,dao,,,,0,uncategorized
cir240cr_sacrificial_mage,Mage,dao,,,,0,uncategorized
cir240cr_uldred,Uldred,dao,,,,0,uncategorized
cir240cr_uldred_human,Uldred,dao,,,,0,uncategorized
cir240ip_to_level_4,Fourth Floor,dao,,,,0,uncategorized
cir300ar_fade,The Raw Fade,dao,,,,0,uncategorized
cir300cr_beresaad1,Qunari Soldier,dao,,,,0,uncategorized
cir300cr_beresaad2,Qunari Soldier,dao,,,,0,uncategorized
cir300cr_cailan,Prince Cailan,dao,,,,0,uncategorized
cir300cr_chantry_priest_2,Chantry Priest,dao,,,,0,uncategorized
cir300cr_dead_apprentice,Dead Apprentice,dao,,,,0,uncategorized
cir300cr_dead_apprentice2,Dead Apprentice,dao,,,,0,uncategorized
cir300cr_dead_apprentice3,Dead Apprentice,dao,,,,0,uncategorized
cir300cr_demon_child,Child,dao,,,,0,uncategorized
cir300cr_demon_child_2,Child,dao,,,,0,uncategorized
cir300cr_flemeth,Flemeth,dao,,,,0,uncategorized
cir300cr_goldanna,Goldanna,dao,,,,0,uncategorized
cir300cr_grey_warden,Grey Warden,dao,,,,0,uncategorized
cir300cr_leliana_demon,Greater Shade,dao,,,,0,uncategorized
cir300cr_lelianas_mother,Revered Mother,dao,,,,0,uncategorized
cir300cr_mage_apprentice,Mage Apprentice,dao,,,,0,uncategorized
cir300cr_maric,King Maric,dao,,,,0,uncategorized
cir300cr_mouse_attacker_dem,Rage Demon,dao,,,,0,uncategorized
cir300cr_niall,Niall,dao,,,,0,uncategorized
cir300cr_og_dwarf1,Dwarven Leader,dao,,,,0,uncategorized
cir300cr_og_dwarf2,Drunk Dwarf,dao,,,,0,uncategorized
cir300cr_og_dwarf3,Sarcastic Dwarf,dao,,,,0,uncategorized
cir300cr_og_dwarf4,Belligerent Dwarf,dao,,,,0,uncategorized
cir300cr_raw_boss,Yevena,dao,,,,0,uncategorized
cir300cr_shade_boss,Shade,dao,,,,0,uncategorized
cir300cr_sloth_demon,Sloth Demon,dao,,,,0,uncategorized
cir300cr_sloth_demon_f,Sloth Demon,dao,,,,0,uncategorized
cir300cr_sloth_hunger,Sloth,dao,,,,0,uncategorized
cir300cr_sloth_ogre,Sloth,dao,,,,0,uncategorized
cir300cr_sloth_rage,Sloth,dao,,,,0,uncategorized
cir300cr_sloth_shade,Sloth,dao,,,,0,uncategorized
cir300cr_zev_torture_1,Crude Torturer,dao,,,,0,uncategorized
cir300cr_zev_torture_2,Cruel Torturer,dao,,,,0,uncategorized
cir300ip_campfire_prop,Campfire,dao,,,,0,uncategorized
cir300ip_cauldron_prop,Cauldron,dao,,,,0,uncategorized
cir300ip_fade_portal_opener,Fade Portal,dao,,,,0,uncategorized
cir300ip_lyrium_mana,Lyrium Vein,dao,,,,0,uncategorized
cir300ip_raw_pedistal,Fade Pedestal,dao,,,,0,uncategorized
cir310ar_fade_burning_tower,Burning Tower,dao,,,,0,uncategorized
cir310cr_burning_demon,Burning Demon,dao,,,,0,uncategorized
cir310cr_burning_hound,Burning Hound,dao,,,,0,uncategorized
cir310cr_burning_hound_2,Burning Hound,dao,,,,0,uncategorized
cir310cr_burning_templar,Burning Templar,dao,,,,0,uncategorized
cir310cr_burning_templar_2,Burning Templar,dao,,,,0,uncategorized
cir310cr_rage_demon_boss,Rhagos,dao,,,,0,uncategorized
cir310cr_shambling_corpse,Shambling Corpse,dao,,,,0,uncategorized
cir310cr_templar_dreamer,Templar Dreamer,dao,,,,0,uncategorized
cir320ar_fade_darkspawn_inv,Darkspawn Invasion,dao,,,,0,uncategorized
cir320cr_darkspawn_emmisary,Darkspawn Emissary,dao,,,,0,uncategorized
cir320cr_genlock_1,Genlock,dao,,,,0,uncategorized
cir320cr_genlock_2,Genlock,dao,,,,0,uncategorized
cir320cr_genlock_flaming,Flaming Darkspawn,dao,,,,0,uncategorized
cir320cr_hurlock_1,Hurlock,dao,,,,0,uncategorized
cir320cr_hurlock_2,Hurlock,dao,,,,0,uncategorized
cir320cr_hurlock_3,Hurlock,dao,,,,0,uncategorized
cir320cr_hurlock_flaming,Flaming Darkspawn,dao,,,,0,uncategorized
cir320cr_ogre_boss,Uthkiel the Crusher,dao,,,,0,uncategorized
cir320cr_spirit_from_darksp,Darkspawn Spirit,dao,,,,0,uncategorized
cir320cr_spirit_gen_1,Darkspawn Spirit,dao,,,,0,uncategorized
cir320cr_spirit_hurlock_1,Darkspawn Spirit,dao,,,,0,uncategorized
cir320cr_templar_spirit,Templar Spirit,dao,,,,0,uncategorized
cir330ar_fade_mage_asunder,Mage Asunder,dao,,,,0,uncategorized
cir330cr_arcane_horror,Arcane Horror,dao,,,,0,uncategorized
cir330cr_chantry_priest,Chantry Priest,dao,,,,0,uncategorized
cir330cr_chantry_priest_3,Chantry Priest,dao,,,,0,uncategorized
cir330cr_chef,Chef,dao,,,,0,uncategorized
cir330cr_complaining_mage_1,Mage,dao,,,,0,uncategorized
cir330cr_complaining_mage_2,Mage,dao,,,,0,uncategorized
cir330cr_cook,Cook,dao,,,,0,uncategorized
cir330cr_crazy_mage_0,Crazy Mage,dao,,,,0,uncategorized
cir330cr_crazy_mage_1,Crazy Mage,dao,,,,0,uncategorized
cir330cr_crazy_mage_2,Crazy Mage,dao,,,,0,uncategorized
cir330cr_crazy_mage_3,Crazy Mage,dao,,,,0,uncategorized
cir330cr_cursed_mage,Cursed Dreamer,dao,,,,0,uncategorized
cir330cr_fragment_keeper_1,Priest,dao,,,,0,uncategorized
cir330cr_golem,Stone Golem,dao,,,,0,uncategorized
cir330cr_hunger_demon_boss,Slavren,dao,,,,0,uncategorized
cir330cr_mage_1,Mage,dao,,,,0,uncategorized
cir330cr_mage_2,Mage,dao,,,,0,uncategorized
cir330cr_mage_class_1,Mage Pupil,dao,,,,0,uncategorized
cir330cr_mage_class_2,Mage Pupil,dao,,,,0,uncategorized
cir330cr_mage_class_3,Mage Pupil,dao,,,,0,uncategorized
cir330cr_mage_class_4,Mage Pupil,dao,,,,0,uncategorized
cir330cr_mage_fem_1,Mage,dao,,,,0,uncategorized
cir330cr_mage_fem_2,Mage,dao,,,,0,uncategorized
cir330cr_mage_instructor,Mage Instructor,dao,,,,0,uncategorized
cir330cr_mage_instructor_2,Mage Instructor,dao,,,,0,uncategorized
cir330cr_mage_pupil_1,Mage Pupil,dao,,,,0,uncategorized
cir330cr_mage_pupil_2,Mage Pupil,dao,,,,0,uncategorized
cir330cr_mage_teacher,Mage Instructor,dao,,,,0,uncategorized
cir330cr_mage_teacher_2,Mage Instructor,dao,,,,0,uncategorized
cir330cr_priest_2,Mage,dao,,,,0,uncategorized
cir330cr_servant_1,Servant,dao,,,,0,uncategorized
cir330cr_servant_2,Servant,dao,,,,0,uncategorized
cir330cr_servant_3,Servant,dao,,,,0,uncategorized
cir330ip_ambush_door,Door,dao,,,,0,uncategorized
cir330ip_arcane_hall_door,The Inner Sanctum,dao,,,,0,uncategorized
cir330ip_bc_tranquility,Bookcase,dao,,,,0,uncategorized
cir330ip_stairs_down,Stairs,dao,,,,0,uncategorized
cir330ip_stairs_up,Stairs,dao,,,,0,uncategorized
cir340ar_fade_templar_night,Templar's Nightmare,dao,,,,0,uncategorized
cir340cr_ah_form,Arcane Horror,dao,,,,0,uncategorized
cir340cr_succubus_boss,Vereveel,dao,,,,0,uncategorized
cir340cr_unconscious_templa,Unconscious Templar,dao,,,,0,uncategorized
cir340ip_demon_statue,Disturbing Statue,dao,,,,0,uncategorized
cir340ip_succubus_door,Door,dao,,,,0,uncategorized
cir350ar_fade_weisshaupt,Weisshaupt,dao,,,,0,uncategorized
cir350cr_duncan,Duncan,dao,,,,0,uncategorized
cir350cr_warden_1,Warden,dao,,,,0,uncategorized
cir350cr_warden_2,Warden,dao,,,,0,uncategorized
cir360ar_sloth_demon,Sloth Demon's Sanctum,dao,,,,0,uncategorized
cir361ar_alistair,Alistair's Nightmare,dao,,,,0,uncategorized
cir362ar_dog,Dog's Nightmare,dao,,,,0,uncategorized
cir363ar_leliana,Leliana's Nightmare,dao,,,,0,uncategorized
cir365ar_morrigan,Morrigan's Nightmare,dao,,,,0,uncategorized
cir366ar_oghren,Oghren's Nightmare,dao,,,,0,uncategorized
cir367ar_shale,Shale's Nightmare,dao,,,,0,uncategorized
cir368ar_sten,Sten's Nightmare,dao,,,,0,uncategorized
cir369ar_wynne,Wynne's Nightmare,dao,,,,0,uncategorized
cir370ar_zevran,Zevran's Nightmare,dao,,,,0,uncategorized
cl150cr_redcliffe_melee,Redcliffe Soldier,dao,,,,0,uncategorized
cli000_assassin_buffs,(cli000_assassin_buffs),dao,,,,0,uncategorized
cli000cr_army_dwarf,Dwarven Infantry,dao,,,,0,uncategorized
cli000cr_army_elf,Elven Archer,dao,,,,0,uncategorized
cli000cr_army_golem,Steel Golem,dao,,,,0,uncategorized
cli000cr_army_legion,Legion of the Dead Avenger,dao,,,,0,uncategorized
cli000cr_army_mage,Battle Mage,dao,,,,0,uncategorized
cli000cr_army_redcliffe,Redcliffe Infantry,dao,,,,0,uncategorized
cli000cr_army_templar,Templar,dao,,,,0,uncategorized
cli000cr_army_werewolf,Werewolf,dao,,,,0,uncategorized
cli000cr_dead_genlock,Dead Genlock,dao,,,,0,uncategorized
cli000cr_dead_hurlock,Dead Hurlock,dao,,,,0,uncategorized
cli000cr_dead_ogre,Dead Ogre,dao,,,,0,uncategorized
cli000cr_dead_soldier1,Dead Soldier,dao,,,,0,uncategorized
cli000cr_dead_soldier2,Dead Soldier,dao,,,,0,uncategorized
cli000cr_dead_soldier3,Dead Soldier,dao,,,,0,uncategorized
cli01cr_messenger,Messenger,dao,,,,0,uncategorized
cli100ar_redcliffe_village,Redcliffe Village,dao,,,,0,uncategorized
cli100cr_survivor,Redcliffe Survivor,dao,,,,0,uncategorized
cli100ip_to_castle,To Redcliffe Castle,dao,,,,0,uncategorized
cli100ip_unusable_door2,Door,dao,,,,0,uncategorized
cli100ip_unusable_door3,Door,dao,,,,0,uncategorized
cli150ar_redcliffe_castle,Redcliffe Castle,dao,,,,0,uncategorized
cli150cr_redcliffe_castle,Redcliffe Soldier,dao,,,,0,uncategorized
cli150ip_chest_a,Chest,dao,,,,0,uncategorized
cli150ip_chest_b,Chest,dao,,,,0,uncategorized
cli150ip_to_village,Village,dao,,,,0,uncategorized
cli200ar_fort_main_floor,Fort Drakon - Main Floor,dao,,,,0,uncategorized
cli200cr_conjurer,Genlock Conjurer,dao,,,,0,uncategorized
cli200cr_shapechanger,Genlock Shapechanger,dao,,,,0,uncategorized
cli200ip_storage_door,Door,dao,,,,0,uncategorized
cli200ip_to_exterior,Fort Exterior,dao,,,,0,uncategorized
cli200ip_to_second_floor,Second Floor,dao,,,,0,uncategorized
cli210ar_fort_second_floor,Fort Drakon - Second Floor,dao,,,,0,uncategorized
cli210cr_genlock_acolyte,Genlock Assassin Acolyte,dao,,,,0,uncategorized
cli210cr_genlock_alpha,Genlock Master Assassin,dao,,,,0,uncategorized
cli210ip_chest,Chest,dao,,,,0,uncategorized
cli210ip_chest2,Chest,dao,,,,0,uncategorized
cli210ip_door_blocked,Metal Door,dao,metal,shield,,0,uncategorized
cli210ip_to_main_floor,Main Floor,dao,,,,0,uncategorized
cli210ip_to_roof,Rooftop,dao,,,,0,uncategorized
cli220ar_fort_roof_1,Fort Drakon - Roof,dao,,,,0,uncategorized
cli220cr_archdemon,Archdemon,dao,,,,0,uncategorized
cli220cr_arl_eamon,Arl Eamon,dao,,,,0,uncategorized
cli220cr_greagoir,Knight-Commander Greagoir,dao,,,,0,uncategorized
cli220cr_irving,First Enchanter Irving,dao,,,,0,uncategorized
cli220cr_kardol,Kardol,dao,,,,0,uncategorized
cli220cr_swiftrunner,Swiftrunner,dao,,,,0,uncategorized
cli220cr_zathrian,Zathrian,dao,,,,0,uncategorized
cli220ip_ballista_base,Ballista Mount,dao,,,,0,uncategorized
cli220ip_ballista_top,Ballista,dao,,,,0,uncategorized
cli220ip_ballista_top2,Ballista,dao,,,,0,uncategorized
cli300ar_redcliffe_castle,Redcliffe Castle - Main Floor,dao,,,,0,uncategorized
cli300cr_bodyguard,Bodyguard,dao,,,,0,uncategorized
cli300cr_dwarf_commander,Dwarf Commander,dao,,,,0,uncategorized
cli300cr_dwarf_soldier,Dwarven Soldier,dao,,,,0,uncategorized
cli300cr_dwarf_soldier1,Dwarven Soldier,dao,,,,0,uncategorized
cli300cr_dwarf_soldier2,Dwarven Soldier,dao,,,,0,uncategorized
cli300cr_eamon,Arl Eamon,dao,,,,0,uncategorized
cli300cr_riordan,Riordan,dao,,,,0,uncategorized
cli300cr_teagan,Lord Teagan,dao,,,,0,uncategorized
cli300ip_door_plot_locked,Door,dao,,,,0,uncategorized
cli300ip_exit_door,Metal Door,dao,metal,shield,,0,uncategorized
cli300ip_to_second_floor,Second Floor,dao,,,,0,uncategorized
cli310ar_redcliffe_castle_2,Redcliffe Castle - Upper Floor,dao,,,,0,uncategorized
cli310ip_to_main_floor,Main Floor,dao,,,,0,uncategorized
cli400ar_city_gates,Denerim - City Gates,dao,,,,0,uncategorized
cli400cr_city_gate_defender,Soldier,dao,,,,0,uncategorized
cli400cr_soldier_cheer1,Soldier,dao,,,,0,uncategorized
cli400cr_soldier_cheer2,Soldier,dao,,,,0,uncategorized
cli400cr_soldier_cheer3,Soldier,dao,,,,0,uncategorized
cli400cr_soldier_cheer_rand,Soldier,dao,,,,0,uncategorized
cli410ar_city_gates_defend,Denerim - City Gates,dao,,,,0,uncategorized
cli410cr_ferelden_soldier,Soldier,dao,,,,0,uncategorized
cli410cr_ferelden_soldier2,Soldier,dao,,,,0,uncategorized
cli410cr_knight,Knight,dao,,,,0,uncategorized
cli410cr_messenger,Messenger,dao,,,,0,uncategorized
cli410cr_officer,Officer,dao,,,,0,uncategorized
cli420ar_city_gates_cutscn,Denerim - City Gates,dao,,,,0,uncategorized
cli420cr_anora,Anora,dao,,,,0,uncategorized
cli600ar_elven_alienage,Denerim - Elven Alienage,dao,,,,0,uncategorized
cli600cr_alien_defender,Elf,dao,,,,0,uncategorized
cli600cr_alien_defender6,Elf,dao,,,,0,uncategorized
cli600cr_alien_ds_leader,Hurlock General,dao,,,,0,uncategorized
cli600cr_elder,Shianni,dao,,,,0,uncategorized
cli600cr_hurlock_melee,Hurlock,dao,,,,0,uncategorized
cli600cr_hurlock_ranged,Hurlock,dao,,,,0,uncategorized
cli600cr_ogre,Ogre,dao,,,,0,uncategorized
cli600ip_bench,Bench,dao,,,,0,uncategorized
cli600ip_closed_gate,Gate,dao,,,,0,uncategorized
cli600ip_gate_to_citygates,Gate,dao,,,,0,uncategorized
cli600ip_gate_to_citygates2,Gate,dao,,,,0,uncategorized
cli700ar_markets,Denerim - Market District,dao,,,,0,uncategorized
cli700cr_market_defender,Soldier,dao,,,,0,uncategorized
cli700cr_market_ds_leader,Hurlock General,dao,,,,0,uncategorized
cli700cr_panicked_female,Commoner,dao,,,,0,uncategorized
cli700cr_panicked_male,Commoner,dao,,,,0,uncategorized
cli800ar_palace_district,Palace District,dao,,,,0,uncategorized
cli800cr_palace_defender,Soldier,dao,,,,0,uncategorized
cli900ar_fort_exterior,Fort Drakon,dao,,,,0,uncategorized
cli900cr_dragon_thrall,Dragon Thrall,dao,,,,0,uncategorized
cli900ip_to_city,Door,dao,,,,0,uncategorized
cli900ip_to_fort_interior,Fort Drakon,dao,,,,0,uncategorized
cod_hst_ferelden2,Codex Book,dao,,,,0,uncategorized
corpse_e,"Corpse, Enraged",dao,,,,0,uncategorized
corpse_enraged,Enraged Corpse,dao,,,,0,uncategorized
corpse_enraged_ravenous,Ravenous Enraged Corpse,dao,,,,0,uncategorized
corpse_s,"Corpse, Shambling",dao,,,,0,uncategorized
corpse_shambling,Shambling Corpse,dao,,,,0,uncategorized
corpse_shambling_desiccated,Desiccated Shambling Corpse,dao,,,,0,uncategorized
cs_archer_01,Soldier,dao,,,,0,uncategorized
cs_archer_02,Soldier,dao,,,,0,uncategorized
cs_archer_03,Soldier,dao,,,,0,uncategorized
cs_archer_04,Soldier,dao,,,,0,uncategorized
cs_archer_05,Soldier,dao,,,,0,uncategorized
cs_proving_guard,Proving Guard,dao,,,,0,uncategorized
cutscene_palace_district,Palace District,dao,,,,0,uncategorized
deep_stalker,Deep Stalker,dao,,,,0,uncategorized
deep_stalker_leader,Deep Stalker Leader,dao,,,,0,uncategorized
deep_stalker_spitter,Deep Stalker,dao,,,,0,uncategorized
deepstalker,Deepstalker,dao,,,,0,uncategorized
default_dw_comm_r,Default Dwarf Commoner Rogue,dao,,,,0,uncategorized
default_dw_comm_w,Default Dwarf Commoner Warrior,dao,,,,0,uncategorized
default_dw_noble_r,Default Dwarf Noble Rogue,dao,,,,0,uncategorized
default_dw_noble_w,Default Dwarf Noble Warrior,dao,,,,0,uncategorized
default_elf_city_r,Default Elf City Rogue,dao,,,,0,uncategorized
default_elf_city_w,Default Elf City Warrior,dao,,,,0,uncategorized
default_elf_dal_r,Default Elf Dalish Rogue,dao,,,,0,uncategorized
default_elf_dal_w,Default Elf Dalish Warrior,dao,,,,0,uncategorized
default_hm_noble,Default Human Male Noble Warrior,dao,,,,0,uncategorized
default_hm_noble_r,Default Human Male Noble Rogue,dao,,,,0,uncategorized
default_mage,Default Male Mage,dao,,,,0,uncategorized
default_orlesian_warden_m,Default Orlesian Warden Mage,dao,,,,0,uncategorized
default_orlesian_warden_r,Default Orlesian Warden Rogue,dao,,,,0,uncategorized
default_orlesian_warden_w,Default Orlesian Warden Warrior,dao,,,,0,uncategorized
default_player,Jaden,dao,,,,0,uncategorized
default_rogue,Default Rogue,dao,,,,0,uncategorized
default_start_area,Dragon Age,dao,,,,0,uncategorized
default_warrior,Default Warrior,dao,,,,0,uncategorized
default_wizard,Default Mage,dao,,,,0,uncategorized
demon_pride,Greater Pride Demon,dao,,,,0,uncategorized
demon_pride_b,Greater Pride Demon,dao,,,,0,uncategorized
demon_pride_lesser,Lesser Pride Demon,dao,,,,0,uncategorized
den000ip_double_door_cityma,City Map,dao,,,,0,uncategorized
den000ip_exit_city_small,City Map,dao,,,,0,uncategorized
den000ip_locked_chest_med,Chest,dao,,,,0,uncategorized
den100cr_bouncer_1,Bouncer,dao,,,,0,uncategorized
den100cr_bouncer_2,Bouncer,dao,,,,0,uncategorized
den100cr_bouncer_3,Bouncer,dao,,,,0,uncategorized
den100cr_cristof,Cristof,dao,,,,0,uncategorized
den100cr_dwarf_drag,Husky Dwarf,dao,,,,0,uncategorized
den100cr_nug,Nug,dao,,,,0,uncategorized
den100cr_paedan,Paedan,dao,,,,0,uncategorized
den100cr_paedan_thug,Qunari Mercenary,dao,,,,0,uncategorized
den100cr_paedan_thug_2,Qunari Mercenary,dao,,,,0,uncategorized
den100cr_prost_fem_1,Female Companion,dao,,,,0,uncategorized
den100cr_prost_fem_2,Female Companion,dao,,,,0,uncategorized
den100cr_prost_fem_3,Female Companion,dao,,,,0,uncategorized
den100cr_prost_fem_4,Female Companion,dao,,,,0,uncategorized
den100cr_prost_fem_5,Female Companion,dao,,,,0,uncategorized
den100cr_prost_fem_6,Female Companion,dao,,,,0,uncategorized
den100cr_prost_male_1,Male Companion,dao,,,,0,uncategorized
den100cr_prost_male_2,Male Companion,dao,,,,0,uncategorized
den100cr_prost_male_3,Male Companion,dao,,,,0,uncategorized
den100cr_prost_male_4,Male Companion,dao,,,,0,uncategorized
den100cr_prost_male_5,Male Companion,dao,,,,0,uncategorized
den100cr_prost_male_6,Male Companion,dao,,,,0,uncategorized
den100cr_prost_tran_1,"""Female"" Companion",dao,,,,0,uncategorized
den100cr_prost_tran_2,"""Female"" Companion",dao,,,,0,uncategorized
den100cr_sanga,Sanga,dao,,,,0,uncategorized
den100cr_shaevra,Shaevra,dao,,,,0,uncategorized
den100cr_white_falc_2,White Falcon Mercenary,dao,,,,0,uncategorized
den100cr_white_falc_3,White Falcon Mercenary,dao,,,,0,uncategorized
den100cr_white_falcon,White Falcon Mercenary,dao,,,,0,uncategorized
den100cr_white_falcon_arc,White Falcon Archer,dao,,,,0,uncategorized
den100cr_white_falcon_lead,White Falcon Veteran,dao,,,,0,uncategorized
den100ip_back_room,Door,dao,,,,0,uncategorized
den100ip_backroom,Door,dao,,,,0,uncategorized
den100ip_bedrooms,Door,dao,,,,0,uncategorized
den100ip_combat_dummy,Combat Dummy,dao,,,,0,uncategorized
den100ip_dragon_egg,Crystalized Egg,dao,,,,0,uncategorized
den100ip_exit_world,City Map,dao,,,,0,uncategorized
den100ip_fish_lamp,Inexplicable Lamp,dao,,,,0,uncategorized
den100ip_gong,Gong,dao,,,,0,uncategorized
den100ip_hammer_smith,Insertion Tool,dao,,,,0,uncategorized
den100ip_hammer_weapon,"""Magic Wand""",dao,,,,0,uncategorized
den100ip_herb_1,Herb,dao,,,,0,uncategorized
den100ip_herb_2,Herb,dao,,,,0,uncategorized
den100ip_jar_1,Bottle,dao,,,,0,uncategorized
den100ip_jar_2,Jar,dao,,,,0,uncategorized
den100ip_jar_3,Jar,dao,,,,0,uncategorized
den100ip_ladder,Ladder,dao,,,,0,uncategorized
den100ip_map,Map,dao,,,,0,uncategorized
den100ip_player_bedroom,Door,dao,,,,0,uncategorized
den100ip_pot,Flower Pot,dao,,,,0,uncategorized
den100ip_scarecrow,Scarecrow,dao,,,,0,uncategorized
den100ip_tongs,Extraction Tool,dao,,,,0,uncategorized
den100ip_whip,Whip,dao,,,,0,uncategorized
den200ar_market,Denerim Market District,dao,,,,0,uncategorized
den200cr_amb_boy1,Boy,dao,,,,0,uncategorized
den200cr_amb_boy2,Boy,dao,,,,0,uncategorized
den200cr_amb_dwf_merch1,Merchant,dao,,,,0,uncategorized
den200cr_amb_dwf_merch2,Merchant,dao,,,,0,uncategorized
den200cr_amb_dwf_merch3,Merchant,dao,,,,0,uncategorized
den200cr_amb_dwf_merch4,Merchant,dao,,,,0,uncategorized
den200cr_amb_elf_boy,Elf Boy,dao,,,,0,uncategorized
den200cr_amb_elf_girl,Elf Girl,dao,,,,0,uncategorized
den200cr_amb_f10_common,Commoner,dao,,,,0,uncategorized
den200cr_amb_f1_mage,Mage,dao,,,,0,uncategorized
den200cr_amb_f2_cleric,Cleric,dao,,,,0,uncategorized
den200cr_amb_f3_noble,Noble,dao,,,,0,uncategorized
den200cr_amb_f4_noble,Noble,dao,,,,0,uncategorized
den200cr_amb_f5_noble,Noble,dao,,,,0,uncategorized
den200cr_amb_f6_common,Commoner,dao,,,,0,uncategorized
den200cr_amb_f7_common,Commoner,dao,,,,0,uncategorized
den200cr_amb_f8_common,Commoner,dao,,,,0,uncategorized
den200cr_amb_f9_common,Commoner,dao,,,,0,uncategorized
den200cr_amb_fem_1,Commoner,dao,,,,0,uncategorized
den200cr_amb_girl1,Girl,dao,,,,0,uncategorized
den200cr_amb_girl2,Girl,dao,,,,0,uncategorized
den200cr_amb_knight1,Knight,dao,,,,0,uncategorized
den200cr_amb_knight2,Knight,dao,,,,0,uncategorized
den200cr_amb_knight3,Knight,dao,,,,0,uncategorized
den200cr_amb_knight4,Knight,dao,,,,0,uncategorized
den200cr_amb_knight5,Knight,dao,,,,0,uncategorized
den200cr_amb_m10_common,Commoner,dao,,,,0,uncategorized
den200cr_amb_m1_mage,Mage,dao,,,,0,uncategorized
den200cr_amb_m2_cleric,Cleric,dao,,,,0,uncategorized
den200cr_amb_m3_noble,Noble,dao,,,,0,uncategorized
den200cr_amb_m4_noble,Noble,dao,,,,0,uncategorized
den200cr_amb_m5_noble,Noble,dao,,,,0,uncategorized
den200cr_amb_m6_common,Commoner,dao,,,,0,uncategorized
den200cr_amb_m7_common,Commoner,dao,,,,0,uncategorized
den200cr_amb_m8_common,Commoner,dao,,,,0,uncategorized
den200cr_amb_m9_common,Commoner,dao,,,,0,uncategorized
den200cr_amb_merchant5,Merchant,dao,,,,0,uncategorized
den200cr_amb_serv_f1,Servant,dao,,,,0,uncategorized
den200cr_amb_serv_f2,Servant,dao,,,,0,uncategorized
den200cr_amb_serv_f3,Servant,dao,,,,0,uncategorized
den200cr_amb_serv_f4,Servant,dao,,,,0,uncategorized
den200cr_amb_serv_f5,Servant,dao,,,,0,uncategorized
den200cr_amb_serv_m1,Servant,dao,,,,0,uncategorized
den200cr_amb_serv_m2,Servant,dao,,,,0,uncategorized
den200cr_amb_serv_m3,Servant,dao,,,,0,uncategorized
den200cr_amb_serv_m4,Servant,dao,,,,0,uncategorized
den200cr_bear_ambient,Black Bear,dao,,,,0,uncategorized
den200cr_casavir,Casavir,dao,,,,0,uncategorized
den200cr_cesar,Cesar,dao,,,,0,uncategorized
den200cr_chanter_denerim,Chanter Rosamund,dao,,,,0,uncategorized
den200cr_child_dog,Child,dao,,,,0,uncategorized
den200cr_couldry,Slim Couldry,dao,,,,0,uncategorized
den200cr_gorim,Gorim,dao,,,,0,uncategorized
den200cr_habren,Habren,dao,,,,0,uncategorized
den200cr_habren_guard,Habren's Guard,dao,,,,0,uncategorized
den200cr_habren_servant,Habren's Servant,dao,,,,0,uncategorized
den200cr_ignacio,Master Ignacio,dao,,,,0,uncategorized
den200cr_ignacio_delivery,Messenger,dao,,,,0,uncategorized
den200cr_ignacio_thug,Thug,dao,,,,0,uncategorized
den200cr_ignacio_thug_bow,Thug,dao,,,,0,uncategorized
den200cr_isabela,Isabela,dao,,,,0,uncategorized
den200cr_kylon,Sergeant Kylon,dao,,,,0,uncategorized
den200cr_kylon_guard,City Guard,dao,,,,0,uncategorized
den200cr_kylon_guard_2,City Guard,dao,,,,0,uncategorized
den200cr_pick1_maid,Lady's Maid,dao,,,,0,uncategorized
den200cr_pick3_silver_grd_2,Restless Guard,dao,,,,0,uncategorized
den200cr_pick3_silver_guard,Alert Guard,dao,,,,0,uncategorized
den200cr_pick3_silversmith,Master Tilver,dao,,,,0,uncategorized
den200cr_ruffian_1,Ruffian,dao,,,,0,uncategorized
den200cr_ruffian_2,Ruffian,dao,,,,0,uncategorized
den200cr_ruffian_3,Ruffian,dao,,,,0,uncategorized
den200cr_ser_landry,Ser Landry,dao,,,,0,uncategorized
den200cr_ser_landry_2nd,Ser Landry's Second,dao,,,,0,uncategorized
den200cr_ser_landry_2nd_bow,Ser Landry's Second,dao,,,,0,uncategorized
den200cr_ser_landry_2nd_dw,Ser Landry's Second,dao,,,,0,uncategorized
den200ip_alienage_exit,Elven Alienage,dao,,,,0,uncategorized
den200ip_chanter_board,Chanter's Board,dao,,,,0,uncategorized
den200ip_lt_jenny_door,Mysterious Door,dao,,,,0,uncategorized
den200ip_northwest_exit,City Map,dao,,,,0,uncategorized
den200ip_nw_gate,Portcullis,dao,,,,0,uncategorized
den200ip_paedan_poster,Grey Warden Poster,dao,,,,0,uncategorized
den200ip_pick3_silversmith,Chest,dao,,,,0,uncategorized
den200ip_pick3_silversmith2,Chest,dao,,,,0,uncategorized
den200ip_portcullis,Portcullis,dao,,,,0,uncategorized
den200ip_portcullis_open,Portcullis,dao,,,,0,uncategorized
den200ip_southeast_exit,City Map,dao,,,,0,uncategorized
den200ip_to_arl_exterior,Arl of Denerim's Estate,dao,,,,0,uncategorized
den200ip_to_eamon_exterior,Arl Eamon's Estate,dao,,,,0,uncategorized
den200ip_to_eamon_left,Servants' Quarters,dao,,,,0,uncategorized
den200ip_to_eamon_right,Kitchen,dao,,,,0,uncategorized
den200ip_to_genitivis_home,Genitivi's Home,dao,,,,0,uncategorized
den200ip_to_goldanas_house,Goldanna's House,dao,,,,0,uncategorized
den200ip_to_leliana_plot,Assassin's Contact for Leliana,dao,,,,0,uncategorized
den200ip_to_noble_exterior,Noble's Estate,dao,,,,0,uncategorized
den200ip_to_noble_tavern,Gnawed Noble Tavern,dao,,,,0,uncategorized
den200ip_to_smithy,Wade's Emporium,dao,,,,0,uncategorized
den200ip_to_wardens_cache,Warehouse,dao,,,,0,uncategorized
den200ip_to_wonders,Wonders of Thedas Shop,dao,,,,0,uncategorized
den210cr_eamon_guard_1,Guard,dao,,,,0,uncategorized
den211ar_arl_eamon_estate_1,Arl Eamon's Estate,dao,,,,0,uncategorized
den211cr_agatha,Agatha,dao,,,,0,uncategorized
den211cr_denoel,Denoel,dao,,,,0,uncategorized
den211cr_eamon,Arl Eamon,dao,,,,0,uncategorized
den211cr_housekeeper,Maid,dao,,,,0,uncategorized
den211cr_nigella,Nigella,dao,,,,0,uncategorized
den211cr_scullion,Scullion,dao,,,,0,uncategorized
den211cr_ser_cauthrien,Ser Cauthrien,dao,,,,0,uncategorized
den211cr_undercook,Undercook,dao,,,,0,uncategorized
den211ip_alistairs_stuff,Chest,dao,,,,0,uncategorized
den211ip_codex_hst_fer_2,Book,dao,,,,0,uncategorized
den211ip_to_exterior_left,Estate Exterior,dao,,,,0,uncategorized
den211ip_to_exterior_main,Estate Exterior,dao,,,,0,uncategorized
den211ip_to_exterior_right,Estate Exterior,dao,,,,0,uncategorized
den211ip_to_second_floor,Second Floor,dao,,,,0,uncategorized
den211ip_to_second_floor_r,Second Floor,dao,,,,0,uncategorized
den212cr_erlina,Erlina,dao,,,,0,uncategorized
den212cr_maid_1,Maid,dao,,,,0,uncategorized
den212cr_maid_2,Maid,dao,,,,0,uncategorized
den212cr_servant,Servant,dao,,,,0,uncategorized
den220ar_noble_tavern,Gnawed Noble Tavern,dao,,,,0,uncategorized
den220cr_alfstanna,Bann Alfstanna,dao,,,,0,uncategorized
den220cr_bartender,Bartender,dao,,,,0,uncategorized
den220cr_bryland,Bryland,dao,,,,0,uncategorized
den220cr_ceorlic,Ceorlic,dao,,,,0,uncategorized
den220cr_crim_oar_flunk_bow,Crimson Oars Mercenary,dao,,,,0,uncategorized
den220cr_crim_oar_flunk_dag,Crimson Oars Mercenary,dao,,,,0,uncategorized
den220cr_crimson_oars_flunk,Crimson Oars Mercenary,dao,,,,0,uncategorized
den220cr_crimsons_oars_lead,Crimson Oars Leader,dao,,,,0,uncategorized
den220cr_edwina,Edwina,dao,,,,0,uncategorized
den220cr_pick4_sen_grd_bow,Loghain Soldier,dao,,,,0,uncategorized
den220cr_pick4_sen_grd_fnky,Loghain Soldier,dao,,,,0,uncategorized
den220cr_pick4_seneshal,Loghain's Seneschal,dao,,,,0,uncategorized
den220cr_pick4_seneshal_grd,Loghain Guard Captain,dao,,,,0,uncategorized
den220cr_sighard,Sighard,dao,,,,0,uncategorized
den220cr_sophie_guard,Sophie's Guard,dao,,,,0,uncategorized
den220cr_waitress_1,Waitress,dao,,,,0,uncategorized
den220cr_waitress_2,Waitress,dao,,,,0,uncategorized
den220cr_waitress_3,Waitress,dao,,,,0,uncategorized
den220cr_wulff,Arl Wulff,dao,,,,0,uncategorized
den220ip_assassin_chest,Chest,dao,,,,0,uncategorized
den220ip_sophie_cabinet,Cabinet,dao,,,,0,uncategorized
den220ip_sophie_chest,Chest,dao,,,,0,uncategorized
den220ip_sophie_door,Door,dao,,,,0,uncategorized
den220ip_sophie_vase,Vase,dao,,,,0,uncategorized
den220ip_to_market,Market District,dao,,,,0,uncategorized
den230ar_wonders_of_thedas,Wonders of Thedas,dao,,,,0,uncategorized
den230cr_pick2_nancine,Ser Nancine,dao,,,,0,uncategorized
den230cr_proprietor,Tranquil Proprietor,dao,,,,0,uncategorized
den230ip_to_market,Market District,dao,,,,0,uncategorized
den240ar_goldanas_house,Goldanna's Home,dao,,,,0,uncategorized
den240cr_goldana,Goldanna,dao,,,,0,uncategorized
den240ip_to_market,Market District,dao,,,,0,uncategorized
den250ar_leliana_plot,Marjolaine's Home,dao,,,,0,uncategorized
den250cr_mage_a,Traveler,dao,,,,0,uncategorized
den250cr_mage_b,Traveler,dao,,,,0,uncategorized
den250cr_marjolaine,Marjolaine,dao,,,,0,uncategorized
den250cr_war_a,Guard,dao,,,,0,uncategorized
den250cr_war_b,Guard,dao,,,,0,uncategorized
den250ip_chest_iron,Chest,dao,,,,0,uncategorized
den250ip_to_market,Market District,dao,,,,0,uncategorized
den260ar_warden_cache,Market Warehouse,dao,,,,0,uncategorized
den260cr_howe_lt,Howe Thug Leader,dao,,,,0,uncategorized
den260cr_howe_lt_2,Howe Thug Leader,dao,,,,0,uncategorized
den260cr_howe_soldier,Howe Thug,dao,,,,0,uncategorized
den260ip_armor,Armoire,dao,,,,0,uncategorized
den260ip_howe_silver,Chest,dao,,,,0,uncategorized
den260ip_sliding_shelf,Shelf,dao,,,,0,uncategorized
den260ip_to_market,Market District,dao,,,,0,uncategorized
den260ip_weapons,Weapon Rack,dao,,,,0,uncategorized
den270ar_genitivis_home,Genitivi's Home,dao,,,,0,uncategorized
den270cr_weylon,Weylon,dao,,,,0,uncategorized
den270ip_cod_bks_chantry_hi,Book,dao,,,,0,uncategorized
den270ip_cod_hst_dragon_cul,Book,dao,,,,0,uncategorized
den270ip_cod_mgc_chant_stru,Book,dao,,,,0,uncategorized
den270ip_to_exterior,Market District,dao,,,,0,uncategorized
den270ip_weylon_chest,Chest,dao,,,,0,uncategorized
den270ip_weylon_corpse,Corpse,dao,,,,0,uncategorized
den280ar_smithy,Smithy,dao,,,,0,uncategorized
den280ip_to_market,Market District,dao,,,,0,uncategorized
den300ar_elven_alienage,Elven Alienage,dao,,,,0,uncategorized
den300cr_alienage_guard,City Guard,dao,,,,0,uncategorized
den300cr_beaten_guy,Haggard Human,dao,,,,0,uncategorized
den300cr_beggar_fake,"""Beggar""",dao,,,,0,uncategorized
den300cr_beggar_gen_2,Beggar,dao,,,,0,uncategorized
den300cr_beggar_gen_3,Beggar,dao,,,,0,uncategorized
den300cr_beggar_gen_4,Beggar,dao,,,,0,uncategorized
den300cr_beggar_gen_5,Beggar,dao,,,,0,uncategorized
den300cr_beggar_generic,Beggar,dao,,,,0,uncategorized
den300cr_beggar_ollie,Orphan Ollie,dao,,,,0,uncategorized
den300cr_beggar_veteran,Starved Veteran,dao,,,,0,uncategorized
den300cr_crowd_elf_fem_1,Elf Woman,dao,,,,0,uncategorized
den300cr_crowd_elf_fem_2,Elf Woman,dao,,,,0,uncategorized
den300cr_crowd_elf_fem_3,Elf Woman,dao,,,,0,uncategorized
den300cr_crowd_elf_fem_4,Elf Woman,dao,,,,0,uncategorized
den300cr_crowd_elf_fem_5,Elf Woman,dao,,,,0,uncategorized
den300cr_crowd_elf_fem_6,Elf Woman,dao,,,,0,uncategorized
den300cr_crowd_elf_male_1,Elf,dao,,,,0,uncategorized
den300cr_crowd_elf_male_2,Elf,dao,,,,0,uncategorized
den300cr_crowd_elf_male_3,Elf,dao,,,,0,uncategorized
den300cr_crowd_elf_male_4,Elf,dao,,,,0,uncategorized
den300cr_crowd_elf_male_5,Elf,dao,,,,0,uncategorized
den300cr_elf_thug_1,Elven Thug,dao,,,,0,uncategorized
den300cr_elf_thug_2,Elven Thug,dao,,,,0,uncategorized
den300cr_elf_thug_3,Elven Thug,dao,,,,0,uncategorized
den300cr_elven_child,Amethyne,dao,,,,0,uncategorized
den300cr_otto,Ser Otto,dao,,,,0,uncategorized
den300cr_otto_beggar,Deranged Beggar,dao,,,,0,uncategorized
den300cr_otto_feral_dog,Feral Dog,dao,,,,0,uncategorized
den300cr_ran_tev_cbow,Tevinter Soldier,dao,,,,0,uncategorized
den300cr_ran_tev_dual,Tevinter Soldier,dao,,,,0,uncategorized
den300cr_saritor,Healer Saritor,dao,,,,0,uncategorized
den300cr_shianni,Shianni,dao,,,,0,uncategorized
den300cr_sick_elf_fem_1,Sick Elf,dao,,,,0,uncategorized
den300cr_sick_elf_male_1,Sick Elf,dao,,,,0,uncategorized
den300cr_side_guard,Elf Guard,dao,,,,0,uncategorized
den300cr_tevinter_guard_1,Tevinter Guard,dao,,,,0,uncategorized
den300cr_tevinter_guard_2,Tevinter Guard,dao,,,,0,uncategorized
den300cr_veras,Healer Veras,dao,,,,0,uncategorized
den300ip_blood_pool,Pool of Blood,dao,,,,0,uncategorized
den300ip_dead_dog,Dead Dog,dao,,,,0,uncategorized
den300ip_exit,City Map,dao,,,,0,uncategorized
den300ip_notice,Official Notice,dao,,,,0,uncategorized
den300ip_otto_blood,Pool of Blood,dao,,,,0,uncategorized
den300ip_to_alariths_store,Alarith's Store,dao,,,,0,uncategorized
den300ip_to_apartments_fron,Apartments,dao,,,,0,uncategorized
den300ip_to_apartments_rear,Apartments,dao,,,,0,uncategorized
den300ip_to_blood_mage,Deserted Building,dao,,,,0,uncategorized
den300ip_to_compound,Warehouse,dao,,,,0,uncategorized
den300ip_to_hospice_front,Hospice,dao,,,,0,uncategorized
den300ip_to_hospice_side,Hospice,dao,,,,0,uncategorized
den300ip_to_orphanage,Orphanage,dao,,,,0,uncategorized
den300ip_to_players_house,Cyrion's House,dao,,,,0,uncategorized
den300ip_to_valendrians,Valendrian's House,dao,,,,0,uncategorized
den310ar_cityelf_pc_house,Home,dao,,,,0,uncategorized
den310ip_to_alienage,Elven Alienage,dao,,,,0,uncategorized
den320ar_alariths_store,Alarith's Store,dao,,,,0,uncategorized
den320cr_alarith,Alarith,dao,,,,0,uncategorized
den320ip_to_alienage,Elven Alienage,dao,,,,0,uncategorized
den330ar_valendrians_home,Valendrian's Home,dao,,,,0,uncategorized
den330cr_valendrian,Valendrian,dao,,,,0,uncategorized
den330ip_to_alienage,Elven Alienage,dao,,,,0,uncategorized
den340ar_hospice,Tevinter Hospice,dao,,,,0,uncategorized
den340cr_captive_1,Elf,dao,,,,0,uncategorized
den340cr_captive_2,Elf,dao,,,,0,uncategorized
den340cr_captive_3,Elf,dao,,,,0,uncategorized
den340cr_captive_4,Elf,dao,,,,0,uncategorized
den340cr_captive_5,Elf Woman,dao,,,,0,uncategorized
den340cr_captive_6,Elf Woman,dao,,,,0,uncategorized
den340cr_captive_7,Elf Woman,dao,,,,0,uncategorized
den340cr_captive_boy,Elf Boy,dao,,,,0,uncategorized
den340cr_captive_girl,Elf Girl,dao,,,,0,uncategorized
den340cr_hospice_guard_1,Guard,dao,,,,0,uncategorized
den340cr_hospice_guard_2,Guard,dao,,,,0,uncategorized
den340cr_supervisor,Supervisor,dao,,,,0,uncategorized
den340ip_note,Note,dao,,,,0,uncategorized
den340ip_slave_pen,Animal Cage,dao,,,,0,uncategorized
den340ip_to_alienage_front,Front Door,dao,,,,0,uncategorized
den340ip_to_alienage_side,Side Door,dao,,,,0,uncategorized
den350ar_slaver_apartments,Run-Down Apartments,dao,,,,0,uncategorized
den350cr_alley_guard,Alley Guard,dao,,,,0,uncategorized
den350cr_elf_guard,Elf Guard,dao,,,,0,uncategorized
den350cr_scared_elf,Elf,dao,,,,0,uncategorized
den350ip_alley_door,Metal Door,dao,metal,shield,,0,uncategorized
den350ip_blocker_door,Door,dao,,,,0,uncategorized
den350ip_bloodstain,Blood Stain,dao,,,,0,uncategorized
den350ip_chair,Chair,dao,,,,0,uncategorized
den350ip_cod_city_elf,Pile of Books,dao,,,,0,uncategorized
den350ip_fazzil_chest,Chest,dao,,,,0,uncategorized
den350ip_sword_chest,Chest,dao,,,,0,uncategorized
den350ip_table,Table,dao,,,,0,uncategorized
den350ip_to_alienage_front,Elven Alienage,dao,,,,0,uncategorized
den350ip_to_alienage_rear,Elven Alienage,dao,,,,0,uncategorized
den350ip_toy,Toy Doll,dao,,,,0,uncategorized
den350ip_vase,Broken Vase,dao,,,,0,uncategorized
den360ar_slaver_compound,Tevinter Warehouse,dao,,,,0,uncategorized
den360cr_caladrius,Caladrius,dao,,,,0,uncategorized
den360cr_devera,Devera,dao,,,,0,uncategorized
den360cr_father,Cyrion,dao,,,,0,uncategorized
den360ip_money,Chest,dao,,,,0,uncategorized
den360ip_slave_pen,Cage,dao,,,,0,uncategorized
den360ip_to_alienage,Elven Alienage,dao,,,,0,uncategorized
den360ip_to_map,Exit,dao,,,,0,uncategorized
den400ar_fort,Fort Drakon,dao,,,,0,uncategorized
den400cr_augustine,Sister Augustine,dao,,,,0,uncategorized
den400cr_barracks_guard_1,Guard,dao,,,,0,uncategorized
den400cr_barracks_guard_2,Guard,dao,,,,0,uncategorized
den400cr_barracks_guard_3,Guard,dao,,,,0,uncategorized
den400cr_captain,Captain,dao,,,,0,uncategorized
den400cr_equipment_guy,Guard,dao,,,,0,uncategorized
den400cr_front_guard_1,Guard,dao,,,,0,uncategorized
den400cr_front_guard_2,Guard,dao,,,,0,uncategorized
den400cr_generic_prisoner,Prisoner,dao,,,,0,uncategorized
den400cr_generic_prisoner_1,Prisoner,dao,,,,0,uncategorized
den400cr_generic_prisoner_2,Prisoner,dao,,,,0,uncategorized
den400cr_jailor,Jailor,dao,,,,0,uncategorized
den400cr_jailor_2,Guard,dao,,,,0,uncategorized
den400cr_kennel_master,Guard,dao,,,,0,uncategorized
den400cr_offduty_guard_1,Off-Duty Guard,dao,,,,0,uncategorized
den400cr_offduty_guard_2,Off-Duty Guard,dao,,,,0,uncategorized
den400cr_officer,Colonel,dao,,,,0,uncategorized
den400cr_post_guard_1,Guard,dao,,,,0,uncategorized
den400cr_post_guard_2,Guard,dao,,,,0,uncategorized
den400cr_prisoner,Prisoner,dao,,,,0,uncategorized
den400cr_sergeant,Sergeant Tanna,dao,,,,0,uncategorized
den400cr_storage_guard_1,Guard,dao,,,,0,uncategorized
den400cr_storage_guard_2,Guard,dao,,,,0,uncategorized
den400ip_ballista_big,Ballista,dao,,,,0,uncategorized
den400ip_ballista_mount,Ballista Mount,dao,,,,0,uncategorized
den400ip_cage,Metal Door,dao,metal,shield,,0,uncategorized
den400ip_door_barracks,Metal Door,dao,metal,shield,,0,uncategorized
den400ip_door_captain,Metal Door,dao,metal,shield,,0,uncategorized
den400ip_door_hall_front,Metal Door,dao,metal,shield,,0,uncategorized
den400ip_door_hall_rear,Metal Door,dao,metal,shield,,0,uncategorized
den400ip_door_kennel,Metal Door,dao,metal,shield,,0,uncategorized
den400ip_door_reception,Metal Door,dao,metal,shield,,0,uncategorized
den400ip_front_door,Metal Door,dao,metal,shield,,0,uncategorized
den400ip_player_chest,Chest,dao,,,,0,uncategorized
den400ip_prisoner_cage,Metal Door,dao,metal,shield,,0,uncategorized
den400ip_regulation_swords,Weapon Rack,dao,,,,0,uncategorized
den410ar_eamon_estate_2,Arl Eamon's Estate,dao,,,,0,uncategorized
den500ar_arl_exterior,Arl of Denerim's Estate - Exterior,dao,,,,0,uncategorized
den500cr_craftsman_1,Craftsman,dao,,,,0,uncategorized
den500cr_craftsman_2,Craftsman,dao,,,,0,uncategorized
den500cr_craftsman_3,Craftsman,dao,,,,0,uncategorized
den500cr_craftsman_4,Craftsman,dao,,,,0,uncategorized
den500cr_craftsman_5,Craftsman,dao,,,,0,uncategorized
den500cr_craftsman_6,Craftsman,dao,,,,0,uncategorized
den500cr_craftsman_7,Craftsman,dao,,,,0,uncategorized
den500cr_craftsman_8,Craftsman,dao,,,,0,uncategorized
den500cr_front_guard_1,Guard,dao,,,,0,uncategorized
den500cr_front_guard_2,Guard,dao,,,,0,uncategorized
den500cr_patroller,Guard,dao,,,,0,uncategorized
den500cr_rear_guard_1,Guard,dao,,,,0,uncategorized
den500cr_rear_guard_2,Guard,dao,,,,0,uncategorized
den500cr_upperwatch,Guard,dao,,,,0,uncategorized
den500ip_bribe_stash,Forgotten Stash,dao,,,,0,uncategorized
den500ip_exit,City Map,dao,,,,0,uncategorized
den500ip_to_arl_estate_frnt,Arl of Denerim's Estate,dao,,,,0,uncategorized
den500ip_to_arl_estate_rear,Arl of Denerim's Estate,dao,,,,0,uncategorized
den510ar_arl_estate,Arl of Denerim's Estate - Interior,dao,,,,0,uncategorized
den510cr_anora,Anora,dao,,,,0,uncategorized
den510cr_armory_guard_1,Guard,dao,,,,0,uncategorized
den510cr_barracks_guard_1,Guard,dao,,,,0,uncategorized
den510cr_barracks_guard_2,Guard,dao,,,,0,uncategorized
den510cr_captain,Guard Captain,dao,,,,0,uncategorized
den510cr_cauthrien_guard_1,Loghain's Guard,dao,,,,0,uncategorized
den510cr_cauthrien_guard_2,Loghain's Guard,dao,,,,0,uncategorized
den510cr_cauthrien_ranged_1,Loghain's Guard,dao,,,,0,uncategorized
den510cr_cauthrien_ranged_2,Loghain's Guard,dao,,,,0,uncategorized
den510cr_cook_1,Cook,dao,,,,0,uncategorized
den510cr_cook_2,Cook,dao,,,,0,uncategorized
den510cr_guard_makeout,Guard,dao,,,,0,uncategorized
den510cr_head_cook,Head Cook,dao,,,,0,uncategorized
den510cr_jailor,Jailor,dao,,,,0,uncategorized
den510cr_kennel_guard_1,Guard,dao,,,,0,uncategorized
den510cr_main_guard_1,Guard,dao,,,,0,uncategorized
den510cr_patroller,Guard,dao,,,,0,uncategorized
den510cr_post_guard_1,Guard,dao,,,,0,uncategorized
den510cr_post_guard_2,Guard,dao,,,,0,uncategorized
den510cr_post_guard_3,Guard,dao,,,,0,uncategorized
den510cr_riordan,Riordan,dao,,,,0,uncategorized
den510cr_scullion_1,Scullion,dao,,,,0,uncategorized
den510cr_scullion_2,Scullion,dao,,,,0,uncategorized
den510cr_servant,Maid,dao,,,,0,uncategorized
den510cr_walking1_1,Off-Duty Guard,dao,,,,0,uncategorized
den510cr_walking1_2,Off-Duty Guard,dao,,,,0,uncategorized
den510cr_walking_2_1,Off-Duty Guard,dao,,,,0,uncategorized
den510cr_walking_2_2,Off-Duty Guard,dao,,,,0,uncategorized
den510cr_walking_2_3,Off-Duty Guard,dao,,,,0,uncategorized
den510ip_dog_cage,Cage,dao,,,,0,uncategorized
den510ip_howe_chest,Chest,dao,,,,0,uncategorized
den510ip_large_door,Door,dao,,,,0,uncategorized
den510ip_library_to_torture,Door,dao,,,,0,uncategorized
den510ip_mid_dungeon,Door,dao,,,,0,uncategorized
den510ip_riordan_door,Door,dao,,,,0,uncategorized
den510ip_servants_wing,Door,dao,,,,0,uncategorized
den510ip_talk_door_anora,Metal Door,dao,metal,shield,,0,uncategorized
den510ip_to_arl_dungeon,Dungeon,dao,,,,0,uncategorized
den510ip_to_arl_dungeon_mid,Dungeon,dao,,,,0,uncategorized
den510ip_to_arl_exterior,Estate Exterior,dao,,,,0,uncategorized
den510ip_to_arl_front,Estate Exterior,dao,,,,0,uncategorized
den510ip_treasure_chest,Treasure Pile,dao,,,,0,uncategorized
den510ip_treasure_door,Metal Door,dao,metal,shield,,0,uncategorized
den510ip_treasure_pile,Treasure Pile,dao,,,,0,uncategorized
den510ip_treasure_pile_1,Treasure Pile,dao,,,,0,uncategorized
den510ip_treasure_pile_2,Treasure Pile,dao,,,,0,uncategorized
den510ip_vaughans_lockbox,Vaughan's Lockbox,dao,,,,0,uncategorized
den511ar_arl_dungeon,Arl of Denerim's Estate - Dungeon,dao,,,,0,uncategorized
den511cr_crazy_victim,Rexel,dao,,,,0,uncategorized
den511cr_gatekeeper,Howe Guard,dao,,,,0,uncategorized
den511cr_high_guard_1,Guard,dao,,,,0,uncategorized
den511cr_howe,Arl Howe,dao,,,,0,uncategorized
den511cr_howe_guard_bow,Howe Guard,dao,,,,0,uncategorized
den511cr_howe_mage_1,Mage,dao,,,,0,uncategorized
den511cr_howe_mage_2,Mage,dao,,,,0,uncategorized
den511cr_irminric,Irminric,dao,,,,0,uncategorized
den511cr_lower_guard_1,Jailor,dao,,,,0,uncategorized
den511cr_oswyn,Oswyn,dao,,,,0,uncategorized
den511cr_soris,Soris,dao,,,,0,uncategorized
den511cr_torturer_1,Torturer,dao,,,,0,uncategorized
den511cr_torturer_2,Torturer,dao,,,,0,uncategorized
den511cr_vaughan,Vaughan,dao,,,,0,uncategorized
den511ip_rack,Torture Rack,dao,,,,0,uncategorized
den511ip_riordan_chest,Chest of Documents,dao,,,,0,uncategorized
den511ip_section_door,Cell Door,dao,,,,0,uncategorized
den511ip_talk_lower_prison,Cell Door,dao,,,,0,uncategorized
den511ip_talk_upper_prison,Cell Door,dao,,,,0,uncategorized
den511ip_to_arl_estate,Main Floor,dao,,,,0,uncategorized
den511ip_to_arl_estate_mid,Main Floor,dao,,,,0,uncategorized
den600ar_landsmeet_chamber,Landsmeet Chamber,dao,,,,0,uncategorized
den600cr_elemena,Grand Cleric Elemena,dao,,,,0,uncategorized
den600cr_gathered_noble_1,Noble,dao,,,,0,uncategorized
den600cr_gathered_noble_10,Noble,dao,,,,0,uncategorized
den600cr_gathered_noble_11,Noble,dao,,,,0,uncategorized
den600cr_gathered_noble_12,Noble,dao,,,,0,uncategorized
den600cr_gathered_noble_2,Noble,dao,,,,0,uncategorized
den600cr_gathered_noble_3,Noble,dao,,,,0,uncategorized
den600cr_gathered_noble_4,Noble,dao,,,,0,uncategorized
den600cr_gathered_noble_5,Noble,dao,,,,0,uncategorized
den600cr_gathered_noble_6,Noble,dao,,,,0,uncategorized
den600cr_gathered_noble_7,Noble,dao,,,,0,uncategorized
den600cr_gathered_noble_8,Noble,dao,,,,0,uncategorized
den600cr_gathered_noble_9,Noble,dao,,,,0,uncategorized
den600cr_loghain_boss,Loghain,dao,,,,0,uncategorized
den600cr_loghain_duel,Loghain,dao,,,,0,uncategorized
den600cr_royal_guard_1,Royal Guard,dao,,,,0,uncategorized
den600ip_balcony_door,Door,dao,,,,0,uncategorized
den600ip_chamber_doors,Metal Doors,dao,metal,shield,,0,uncategorized
den600ip_exit,City Map,dao,,,,0,uncategorized
den600ip_throne,Throne,dao,,,,0,uncategorized
den700cr_perpetua,Mother Perpetua,dao,,,,0,uncategorized
den700cr_templarguard1,Templar Guard,dao,,,,0,uncategorized
den700cr_templarguard2,Templar Guard,dao,,,,0,uncategorized
den700cr_theohild,Sister Theohild,dao,,,,0,uncategorized
den900ip_plot_lock_door_lrg,Door,dao,,,,0,uncategorized
den911cr_soldier_1,Guard,dao,,,,0,uncategorized
den912cr_soldier_1,Guard,dao,,,,0,uncategorized
den920ar_crows,Back Alley,dao,,,,0,uncategorized
den920cr_crow_bow,Assassin,dao,,,,0,uncategorized
den920cr_crow_bow_f,Assassin,dao,,,,0,uncategorized
den920cr_crow_daggers,Assassin,dao,,,,0,uncategorized
den920cr_crow_daggers_f,Assassin,dao,,,,0,uncategorized
den920cr_taliesen,Taliesen,dao,,,,0,uncategorized
den920ip_to_landsmeet,Landsmeet Chamber,dao,,,,0,uncategorized
den921ar_wide_1,Back Alley,dao,,,,0,uncategorized
den922ar_wide_2,Back Alley,dao,,,,0,uncategorized
den922cr_lt_revenant,Revenant,dao,,,,0,uncategorized
den922ip_lever,Lever,dao,,,,0,uncategorized
den922ip_lt_phylactery,Glass Phylactery,dao,,,,0,uncategorized
den950ar_alley_justice_1,Dark Alley,dao,,,,0,uncategorized
den950cr_thug,Thug,dao,,,,0,uncategorized
den950cr_thug_archer,Thug,dao,,,,0,uncategorized
den950cr_thug_leader_1,Gang Leader,dao,,,,0,uncategorized
den950cr_thug_mace,Thug,dao,,,,0,uncategorized
den950cr_thug_minion,Thug Minion,dao,,,,0,uncategorized
den950cr_thug_minion_2,Thug,dao,,,,0,uncategorized
den950ip_door_double_inact,Metal Doors,dao,metal,shield,,0,uncategorized
den950ip_door_round_inact,Door,dao,,,,0,uncategorized
den950ip_door_small_inact,Door,dao,,,,0,uncategorized
den950ip_exit,City Map,dao,,,,0,uncategorized
den950ip_gate_blocker,City Map,dao,,,,0,uncategorized
den951ar_alley_justice_2,Dirty Back Alley,dao,,,,0,uncategorized
den951cr_thug_leader_2,Gang Leader,dao,,,,0,uncategorized
den951ip_to_gaz,Quaint Hovel,dao,,,,0,uncategorized
den951ip_to_gaz_talker,Quaint Hovel,dao,,,,0,uncategorized
den952ar_alley_justice_3,Run-Down Back Street,dao,,,,0,uncategorized
den952cr_ser_friden_dead,Ser Friden,dao,,,,0,uncategorized
den952cr_thug_leader_3,Gang Leader,dao,,,,0,uncategorized
den960ar_orphanage,Abandoned Orphanage,dao,,,,0,uncategorized
den960cr_demon,Lesser Shade,dao,,,,0,uncategorized
den960cr_demon_orphanage,Demon,dao,,,,0,uncategorized
den960cr_demon_row_house,Demon,dao,,,,0,uncategorized
den960cr_demon_row_house_2,Demon,dao,,,,0,uncategorized
den960cr_eerie_boy,Boy,dao,,,,0,uncategorized
den960cr_eerie_girl_1,Girl,dao,,,,0,uncategorized
den960cr_eerie_girl_2,Girl,dao,,,,0,uncategorized
den960cr_ghost_child,Elven Boy,dao,,,,0,uncategorized
den960cr_immortal_ghost,Tormented Woman,dao,,,,0,uncategorized
den960cr_nanny,Nanny,dao,,,,0,uncategorized
den960cr_rabid_wardog,Rabid Wardog,dao,,,,0,uncategorized
den960cr_soldier_loot,Corpse,dao,,,,0,uncategorized
den960cr_soldier_spirit_ls,Rioting Spirit,dao,,,,0,uncategorized
den960cr_soldier_spirit_mac,Rampaging Spirit,dao,,,,0,uncategorized
den960cr_soldier_spirits,Rioting Spirit,dao,,,,0,uncategorized
den960cr_whisper_boy,Boy,dao,,,,0,uncategorized
den960cr_whisper_girl,Girl,dao,,,,0,uncategorized
den960ip_beggar_chest,Chest,dao,,,,0,uncategorized
den960ip_creepy_toys,Toy,dao,,,,0,uncategorized
den960ip_door_demon,Metal Door,dao,metal,shield,,0,uncategorized
den960ip_ghost_child_door,Door,dao,,,,0,uncategorized
den960ip_locked_door,Door,dao,,,,0,uncategorized
den960ip_locked_door_hard,Metal Door,dao,metal,shield,,0,uncategorized
den960ip_locked_door_lrg,Door,dao,,,,0,uncategorized
den960ip_plot_locked_door,Door,dao,,,,0,uncategorized
den960ip_to_alienage,Elven Alienage,dao,,,,0,uncategorized
den960ip_vert_fire_trap,Fire Spout,dao,,,,0,uncategorized
den961ar_blood_mage,Deserted Building,dao,,,,0,uncategorized
den961cr_blood_mage_2,Blood Mage,dao,,,,0,uncategorized
den961cr_blood_mage_generic,Blood Mage,dao,,,,0,uncategorized
den961cr_blood_mage_healer,Blood Mage,dao,,,,0,uncategorized
den961cr_blood_mage_intro,Blood Mage,dao,,,,0,uncategorized
den961cr_blood_mage_last,Blood Mage Leader,dao,,,,0,uncategorized
den961cr_fire_archer,Mercenary Archer,dao,,,,0,uncategorized
den961ip_barricade,Barricade,dao,,,,0,uncategorized
den961ip_boss_bedroom_door,Metal Door,dao,metal,shield,,0,uncategorized
den961ip_boss_chest,Chest,dao,,,,0,uncategorized
den961ip_entry_door,Metal Door,dao,metal,shield,,0,uncategorized
den961ip_secret_door,Concealed Door,dao,,,,0,uncategorized
den961ip_to_alienage,Elven Alienage,dao,,,,0,uncategorized
den961ip_trap_hallway_door,Metal Door,dao,metal,shield,,0,uncategorized
den962ar_falcon_attack,Back Alley,dao,,,,0,uncategorized
den963ar_landry_attack,Side Street,dao,,,,0,uncategorized
den963cr_chase,Captain Chase,dao,,,,0,uncategorized
den963cr_chase_arch,Howe Soldier,dao,,,,0,uncategorized
den963cr_chase_thug2,Howe Soldier,dao,,,,0,uncategorized
den963cr_chase_thug3,Howe Soldier,dao,,,,0,uncategorized
den963cr_chase_thugs,Howe Soldier,dao,,,,0,uncategorized
den963cr_disguised_crow,Disguised Crow,dao,,,,0,uncategorized
den963cr_disguised_crow2,Disguised Crow,dao,,,,0,uncategorized
den963cr_disguised_crow3,Disguised Crow,dao,,,,0,uncategorized
den964ar_end_assassin,Ransom Drop Location,dao,,,,0,uncategorized
den965ar_qunari_assassin,Kadan-Fe Hideout,dao,,,,0,uncategorized
den965cr_padan_fe_merc,Kadan-Fe Mercenary,dao,,,,0,uncategorized
den965ip_bow_chest,Chest,dao,,,,0,uncategorized
den970ar_franderel_estate,South Wing of Bann Franderel's Estate,dao,,,,0,uncategorized
den970cr_fran_archer,House Archer,dao,,,,0,uncategorized
den970cr_fran_captain,Captain of the Guard,dao,,,,0,uncategorized
den970cr_fran_dual,House Soldier,dao,,,,0,uncategorized
den970cr_fran_heavy,House Soldier,dao,,,,0,uncategorized
den970cr_fran_mage,Rogue Mage,dao,,,,0,uncategorized
den970cr_fran_mage_heal,Rogue Mage,dao,,,,0,uncategorized
den970ip_captain_door,Door,dao,,,,0,uncategorized
den970ip_captain_door_2,Metal Door,dao,metal,shield,,0,uncategorized
den970ip_drink_table,Drink Table,dao,,,,0,uncategorized
den970ip_exit_trap_door,City Map,dao,,,,0,uncategorized
den970ip_secret_door,Concealed Door,dao,,,,0,uncategorized
den970ip_supply_cabinet,Kitchen Supplies,dao,,,,0,uncategorized
den970ip_tears_chest,Chest,dao,,,,0,uncategorized
den970ip_trap_lever,Lever,dao,,,,0,uncategorized
den970ip_treasure_door,Metal Door,dao,metal,shield,,0,uncategorized
den971ar_franderel_estate_2,South Wing of Bann Franderel's Estate,dao,,,,0,uncategorized
den971cr_drink_server,Servant,dao,,,,0,uncategorized
den971cr_fran_captain_key,Mercenary Captain,dao,,,,0,uncategorized
den971cr_gossip_guard_1,House Soldier,dao,,,,0,uncategorized
den971cr_gossip_guard_2,House Soldier,dao,,,,0,uncategorized
den971cr_inner_gossip_1,House Soldier,dao,,,,0,uncategorized
den971cr_inner_gossip_2,House Soldier,dao,,,,0,uncategorized
den971cr_treasure_golem,Golem,dao,,,,0,uncategorized
den971ip_maul_stand,Weapon Rack,dao,,,,0,uncategorized
den971ip_vase_chest,Chest,dao,,,,0,uncategorized
den972ar_gaz_home,Quaint Hovel,dao,,,,0,uncategorized
den972ip_chest,Chest,dao,,,,0,uncategorized
den972ip_to_alley,Dirty Back Alley,dao,,,,0,uncategorized
den973_fite_door2,Rundown Back Street,dao,,,,0,uncategorized
den973ar_fite_home,Dirty Hovel,dao,,,,0,uncategorized
den973ip_fite_door,Dirty Hovel,dao,,,,0,uncategorized
den974ar_rogue_k,K's Hideout,dao,,,,0,uncategorized
den974ip_rogue_unusable,Door,dao,,,,0,uncategorized
den975ar_rogue_d,D's Hideout,dao,,,,0,uncategorized
den976ar_rogue_random_enc,Run-Down Alley,dao,,,,0,uncategorized
dencr_alfstanna_archer_1,Waking Sea Archer,dao,,,,0,uncategorized
dencr_alfstanna_archer_2,Waking Sea Archer,dao,,,,0,uncategorized
dencr_ash_warrior,Ash Warrior,dao,,,,0,uncategorized
dencr_dragon_soldier_1,Dragon's Peak Soldier,dao,,,,0,uncategorized
dencr_gen_soldier_bow,Soldier,dao,,,,0,uncategorized
dencr_gen_soldier_cbow,Soldier,dao,,,,0,uncategorized
dencr_gen_soldier_daggers,Soldier,dao,,,,0,uncategorized
dencr_redcliffe_soldier_1,Redcliffe Soldier,dao,,,,0,uncategorized
dencr_southern_soldier_1,Southern Bannorn Soldier,dao,,,,0,uncategorized
dencr_southreach_soldier_1,South Reach Soldier,dao,,,,0,uncategorized
denip_combat_door,Metal Door,dao,metal,shield,,0,uncategorized
denip_combat_door_large,Metal Door,dao,metal,shield,,0,uncategorized
denip_combat_door_tevinter,Metal Door,dao,metal,shield,,0,uncategorized
denip_prison_door,Cell Door,dao,,,,0,uncategorized
denip_rand_enc_exit_double,City Map,dao,,,,0,uncategorized
denip_rand_enc_exit_single,City Map,dao,,,,0,uncategorized
denip_small_unusable_door,Door,dao,,,,0,uncategorized
denip_talk_door,Metal Door,dao,metal,shield,,0,uncategorized
denip_unusable_tev_door,Metal Door,dao,metal,shield,,0,uncategorized
denip_unuseable_double_door,Metal Doors,dao,metal,shield,,0,uncategorized
denip_unuseable_large_door,Metal Door,dao,metal,shield,,0,uncategorized
disciple_alpha_dual_axes,Disciple Alpha,dao,,,,0,uncategorized
disciple_alpha_greataxe,Disciple Alpha,dao,,,,0,uncategorized
disciple_alpha_greatsword,Disciple Alpha,dao,,,,0,uncategorized
disciple_alpha_maul,Disciple Alpha,dao,,,,0,uncategorized
disciple_emissary_bal,Disciple Emissary,dao,,,,0,uncategorized
disciple_emissary_def,Disciple Emissary,dao,,,,0,uncategorized
disciple_emissary_off,Disciple Emissary,dao,,,,0,uncategorized
disciple_epic_dualaxes,Disciple Skirmisher,dao,,,,0,uncategorized
disciple_epic_emis_def,Disciple Battle Mage,dao,,,,0,uncategorized
disciple_epic_emis_off,Disciple High Mage,dao,,,,0,uncategorized
disciple_epic_greatsword,Disciple Veteran,dao,,,,0,uncategorized
disciple_epic_swordshield,Disciple Defender,dao,,,,0,uncategorized
disciple_heretic_emissary_b,Heretic Disciple,dao,,,,0,uncategorized
disciple_heretic_emissary_d,Heretic Disciple,dao,,,,0,uncategorized
disciple_heretic_emissary_o,Heretic Disciple,dao,,,,0,uncategorized
disciple_heretic_greatsword,Heretic Disciple,dao,,,,0,uncategorized
disciple_heretic_sword,Heretic Disciple,dao,,,,0,uncategorized
disciple_heretic_xbow_mace,Heretic Disciple,dao,,,,0,uncategorized
disciple_lbow_axe,Disciple,dao,,,,0,uncategorized
dog_ambient,Dog,dao,,,,0,uncategorized
dog_mabari_1,Mabari,dao,,,,0,uncategorized
dog_mabari_10,Mabari,dao,,,,0,uncategorized
dog_mabari_2,Mabari,dao,,,,0,uncategorized
dog_mabari_3,Mabari,dao,,,,0,uncategorized
dog_mabari_4,Mabari,dao,,,,0,uncategorized
dog_mabari_5,Mabari,dao,,,,0,uncategorized
dog_mabari_6,Mabari,dao,,,,0,uncategorized
dog_mabari_7,Mabari,dao,,,,0,uncategorized
dog_mabari_8,Mabari,dao,,,,0,uncategorized
dog_mabari_9,Mabari,dao,,,,0,uncategorized
dragon_b,Dragon,dao,,,,0,uncategorized
dragonling,Dragonling,dao,,,,0,uncategorized
drk100ar_gates,Denerim - City Gates,dao,,,,0,uncategorized
drk100cr_hmn_arlguard,Bodyguard,dao,,,,0,uncategorized
drk100cr_mabari,Guard Dog,dao,,,,0,uncategorized
drk100ip_barricade,Barricade,dao,,,,0,uncategorized
drk100ip_crate_medicine,Crate of Medical Supplies,dao,,,,0,uncategorized
drk200_hmn_ballista_a,Ballista Guard,dao,,,,0,uncategorized
drk200ar_market,Denerim - Market District,dao,,,,0,uncategorized
drk200ip_crate_alchemy,Alchemy Supplies,dao,,,,0,uncategorized
drk200ip_crate_flasks,Wooden Crate,dao,wood,shield,,0,uncategorized
drk200ip_crate_rocks,Mages' Mineral Collection,dao,,,,0,uncategorized
drk200ip_gates,Gate,dao,,,,0,uncategorized
drk200ip_weaponcache,Weapons Cache,dao,,,,0,uncategorized
drk200ip_weapons,Weapons Cache,dao,,,,0,uncategorized
drk200ip_weapons_a,Weapons Cache,dao,,,,0,uncategorized
drk300ar_alienage,Denerim - Elven Alienage,dao,,,,0,uncategorized
drk300ip_barrel,Oil Barrel,dao,,,,0,uncategorized
drk300ip_crate_elfroot,Wooden Crate,dao,wood,shield,,0,uncategorized
drk300ip_crate_firebomb,Wooden Crate,dao,wood,shield,,0,uncategorized
drk300ip_gate,Gate,dao,,,,0,uncategorized
drk300ip_tree,Alienage Tree,dao,,,,0,uncategorized
drk400ar_palace,Denerim - Palace District,dao,,,,0,uncategorized
drk400ip_chest_01,Chest,dao,,,,0,uncategorized
drk400ip_chest_02,Chest,dao,,,,0,uncategorized
drk400ip_chest_03,Chest,dao,,,,0,uncategorized
drk400ip_gate,Gate,dao,,,,0,uncategorized
drk400ip_lever,Lever,dao,,,,0,uncategorized
drk400ip_portcullis_nc,Portcullis,dao,,,,0,uncategorized
drk500ar_fort,Fort Drakon - Entrance,dao,,,,0,uncategorized
drk500ip_to_roof,Fort Drakon,dao,,,,0,uncategorized
drk510ar_fort_roof,Fort Drakon - Roof,dao,,,,0,uncategorized
drk_alistair,Alistair,dao,,,,0,uncategorized
drk_archdemon,Archdemon,dao,,,,0,uncategorized
drk_blightwolf,Blight Wolf,dao,,,,0,uncategorized
drk_ceorlic,Bann Ceorlic,dao,,,,0,uncategorized
drk_cullen,Cullen,dao,,,,0,uncategorized
drk_default_player,Hurlock Vanguard,dao,,,,0,uncategorized
drk_dog,Barkspawn,dao,,,,0,uncategorized
drk_dwf_ballista,Dwarven Soldier,dao,,,,0,uncategorized
drk_dwf_civ_wmn_a,Dwarf,dao,,,,0,uncategorized
drk_dwf_gorim,Gorim,dao,,,,0,uncategorized
drk_dwf_legion,Dwarven Legionnaire,dao,,,,0,uncategorized
drk_dwf_solder_a,Dwarven Soldier,dao,,,,0,uncategorized
drk_dwf_solder_b,Dwarven Soldier,dao,,,,0,uncategorized
drk_elf_civ_man_a,Frightened Elf,dao,,,,0,uncategorized
drk_elf_civ_wmn_a,Frightened Elf,dao,,,,0,uncategorized
drk_elf_civ_wmn_b,Frightened Elf,dao,,,,0,uncategorized
drk_elf_civ_wmn_c,Frightened Elf,dao,,,,0,uncategorized
drk_elf_rog_lbow_a,Elven Archer,dao,,,,0,uncategorized
drk_elf_rog_lbow_b,Elven Archer,dao,,,,0,uncategorized
drk_elf_war_dggr_a,Elven Defender,dao,,,,0,uncategorized
drk_elf_war_dual,Elven Defender,dao,,,,0,uncategorized
drk_elf_war_lbow,Elven Elder,dao,,,,0,uncategorized
drk_elf_war_lswo_a,Elven Defender,dao,,,,0,uncategorized
drk_genlock_dual,Genlock,dao,,,,0,uncategorized
drk_genlock_ranged,Genlock Archer,dao,,,,0,uncategorized
drk_genlock_sapper,Genlock Sapper,dao,,,,0,uncategorized
drk_genlock_wpnshld,Genlock,dao,,,,0,uncategorized
drk_golem_steel,Steel Golem,dao,,,,0,uncategorized
drk_greagoir,Knight-Commander Greagoir,dao,,,,0,uncategorized
drk_grunt_knight_a,Knight,dao,,,,0,uncategorized
drk_grunt_soldier_a,Soldier,dao,,,,0,uncategorized
drk_habren,Habren,dao,,,,0,uncategorized
drk_hmn_arl,Arl Howe,dao,,,,0,uncategorized
drk_hmn_cauthrien,Ser Cauthrien,dao,,,,0,uncategorized
drk_hmn_drunk_a,Drunk,dao,,,,0,uncategorized
drk_hmn_drunk_b,Drunk,dao,,,,0,uncategorized
drk_hmn_drunk_c,Drunk,dao,,,,0,uncategorized
drk_hmn_drunk_d,Drunk,dao,,,,0,uncategorized
drk_hmn_goldana,Goldanna,dao,,,,0,uncategorized
drk_hmn_herren,Herren,dao,,,,0,uncategorized
drk_hmn_teagan,Bann Teagan,dao,,,,0,uncategorized
drk_hmn_templar_a,Templar,dao,,,,0,uncategorized
drk_hmn_wade,Master Wade,dao,,,,0,uncategorized
drk_hmn_war_lswo_a,City Guard,dao,,,,0,uncategorized
drk_hmn_war_wpnshld_a,Man-at-Arms,dao,,,,0,uncategorized
drk_hum_civ_cleric_a,Cleric,dao,,,,0,uncategorized
drk_hum_civ_cleric_b,Cleric,dao,,,,0,uncategorized
drk_hum_civ_man_a,Innocent Man,dao,,,,0,uncategorized
drk_hum_civ_man_b,Innocent Merchant,dao,,,,0,uncategorized
drk_hum_civ_man_c,Innocent Man,dao,,,,0,uncategorized
drk_hum_civ_wmn_a,Innocent Woman,dao,,,,0,uncategorized
drk_hum_civ_wmn_b,Innocent Woman,dao,,,,0,uncategorized
drk_hum_mag_a,Circle Mage,dao,,,,0,uncategorized
drk_hurlock_2hwpn,Hurlock,dao,,,,0,uncategorized
drk_hurlock_dual,Hurlock,dao,,,,0,uncategorized
drk_hurlock_emissary,Hurlock Emissary,dao,,,,0,uncategorized
drk_hurlock_ranged,Hurlock Archer,dao,,,,0,uncategorized
drk_hurlock_wpnshld,Hurlock,dao,,,,0,uncategorized
drk_im_wep_mel_axe_drk,Darkspawn Waraxe,dao,metal,weapon,https://dragonage.fandom.com/wiki/Darkspawn_Waraxe_(Darkspawn_Chronicles),0,uncategorized
drk_im_wep_mel_axe_how,Biteback Axe,dao,metal,weapon,https://dragonage.fandom.com/wiki/Biteback_Axe,0,uncategorized
drk_im_wep_mel_mal_drk,Darkspawn Maul,dao,metal,weapon,https://dragonage.fandom.com/wiki/Darkspawn_Maul_(Darkspawn_Chronicles),0,uncategorized
drk_kardol,Kardol,dao,,,,0,uncategorized
drk_kylon,Sergeant Kylon,dao,,,,0,uncategorized
drk_leliana,Leliana,dao,,,,0,uncategorized
drk_mabari_a,Mabari War Hound,dao,,,,0,uncategorized
drk_mabari_b,Mabari War Hound,dao,,,,0,uncategorized
drk_mabari_c,Mabari War Hound,dao,,,,0,uncategorized
drk_morrigan,Morrigan,dao,,,,0,uncategorized
drk_mutt,Frightened Dog,dao,,,,0,uncategorized
drk_oghren,Oghren,dao,,,,0,uncategorized
drk_ogre,Ogre,dao,,,,0,uncategorized
drk_perpetua,Mother Perpetua,dao,,,,0,uncategorized
drk_perth,Ser Perth,dao,,,,0,uncategorized
drk_qun_mercenary,Qunari Mercenary,dao,,,,0,uncategorized
drk_riordan,Riordan,dao,,,,0,uncategorized
drk_sanga,Sanga,dao,,,,0,uncategorized
drk_ser_landry,Ser Landry,dao,,,,0,uncategorized
drk_shriek,Shriek,dao,,,,0,uncategorized
drk_sten,Sten,dao,,,,0,uncategorized
drk_theohild,Sister Theohild,dao,,,,0,uncategorized
drk_vaughan,Vaughan,dao,,,,0,uncategorized
drk_werewolf,Werewolf,dao,,,,0,uncategorized
drk_wynne,Wynne,dao,,,,0,uncategorized
drk_zevran,Zevran,dao,,,,0,uncategorized
drkcr_elf_valendrian,Valendrian,dao,,,,0,uncategorized
drkip_ballista,Ballista,dao,,,,0,uncategorized
drkip_ballista_big,Ballista,dao,,,,0,uncategorized
drkip_ballista_sml,Ballista,dao,,,,0,uncategorized
drkip_barricade_gore,Barricade,dao,,,,0,uncategorized
drkip_barricade_spikes,Barricade,dao,,,,0,uncategorized
drkip_barricade_tables,Barricade,dao,,,,0,uncategorized
drkip_crate,Wooden Crate,dao,wood,shield,,0,uncategorized
drkip_door_sml,Door,dao,,,,0,uncategorized
drkip_gate_lrg,Gate,dao,,,,0,uncategorized
e3_default_player,Leander,dao,,,,0,uncategorized
e3_default_player2,Caitriona,dao,,,,0,uncategorized
elven_alienage_game_intro,Elven Alienage,dao,,,,0,uncategorized
epi100ar_anora,Anora,dao,,,,0,uncategorized
epi100ar_coronation,Epilogue,dao,,,,0,uncategorized
epi100cr_alistair,Alistair,dao,,,,0,uncategorized
epi100cr_comhumfemale,Human Female,dao,,,,0,uncategorized
epi100cr_comhummale,Human Man,dao,,,,0,uncategorized
epi100cr_duncan,Duncan,dao,,,,0,uncategorized
epi100cr_guard_1,Guard,dao,,,,0,uncategorized
epi200ar_greagoir,Knight-Commander Greagoir,dao,,,,0,uncategorized
epi200ar_players_funeral,Funeral,dao,,,,0,uncategorized
epi200cr_ashalle,Ashalle,dao,,,,0,uncategorized
epi200cr_bryland,Bryland,dao,,,,0,uncategorized
epi200cr_connor,Connor,dao,,,,0,uncategorized
epi200cr_cullen,Cullen,dao,,,,0,uncategorized
epi200cr_cyrion,Cyrion,dao,,,,0,uncategorized
epi200cr_dog,Dog,dao,,,,0,uncategorized
epi200cr_dulin,Dulin,dao,,,,0,uncategorized
epi200cr_eamon,Arl Eamon,dao,,,,0,uncategorized
epi200cr_fergus,Fergus,dao,,,,0,uncategorized
epi200cr_genitivi,Brother Genitivi,dao,,,,0,uncategorized
epi200cr_gorim,Gorim,dao,,,,0,uncategorized
epi200cr_grand_cleric,Revered Mother,dao,,,,0,uncategorized
epi200cr_irving,First Enchanter Irving,dao,,,,0,uncategorized
epi200cr_isolde,Isolde,dao,,,,0,uncategorized
epi200cr_jowan,Jowan,dao,,,,0,uncategorized
epi200cr_kalah,Kalah,dao,,,,0,uncategorized
epi200cr_kardol,Kardol,dao,,,,0,uncategorized
epi200cr_keeper,Keeper Marethari,dao,,,,0,uncategorized
epi200cr_lady_of_forest,Lady of the Forest,dao,,,,0,uncategorized
epi200cr_lanaya,Lanaya,dao,,,,0,uncategorized
epi200cr_leliana,Leliana,dao,,,,0,uncategorized
epi200cr_lily,Lily,dao,,,,0,uncategorized
epi200cr_loghain,Loghain,dao,,,,0,uncategorized
epi200cr_mardy,Noble Hunter,dao,,,,0,uncategorized
epi200cr_oghren,Oghren,dao,,,,0,uncategorized
epi200cr_rica,Rica,dao,,,,0,uncategorized
epi200cr_ser_cauthrien,Ser Cauthrien,dao,,,,0,uncategorized
epi200cr_shale,Shale,dao,,,,0,uncategorized
epi200cr_shianni,Shianni,dao,,,,0,uncategorized
epi200cr_sighard,Sighard,dao,,,,0,uncategorized
epi200cr_soris,Soris,dao,,,,0,uncategorized
epi200cr_sten,Sten,dao,,,,0,uncategorized
epi200cr_teagan,Teagan,dao,,,,0,uncategorized
epi200cr_vartag,Vartag,dao,,,,0,uncategorized
epi200cr_wulff,Arl Wulff,dao,,,,0,uncategorized
epi200cr_wynne,Wynne,dao,,,,0,uncategorized
epi200cr_zathrian,Zathrian,dao,,,,0,uncategorized
epi200cr_zerlinda,Zerlinda,dao,,,,0,uncategorized
epi200cr_zevran,Zevran,dao,,,,0,uncategorized
epi300_elf_female_a,Human Female,dao,,,,0,uncategorized
epi300ar_post_coronation,Post-Coronation,dao,,,,0,uncategorized
epi300cr_dwarf_male_a,Nobleman,dao,,,,0,uncategorized
epi300cr_dwarf_male_b,Nobleman,dao,,,,0,uncategorized
epi300cr_elf_female_b,Human Female,dao,,,,0,uncategorized
epi300cr_elf_male_a,Elf Male,dao,,,,0,uncategorized
epi300cr_elf_male_b,Elf Male,dao,,,,0,uncategorized
epi300cr_guard_0,Guard,dao,,,,0,uncategorized
epi300cr_guard_2,Guard,dao,,,,0,uncategorized
epi300cr_mage_female_a,Mage,dao,,,,0,uncategorized
epi300cr_mage_male_a,Mage,dao,,,,0,uncategorized
epi300cr_nobleman,Nobleman,dao,,,,0,uncategorized
epi300cr_nobleman_b,Nobleman,dao,,,,0,uncategorized
epi300cr_nobleman_c,Nobleman,dao,,,,0,uncategorized
epi300cr_nobleman_d,Nobleman,dao,,,,0,uncategorized
epi300cr_nobleman_e,Nobleman,dao,,,,0,uncategorized
epi300cr_noblewoman,Human Female,dao,,,,0,uncategorized
epi300cr_noblewoman_b,Human Female,dao,,,,0,uncategorized
epi300cr_noblewoman_c,Human Female,dao,,,,0,uncategorized
epi300cr_noblewoman_d,Human Female,dao,,,,0,uncategorized
epi300cr_scholar_female,Circle Mage,dao,,,,0,uncategorized
epi300cr_scholar_male,Circle Mage,dao,,,,0,uncategorized
epi_noblewoman_e,Human Female,dao,,,,0,uncategorized
epiip_door_dbl_exit,Door,dao,,,,0,uncategorized
epiip_door_fer_dbl,Door,dao,,,,0,uncategorized
epiip_sarcophagus,Sarcophagus,dao,,,,0,uncategorized
fake_hack_test_shale,Shale,dao,,,,0,uncategorized
game_intro_dead_trenches,The Dead Trenches,dao,,,,0,uncategorized
game_intro_wilds,Korcari Wilds,dao,,,,0,uncategorized
gen00fl_alistair,Alistair,dao,,,,0,uncategorized
gen00fl_dog,Dog,dao,,,,0,uncategorized
gen00fl_leliana,Leliana,dao,,,,0,uncategorized
gen00fl_loghain,Loghain,dao,,,,0,uncategorized
gen00fl_morrigan,Morrigan,dao,,,,0,uncategorized
gen00fl_oghren,Oghren,dao,,,,0,uncategorized
gen00fl_shale,Shale,dao,,,,0,uncategorized
gen00fl_sten,Sten,dao,,,,0,uncategorized
gen00fl_wynne,Wynne,dao,,,,0,uncategorized
gen00fl_zevran,Zevran,dao,,,,0,uncategorized
gen_ip_bodybag,Corpse,dao,,,,0,uncategorized
genip_altar_chantry,Chantry Altar,dao,,,,0,uncategorized
genip_altar_chantry_broken,Broken Altar,dao,,,,0,uncategorized
genip_altar_dead,Altar,dao,,,,0,uncategorized
genip_altar_ferelden,Altar,dao,,,,0,uncategorized
genip_altar_ferelden_broken,Broken Altar,dao,,,,0,uncategorized
genip_altar_tevinter,Altar,dao,,,,0,uncategorized
genip_altar_tevinter_broken,Broken Altar,dao,,,,0,uncategorized
genip_altar_urn,Altar,dao,,,,0,uncategorized
genip_anvil,Anvil,dao,,,,0,uncategorized
genip_anvil_void,Anvil of the Void,dao,,,,0,uncategorized
genip_apparatus_magical,Magical Apparatus,dao,,,,0,uncategorized
genip_apparatus_small,Apparatus,dao,,,,0,uncategorized
genip_armoire,Armoire,dao,,,,0,uncategorized
genip_at_double,Door,dao,,,,0,uncategorized
genip_at_large,Door,dao,,,,0,uncategorized
genip_at_normal,Door,dao,,,,0,uncategorized
genip_ballista,Ballista,dao,,,,0,uncategorized
genip_ballista_amb,Ballista,dao,,,,0,uncategorized
genip_ballista_big,Ballista,dao,,,,0,uncategorized
genip_ballista_mount,Ballista Mount,dao,,,,0,uncategorized
genip_bandit_warning_pole,Bandit Warning Pole,dao,,,,0,uncategorized
genip_barrel_oil,Barrel,dao,,,,0,uncategorized
genip_barrel_stack,Barrels,dao,,,,0,uncategorized
genip_barrel_standard,Barrel,dao,,,,0,uncategorized
genip_barrel_wine,Wine Barrel,dao,,,,0,uncategorized
genip_barricade_corpse,Barricade,dao,,,,0,uncategorized
genip_barricade_fence,Barricade,dao,,,,0,uncategorized
genip_barricade_furniture,Barricade,dao,,,,0,uncategorized
genip_bed_arleamon,Bed,dao,,,,0,uncategorized
genip_bed_bunk,Bunk Bed,dao,,,,0,uncategorized
genip_bed_canopy,Bed,dao,,,,0,uncategorized
genip_bed_simple,Bed,dao,,,,0,uncategorized
genip_bed_straw,Straw Bed,dao,,,,0,uncategorized
genip_bed_wood_large,Bed,dao,,,,0,uncategorized
genip_bedroll,Bedroll,dao,,,,0,uncategorized
genip_bedroll_puzzle,Bedroll,dao,,,,0,uncategorized
genip_bedroll_static,Bedroll,dao,,,,0,uncategorized
genip_bench_log,Bench,dao,,,,0,uncategorized
genip_bench_log_flip,Bench,dao,,,,0,uncategorized
genip_bench_long_flip,Bench,dao,,,,0,uncategorized
genip_bench_marble_flip,Bench,dao,,,,0,uncategorized
genip_bones_pile_1,Pile of Bones,dao,,,,0,uncategorized
genip_bones_pile_2,Pile of Bones,dao,,,,0,uncategorized
genip_bones_pile_3,Pile of Bones,dao,,,,0,uncategorized
genip_bonfire_1,Bonfire,dao,,,,0,uncategorized
genip_bonfire_2,Bonfire,dao,,,,0,uncategorized
genip_book_1,Book,dao,,,,0,uncategorized
genip_book_2,Book,dao,,,,0,uncategorized
genip_book_3,Book,dao,,,,0,uncategorized
genip_book_large,Book,dao,,,,0,uncategorized
genip_book_open,Book,dao,,,,0,uncategorized
genip_book_pile_1,Pile of Books,dao,,,,0,uncategorized
genip_book_pile_2,Pile of Books,dao,,,,0,uncategorized
genip_book_pile_3,Pile of Books,dao,,,,0,uncategorized
genip_book_pile_4,Pile of Books,dao,,,,0,uncategorized
genip_bookcase,Bookshelf,dao,,,,0,uncategorized
genip_boulder,Boulder,dao,,,,0,uncategorized
genip_boulder_group,Boulder,dao,,,,0,uncategorized
genip_brazier_ash_wraith,Brazier,dao,,,,0,uncategorized
genip_brazier_tevinter,Brazier,dao,,,,0,uncategorized
genip_bridge,Bridge,dao,,,,0,uncategorized
genip_cabinet_ornate,Cabinet,dao,,,,0,uncategorized
genip_cabinet_steel,Cabinet,dao,,,,0,uncategorized
genip_cage_animal,Cage,dao,,,,0,uncategorized
genip_cage_animal_floor,Cage,dao,,,,0,uncategorized
genip_cage_human,Cage,dao,,,,0,uncategorized
genip_cage_human_floor,Cage,dao,,,,0,uncategorized
genip_cage_qunari,Cage,dao,,,,0,uncategorized
genip_campfire,Campfire,dao,,,,0,uncategorized
genip_campfire_static,Campfire,dao,,,,0,uncategorized
genip_candelabra,Candelabra,dao,,,,0,uncategorized
genip_candle_1,Candle,dao,,,,0,uncategorized
genip_card_1,Playing Card,dao,,,,0,uncategorized
genip_card_2,Playing Card,dao,,,,0,uncategorized
genip_card_3,Playing Card,dao,,,,0,uncategorized
genip_card_4,Playing Card,dao,,,,0,uncategorized
genip_cards,Playing Cards,dao,,,,0,uncategorized
genip_carpet,Carpet,dao,,,,0,uncategorized
genip_cart,Cart,dao,,,,0,uncategorized
genip_cask_wine,Wine Cask,dao,,,,0,uncategorized
genip_cauldron_lid,Cauldron,dao,,,,0,uncategorized
genip_cauldron_open,Cauldron,dao,,,,0,uncategorized
genip_chair_ornate,Chair,dao,,,,0,uncategorized
genip_chair_simple,Chair,dao,,,,0,uncategorized
genip_chair_stone,Stone Chair,dao,,,,0,uncategorized
genip_chair_stone_noble,Stone Chair,dao,,,,0,uncategorized
genip_chantry_board,Chanter's Board,dao,,,,0,uncategorized
genip_chest_half_buried,Chest,dao,,,,0,uncategorized
genip_chest_iron,Chest,dao,,,,0,uncategorized
genip_chest_ornate,Chest,dao,,,,0,uncategorized
genip_chest_ornate_broken,Broken Chest,dao,,,,0,uncategorized
genip_chest_puzzle,Chest,dao,,,,0,uncategorized
genip_chest_wood_1,Chest,dao,,,,0,uncategorized
genip_cocoon,Cocoon,dao,,,,0,uncategorized
genip_combat_dummy,Combat Dummy,dao,,,,0,uncategorized
genip_concealed_entrance,Concealed Entrance,dao,,,,0,uncategorized
genip_corpse_charred,Charred Corpse,dao,,,,0,uncategorized
genip_corpse_covered,Corpse,dao,,,,0,uncategorized
genip_corpse_darkspawn,Darkspawn Corpse,dao,,,,0,uncategorized
genip_corpse_dwarf,Dwarf Corpse,dao,,,,0,uncategorized
genip_corpse_flies_maggots,Corpse,dao,,,,0,uncategorized
genip_corpse_halla,Dead Halla,dao,,,,0,uncategorized
genip_corpse_hanging_female,Corpse,dao,,,,0,uncategorized
genip_corpse_hanging_male_1,Corpse,dao,,,,0,uncategorized
genip_corpse_hanging_male_2,Corpse,dao,,,,0,uncategorized
genip_corpse_human,Human Corpse,dao,,,,0,uncategorized
genip_corpse_human_hanging,Human Corpse,dao,,,,0,uncategorized
genip_corpse_knight,Knight Corpse,dao,,,,0,uncategorized
genip_corpse_pile,Corpse Pile,dao,,,,0,uncategorized
genip_corpse_skeleton,Skeleton,dao,,,,0,uncategorized
genip_corpse_soldier,Soldier Corpse,dao,,,,0,uncategorized
genip_corpse_war_dog,War Dog Corpse,dao,,,,0,uncategorized
genip_cot,Cot,dao,,,,0,uncategorized
genip_couch,Couch,dao,,,,0,uncategorized
genip_couch_dwarven,Couch,dao,,,,0,uncategorized
genip_crank_wheel,Crank,dao,,,,0,uncategorized
genip_crate_broken_1,Broken Crate,dao,,,,0,uncategorized
genip_crate_broken_2,Broken Crate,dao,,,,0,uncategorized
genip_crate_broken_3,Broken Crate,dao,,,,0,uncategorized
genip_crate_dwarven_1,Crate,dao,,,,0,uncategorized
genip_crate_dwarven_2,Crate,dao,,,,0,uncategorized
genip_crate_wd_large_stat,Wooden Crate,dao,wood,shield,,0,uncategorized
genip_crate_wood_large,Wooden Crate,dao,wood,shield,,0,uncategorized
genip_crate_wood_small,Wooden Crate,dao,wood,shield,,0,uncategorized
genip_crystal_dwarven_1,Crystal,dao,,,,0,uncategorized
genip_crystal_dwarven_2,Crystal,dao,,,,0,uncategorized
genip_dagger,Dagger,dao,,,,0,uncategorized
genip_dead_body_ox,Ox Corpse,dao,,,,0,uncategorized
genip_desk_large,Desk,dao,,,,0,uncategorized
genip_desk_ornate,Desk,dao,,,,0,uncategorized
genip_desk_small_flip,Desk,dao,,,,0,uncategorized
genip_door_cave,Cave Wall,dao,,,,0,uncategorized
genip_door_cellar,Trapdoor,dao,,,,0,uncategorized
genip_door_dwc_dbl,Door,dao,,,,0,uncategorized
genip_door_dwc_dbl_r,Metal Door,dao,metal,shield,,0,uncategorized
genip_door_dwc_lrg,Door,dao,,,,0,uncategorized
genip_door_dwc_lrg_r,Metal Door,dao,metal,shield,,0,uncategorized
genip_door_dwn_dbl,Door,dao,,,,0,uncategorized
genip_door_dwn_dbl_r,Door,dao,,,,0,uncategorized
genip_door_dwn_lrg,Door,dao,,,,0,uncategorized
genip_door_dwn_lrg_r,Door,dao,,,,0,uncategorized
genip_door_dws_lrg,Metal Door,dao,metal,shield,,0,uncategorized
genip_door_fade_lrg,Door,dao,,,,0,uncategorized
genip_door_fer_dbl,Door,dao,,,,0,uncategorized
genip_door_fer_dbl_r,Metal Door,dao,metal,shield,,0,uncategorized
genip_door_fer_lrg,Door,dao,,,,0,uncategorized
genip_door_fer_lrg_r,Metal Door,dao,metal,shield,,0,uncategorized
genip_door_fer_sml,Door,dao,,,,0,uncategorized
genip_door_fer_sml_r,Metal Door,dao,metal,shield,,0,uncategorized
genip_door_fur_round,Door,dao,,,,0,uncategorized
genip_door_fur_square,Door,dao,,,,0,uncategorized
genip_door_jail,Metal Door,dao,metal,shield,,0,uncategorized
genip_door_scr_dbl,Door,dao,,,,0,uncategorized
genip_door_slab,Slab Door,dao,,,,0,uncategorized
genip_door_tev_dbl,Door,dao,,,,0,uncategorized
genip_door_tev_dbl_r,Metal Door,dao,metal,shield,,0,uncategorized
genip_door_tev_lrg,Door,dao,,,,0,uncategorized
genip_door_tev_lrg_r,Metal Door,dao,metal,shield,,0,uncategorized
genip_doorway_bricked,Brick Wall,dao,,,,0,uncategorized
genip_dragon_egg,Dragon Egg,dao,,,,0,uncategorized
genip_dwarven_feast,Table,dao,,,,0,uncategorized
genip_earth_mound,Earth Mound,dao,,,,0,uncategorized
genip_elven_light,Elven Light,dao,,,,0,uncategorized
genip_fade_pedestal,Pedestal,dao,,,,0,uncategorized
genip_fence,Fence,dao,,,,0,uncategorized
genip_firepit,Firepit,dao,,,,0,uncategorized
genip_fish_carving_1,Fish Carving,dao,,,,0,uncategorized
genip_fish_carving_2,Carving,dao,,,,0,uncategorized
genip_flesh_pod_1,Flesh Pod,dao,,,,0,uncategorized
genip_flesh_pod_2,Flesh Pod,dao,,,,0,uncategorized
genip_flesh_pod_3,Flesh Pod,dao,,,,0,uncategorized
genip_floor,Floor,dao,,,,0,uncategorized
genip_flower_andraste,Andraste's Grace,dao,,,,0,uncategorized
genip_flower_wild_1,Wild Flower,dao,,,,0,uncategorized
genip_flowerpot_1,Flower Pot,dao,,,,0,uncategorized
genip_flowerpot_2,Flower Pot,dao,,,,0,uncategorized
genip_flowerpot_3,Flower Pot,dao,,,,0,uncategorized
genip_footprints,Footprints,dao,,,,0,uncategorized
genip_forge,Forge,dao,,,,0,uncategorized
genip_forge_darkspawn,Darkspawn Forge,dao,,,,0,uncategorized
genip_fur_pile,Fur Pile,dao,,,,0,uncategorized
genip_gate_fence,Gate,dao,,,,0,uncategorized
genip_gate_large_closed,Gate,dao,,,,0,uncategorized
genip_gate_large_open,Gate,dao,,,,0,uncategorized
genip_gem_lure,Gems,dao,,,,0,uncategorized
genip_goblet,Goblet,dao,,,,0,uncategorized
genip_goblet_normal,Goblet,dao,,,,0,uncategorized
genip_golem_registry,Golem Registry,dao,,,,0,uncategorized
genip_gong,Gong,dao,,,,0,uncategorized
genip_gravestone,Gravestone,dao,,,,0,uncategorized
genip_gravestone_1,Gravestone,dao,,,,0,uncategorized
genip_gravestone_2,Gravestone,dao,,,,0,uncategorized
genip_gravestone_3,Gravestone,dao,,,,0,uncategorized
genip_herb_04,Deathroot,dao,,,,0,uncategorized
genip_herb_05,Cragroot,dao,,,,0,uncategorized
genip_herb_07,Elfroot,dao,,,,0,uncategorized
genip_invisible_wide,Invisible Object,dao,,,,0,uncategorized
genip_ironbark_tree_fallen,Fallen Ironbark Tree,dao,,,,0,uncategorized
genip_jar_1,Jar,dao,,,,0,uncategorized
genip_jar_2,Jar,dao,,,,0,uncategorized
genip_jar_3,Jar,dao,,,,0,uncategorized
genip_junk_pile,Pile of Junk,dao,,,,0,uncategorized
genip_keg,Keg,dao,,,,0,uncategorized
genip_ladder,Ladder,dao,,,,0,uncategorized
genip_lever,Lever,dao,,,,0,uncategorized
genip_lt_mabari_boat,Landmark Boat,dao,,,,0,uncategorized
genip_lt_mabari_tent,Landmark Tent,dao,,,,0,uncategorized
genip_lt_mabari_tree,Landmark Tree,dao,,,,0,uncategorized
genip_lt_mabari_wagon,Landmark Wagon,dao,,,,0,uncategorized
genip_lt_mabari_woodpile,Landmark Woodpile,dao,,,,0,uncategorized
genip_lyrium_dish,Lyrium Dish,dao,,,,0,uncategorized
genip_lyrium_light,Lyrium Lamp,dao,,,,0,uncategorized
genip_lyrium_vein_1,Lyrium Vein,dao,,,,0,uncategorized
genip_lyrium_vein_2,Lyrium Vein,dao,,,,0,uncategorized
genip_lyrium_vein_3,Lyrium Vein,dao,,,,0,uncategorized
genip_map,Map,dao,,,,0,uncategorized
genip_map_lake,Map of Lake Calenhad,dao,,,,0,uncategorized
genip_market_stall,Market Stall,dao,,,,0,uncategorized
genip_marketstall_cloth_dw,Market Stall,dao,,,,0,uncategorized
genip_marketstall_divide_dw,Market Stall Divider,dao,,,,0,uncategorized
genip_marketstall_dw,Market Stall,dao,,,,0,uncategorized
genip_marketstall_front_dw,Market Stall,dao,,,,0,uncategorized
genip_mirror_fade,Mirror,dao,,,,0,uncategorized
genip_mirror_puzzle,Mirror,dao,,,,0,uncategorized
genip_mousehole,Mouse Hole,dao,,,,0,uncategorized
genip_mug_pewter,Mug,dao,,,,0,uncategorized
genip_natural_web,Web Trap,dao,,,,0,uncategorized
genip_note,Note,dao,,,,0,uncategorized
genip_painting_dwf_1,Painting,dao,,,,0,uncategorized
genip_painting_dwf_2,Painting,dao,,,,0,uncategorized
genip_pendulum_blade,Blade Trap,dao,,,,0,uncategorized
genip_phylactery,Phylactery,dao,,,,0,uncategorized
genip_piercing_blade,Blade Trap,dao,,,,0,uncategorized
genip_pile_coins,Pile of Coins,dao,,,,0,uncategorized
genip_pile_filth,Pile of Filth,dao,,,,0,uncategorized
genip_pile_rags,Pile of Rags,dao,,,,0,uncategorized
genip_pillar_rune,Pillar,dao,,,,0,uncategorized
genip_pillar_weakened,Pillar,dao,,,,0,uncategorized
genip_platform,Platform,dao,,,,0,uncategorized
genip_pool_water,Pool of Water,dao,,,,0,uncategorized
genip_pool_water_1,Pool of Water,dao,,,,0,uncategorized
genip_pool_water_2,Pool of Water,dao,,,,0,uncategorized
genip_pool_water_3,Pool of Water,dao,,,,0,uncategorized
genip_portcullis,Portcullis,dao,,,,0,uncategorized
genip_prison_force,Prison of Force,dao,,,,0,uncategorized
genip_proving_crowd,Proving Crowd Object,dao,,,,0,uncategorized
genip_reliquary,Reliquary,dao,,,,0,uncategorized
genip_roadsign,Road Sign,dao,,,,0,uncategorized
genip_rock,Fractured Stone,dao,,,,0,uncategorized
genip_rowboat,Rowboat,dao,,,,0,uncategorized
genip_rubble,Rubble,dao,,,,0,uncategorized
genip_sack_large,Sack,dao,,,,0,uncategorized
genip_sack_pile,Pile of Sacks,dao,,,,0,uncategorized
genip_sack_small,Sack,dao,,,,0,uncategorized
genip_sarcophagus,Sarcophagus,dao,,,,0,uncategorized
genip_sarcophagus_dwarven,Sarcophagus,dao,,,,0,uncategorized
genip_scarecrow,Scarecrow,dao,,,,0,uncategorized
genip_scarecrow_fade,Scarecrow,dao,,,,0,uncategorized
genip_scroll_pile,Scrolls,dao,,,,0,uncategorized
genip_scroll_rolled,Scroll,dao,,,,0,uncategorized
genip_scroll_single_1,Scroll,dao,,,,0,uncategorized
genip_scything_blade,Rusty Blade,dao,,,,0,uncategorized
genip_shackles,Shackles,dao,,,,0,uncategorized
genip_shelf_empty,Shelf,dao,,,,0,uncategorized
genip_shelf_empty_dwarven_1,Shelf,dao,,,,0,uncategorized
genip_shelf_empty_dwarven_2,Shelf,dao,,,,0,uncategorized
genip_shelf_potions,Shelf,dao,,,,0,uncategorized
genip_shelf_sliding,Shelf,dao,,,,0,uncategorized
genip_shelves_books,Shelves,dao,,,,0,uncategorized
genip_shelves_kitchen,Shelves,dao,,,,0,uncategorized
genip_shrine_roadside,Roadside Shrine,dao,,,,0,uncategorized
genip_shrub,Shrub,dao,,,,0,uncategorized
genip_signal_fire,Bonfire,dao,,,,0,uncategorized
genip_signpost_1,Signpost,dao,,,,0,uncategorized
genip_signpost_2,Signpost,dao,,,,0,uncategorized
genip_spirit_app_head,Spirit Apparatus Head,dao,,,,0,uncategorized
genip_statue_andraste,Statue,dao,,,,0,uncategorized
genip_statue_broken_1,Statue,dao,,,,0,uncategorized
genip_statue_broken_2,Statue,dao,,,,0,uncategorized
genip_statue_dog,Statue,dao,,,,0,uncategorized
genip_statue_elven_1,Statue,dao,,,,0,uncategorized
genip_statue_elven_2,Statue,dao,,,,0,uncategorized
genip_statue_elven_3,Statue,dao,,,,0,uncategorized
genip_statue_elven_4,Statue,dao,,,,0,uncategorized
genip_statue_head_1,Statue,dao,,,,0,uncategorized
genip_statue_head_2,Statue,dao,,,,0,uncategorized
genip_statue_head_3,Statue,dao,,,,0,uncategorized
genip_statue_head_4,Statue,dao,,,,0,uncategorized
genip_statue_head_5,Statue,dao,,,,0,uncategorized
genip_statue_monstrous_1,Statue,dao,,,,0,uncategorized
genip_statue_monstrous_2,Statue,dao,,,,0,uncategorized
genip_statue_monstrous_3,Statue,dao,,,,0,uncategorized
genip_statue_monstrous_4,Statue,dao,,,,0,uncategorized
genip_statue_monstrous_5,Statue,dao,,,,0,uncategorized
genip_statue_paragon_1,Statue,dao,,,,0,uncategorized
genip_statue_paragon_2,Statue,dao,,,,0,uncategorized
genip_statue_tev1,Statue,dao,,,,0,uncategorized
genip_statue_tev2,Statue,dao,,,,0,uncategorized
genip_statue_tev3,Statue,dao,,,,0,uncategorized
genip_statue_tunnel_blocker,Statue,dao,,,,0,uncategorized
genip_steel_claw,Leghold Trap,dao,,,,0,uncategorized
genip_stool,Stool,dao,,,,0,uncategorized
genip_summoning_circle,Summoning Circle,dao,,,,0,uncategorized
genip_table_dwarven_1,Table,dao,,,,0,uncategorized
genip_table_dwarven_2,Table,dao,,,,0,uncategorized
genip_table_dwarven_3,Table,dao,,,,0,uncategorized
genip_table_dwarven_4,Table,dao,,,,0,uncategorized
genip_table_round,Table,dao,,,,0,uncategorized
genip_table_small,Table,dao,,,,0,uncategorized
genip_table_standing_stone,Standing Stone Table,dao,,,,0,uncategorized
genip_table_stone_flip,Table,dao,,,,0,uncategorized
genip_table_tall,Table,dao,,,,0,uncategorized
genip_table_wood_1,Table,dao,,,,0,uncategorized
genip_table_wood_flipped_1,Table,dao,,,,0,uncategorized
genip_tent_large_dalish,Tent,dao,,,,0,uncategorized
genip_tent_puzzle,Tent,dao,,,,0,uncategorized
genip_tent_small,Tent,dao,,,,0,uncategorized
genip_tent_small_dalish,Tent,dao,,,,0,uncategorized
genip_tent_tall,Tent,dao,,,,0,uncategorized
genip_throne_archback,Throne,dao,,,,0,uncategorized
genip_throne_dwarf,Throne,dao,,,,0,uncategorized
genip_throne_squareback,Throne,dao,,,,0,uncategorized
genip_tongs_blacksmith,Blacksmith Tongs,dao,,,,0,uncategorized
genip_tools_anvil_ds,Darkspawn Anvil,dao,,,,0,uncategorized
genip_tools_bellows_ds,Darkspawn Bellows,dao,,,,0,uncategorized
genip_tools_blacksmith,Blacksmith Hammer,dao,,,,0,uncategorized
genip_tools_hammer_ds,Darkspawn Hammer,dao,,,,0,uncategorized
genip_tools_poker_ds,Darkspawn Poker,dao,,,,0,uncategorized
genip_torture_rack,Torture Rack,dao,,,,0,uncategorized
genip_totem_ds,Darkspawn Totem,dao,,,,0,uncategorized
genip_trap_barrel,Trapped Barrel,dao,,,,0,uncategorized
genip_trap_explosion,Trap Trigger,dao,,,,0,uncategorized
genip_trap_glyph,Glyph of Paralysis,dao,,,,0,uncategorized
genip_trap_grease,Barrel of Oil,dao,,,,0,uncategorized
genip_trap_summoning,Summoning Trap,dao,,,,0,uncategorized
genip_trap_template,Trap Trigger,dao,,,,0,uncategorized
genip_trap_trigger_1,Trap Trigger,dao,,,,0,uncategorized
genip_treasure_pile,Treasure Pile,dao,,,,0,uncategorized
genip_tree_dead,Dead Tree,dao,,,,0,uncategorized
genip_tree_stump,Tree Stump,dao,,,,0,uncategorized
genip_tripwire,Tripwire,dao,,,,0,uncategorized
genip_tripwire_wide,Tripwire,dao,,,,0,uncategorized
genip_tunnel_opening,Tunnel Opening,dao,,,,0,uncategorized
genip_urn_ash_wraith,Urn,dao,,,,0,uncategorized
genip_urn_sacred_ashes,Urn of Sacred Ashes,dao,,,,0,uncategorized
genip_valve,Valve,dao,,,,0,uncategorized
genip_vanity_2,Vanity,dao,,,,0,uncategorized
genip_vase,Vase,dao,,,,0,uncategorized
genip_vase_china,Vase,dao,,,,0,uncategorized
genip_wagon,Wagon,dao,,,,0,uncategorized
genip_wall_carving_archon_1,Wall Carving,dao,,,,0,uncategorized
genip_wall_carving_archon_2,Wall Carving,dao,,,,0,uncategorized
genip_wall_carving_dwf_1,Wall Carving,dao,,,,0,uncategorized
genip_wall_carving_dwf_2,Wall Carving,dao,,,,0,uncategorized
genip_wall_carving_dwf_3,Wall Carving,dao,,,,0,uncategorized
genip_wall_carving_dwf_4,Wall Carving,dao,,,,0,uncategorized
genip_wall_carving_maf_1,Wall Carving,dao,,,,0,uncategorized
genip_wall_carving_maf_2,Wall Carving,dao,,,,0,uncategorized
genip_weapon_stand_1,Weapon Stand,dao,,,,0,uncategorized
genip_weapon_stand_2,Weapon Stand,dao,,,,0,uncategorized
genip_weapon_stand_3,Weapon Stand,dao,,,,0,uncategorized
genip_whip,Whip,dao,,,,0,uncategorized
genip_wildflower,Wildflower,dao,,,,0,uncategorized
genip_windmill,Windmill,dao,,,,0,uncategorized
genip_winerack,Wine Rack,dao,,,,0,uncategorized
genip_wood_claw,Flimsy Leghold Trap,dao,,,,0,uncategorized
genlock_1,Genlock,dao,,,,0,uncategorized
genlock_2,"Genlock, Alpha",dao,,,,0,uncategorized
genlock_3,"Genlock, Emissary",dao,,,,0,uncategorized
genlock_4,Genlock,dao,,,,0,uncategorized
genlock_alpha_dual_axes,Genlock Alpha,dao,,,,0,uncategorized
genlock_alpha_sbow_daggers,Genlock Alpha,dao,,,,0,uncategorized
genlock_alpha_sbow_mace_sld,Genlock Alpha,dao,,,,0,uncategorized
genlock_alpha_sbow_mix,Genlock Alpha,dao,,,,0,uncategorized
genlock_axe,Genlock,dao,,,,0,uncategorized
genlock_ballista,Genlock,dao,,,,0,uncategorized
genlock_dagger,Genlock,dao,,,,0,uncategorized
genlock_emissary_bal,Genlock Emissary,dao,,,,0,uncategorized
genlock_emissary_def,Genlock Emissary,dao,,,,0,uncategorized
genlock_emissary_off,Genlock Emissary,dao,,,,0,uncategorized
genlock_epic_dualaxe,Genlock Shadow,dao,,,,0,uncategorized
genlock_epic_dualdaggers,Genlock Phantom,dao,,,,0,uncategorized
genlock_mace,Genlock,dao,,,,0,uncategorized
genlock_sbow_dagger,Genlock,dao,,,,0,uncategorized
genlock_sbow_mace,Genlock,dao,,,,0,uncategorized
giant_golem_fir,Inferno Golem,dao,,,,0,uncategorized
gib000ar_intro,Deep Roads Grotto,dao,,,,0,uncategorized
gib000cr_adventurer_a,Dead Dwarf,dao,,,,0,uncategorized
gib000cr_adventurer_b,Dead Dwarf,dao,,,,0,uncategorized
gib000cr_adventurer_c,Dead Dwarf,dao,,,,0,uncategorized
gib000cr_adventurer_d,Dead Elf,dao,,,,0,uncategorized
gib000cr_arcane_horror,Arcane Horror,dao,,,,0,uncategorized
gib000cr_deepstalker,Deepstalker,dao,,,,0,uncategorized
gib000cr_dwarf_ghost_a,Apparition,dao,,,,0,uncategorized
gib000cr_dwarf_ghost_b,Apparition,dao,,,,0,uncategorized
gib000cr_shriek_a,Shriek,dao,,,,0,uncategorized
gib000cr_shriek_ghost,Shriek,dao,,,,0,uncategorized
gib000ip_amgarrak,The Doors to Amgarrak,dao,,,,0,uncategorized
gib000ip_chest_a,Chest,dao,,,,0,uncategorized
gib000ip_corpse_a,Maimed Corpse,dao,,,,0,uncategorized
gib000ip_potion_stash_a,A stash of herbal items,dao,,,,0,uncategorized
gib000ip_sack_a,Old Sack,dao,,,,0,uncategorized
gib100ar_smithy,Amgarrak,dao,,,,0,uncategorized
gib100cr_darion,Darion,dao,,,,0,uncategorized
gib100cr_gib_golem,The Harvester,dao,,,,0,uncategorized
gib100cr_gib_golem_head,The Harvester,dao,,,,0,uncategorized
gib100cr_gib_head_ambient,The Harvester,dao,,,,0,uncategorized
gib100cr_phase_dwf_rog,Phantasmal Shadow,dao,,,,0,uncategorized
gib100cr_phase_dwf_war,Phantasmal Warrior,dao,,,,0,uncategorized
gib100cr_phase_hmn_mag,Primal Phantasm,dao,,,,0,uncategorized
gib100cr_skeleton_archer,Shambling Corpse,dao,,,,0,uncategorized
gib100im_darion_note,Darion's Notes,dao,,,https://dragonage.fandom.com/wiki/Darion%27s_Notes,0,uncategorized
gib100im_research_buff,Golem Research Notes: Mechanics,dao,,,https://dragonage.fandom.com/wiki/Golem_Research_Notes:_Mechanics,0,uncategorized
gib100im_research_elec,Golem Research Notes: Lightning,dao,,,https://dragonage.fandom.com/wiki/Golem_Research_Notes:_Lightning,0,uncategorized
gib100im_research_fire,Golem Research Notes: Fire,dao,,,https://dragonage.fandom.com/wiki/Golem_Research_Notes:_Fire,0,uncategorized
gib100im_research_heal,Golem Research Notes: Healing,dao,,,https://dragonage.fandom.com/wiki/Golem_Research_Notes:_Healing,0,uncategorized
gib100ip_blood_stain_1,Bloodstain,dao,,,,0,uncategorized
gib100ip_bloody_pair,Bloody Footprints,dao,,,,0,uncategorized
gib100ip_bones_1,Pile of Bones,dao,,,,0,uncategorized
gib100ip_boss_corpsepile,Pile of Mutilated Corpses,dao,,,,0,uncategorized
gib100ip_chest_1,Chest,dao,,,,0,uncategorized
gib100ip_chest_2,Chest,dao,,,,0,uncategorized
gib100ip_chest_3,Chest,dao,,,,0,uncategorized
gib100ip_chest_4,Chest,dao,,,,0,uncategorized
gib100ip_chest_5,Chest,dao,,,,0,uncategorized
gib100ip_chest_6,Chest,dao,,,,0,uncategorized
gib100ip_chest_7,Chest,dao,,,,0,uncategorized
gib100ip_chest_8,Chest,dao,,,,0,uncategorized
gib100ip_chest_9,Chest,dao,,,,0,uncategorized
gib100ip_chest_research_buf,Chest,dao,,,,0,uncategorized
gib100ip_chest_research_ele,Chest,dao,,,,0,uncategorized
gib100ip_chest_research_fir,Chest,dao,,,,0,uncategorized
gib100ip_chest_research_hea,Chest,dao,,,,0,uncategorized
gib100ip_contraption,Strange Device,dao,,,,0,uncategorized
gib100ip_corpse_1,Darion,dao,,,,0,uncategorized
gib100ip_corpse_pile_1,Pile of Corpses,dao,,,,0,uncategorized
gib100ip_corpse_pile_2,Dismembered Corpses,dao,,,,0,uncategorized
gib100ip_exit,Exit,dao,,,,0,uncategorized
gib100ip_fade_switch,Switch,dao,,,,0,uncategorized
gib100ip_fin_switch_a,Switch,dao,,,,0,uncategorized
gib100ip_fin_switch_b,Switch,dao,,,,0,uncategorized
gib100ip_footprints_1,Bloody Footprints,dao,,,,0,uncategorized
gib100ip_golem_rod,Golem Control Rod,dao,,,,0,uncategorized
gib100ip_inactive_golem,Runic Golem,dao,,,,0,uncategorized
gib100ip_journal_1,Darion's Journal,dao,,,,0,uncategorized
gib100ip_large_door,Door,dao,,,,0,uncategorized
gib100ip_lever,Switch,dao,,,,0,uncategorized
gib100ip_lever_c,"Switch ""C""",dao,,,,0,uncategorized
gib100ip_lever_m,"Switch ""M""",dao,,,,0,uncategorized
gib100ip_lever_red,Switch,dao,,,,0,uncategorized
gib100ip_lever_w,"Switch ""W""",dao,,,,0,uncategorized
gib100ip_lever_y,"Switch ""Y""",dao,,,,0,uncategorized
gib100ip_note_1,Tattered Note,dao,,,,0,uncategorized
gib100ip_sign_1,Ancient Sign,dao,,,,0,uncategorized
gib100ip_sign_2,Ancient Sign,dao,,,,0,uncategorized
gib100ip_sign_3,Ancient Sign,dao,,,,0,uncategorized
gib100ip_sign_4,Ancient Sign,dao,,,,0,uncategorized
gib100ip_sign_5,Ancient Sign,dao,,,,0,uncategorized
gib100ip_sign_6,Ancient Sign,dao,,,,0,uncategorized
gib100ip_table,Darion's Journal,dao,,,,0,uncategorized
gib100ip_table_notes,Scattered Notes,dao,,,,0,uncategorized
gib_cr_arcane_horror,Twisted Sentinel,dao,,,,0,uncategorized
gib_cr_brogan,Brogan,dao,,,,0,uncategorized
gib_cr_golem_protector,Runic Golem,dao,,,,0,uncategorized
gib_cr_jerrik,Jerrik,dao,,,,0,uncategorized
gib_cr_narrator,Darion's Journal,dao,,,,0,uncategorized
gib_cr_revenant,Warped Watcher,dao,,,,0,uncategorized
gib_cr_steel_golem,Sentinel,dao,,,,0,uncategorized
gib_cr_steel_golem_enraged,Enraged Sentinel,dao,,,,0,uncategorized
gib_cr_stone_golem,Watcher,dao,,,,0,uncategorized
gib_cr_stone_golem_enraged,Enraged Watcher,dao,,,,0,uncategorized
gib_golem,Harvester,dao,,,,0,uncategorized
gib_golem_head,Harvester,dao,,,,0,uncategorized
gib_im_control_rod,Golem Control Rod,dao,,,https://dragonage.fandom.com/wiki/Golem_Control_Rod_(Golems_of_Amgarrak),0,uncategorized
gib_intro_jerrik,Jerrik,dao,,,,0,uncategorized
gib_skeleton_boss,Harvested Corpse,dao,,,,0,uncategorized
gib_skeleton_critter,Harvested Corpse,dao,,,,0,uncategorized
gib_skeleton_lieutenant,Harvested Corpse,dao,,,,0,uncategorized
gib_skeleton_normal,Harvested Corpse,dao,,,,0,uncategorized
gib_skeleton_weak_normal,Harvested Corpse,dao,,,,0,uncategorized
gibcr_sum_bronto,Bronto,dao,,,,0,uncategorized
gibip_deadtrap_a,Triggered Trap,dao,,,,0,uncategorized
gibip_rune_forge,Rune Anvil,dao,,,,0,uncategorized
gibip_text_blocker,Invisible Object,dao,,,,0,uncategorized
gibip_trap_explosive,Trap Trigger,dao,,,,0,uncategorized
gibip_trap_explosive_trip,Trap Trigger,dao,,,,0,uncategorized
gibip_trap_gas,Trap Trigger,dao,,,,0,uncategorized
gibip_trap_glyph_para,Trap Trigger,dao,,,,0,uncategorized
gibip_trap_leghold,Flimsy Leghold Trap,dao,,,,0,uncategorized
golem_steel,Steel Golem,dao,,,,0,uncategorized
golem_stone,Stone Golem,dao,,,,0,uncategorized
gwb000cr_corpse_arland,Arland Corpse,dao,,,,0,uncategorized
gwb000cr_corpse_warden,Warden Corpse,dao,,,,0,uncategorized
gwb000cr_levi,Levi Dryden,dao,,,,0,uncategorized
gwb000cr_skeleton_arland,Arland Skeleton,dao,,,,0,uncategorized
gwb000cr_skeleton_warden,Warden Skeleton,dao,,,,0,uncategorized
gwb000cr_skeleton_warden2,Warden Skeleton,dao,,,,0,uncategorized
gwb100ar_keep_first_floor,First Floor,dao,,,,0,uncategorized
gwb100cr_arcane_horror,Arcane Horror,dao,,,,0,uncategorized
gwb100cr_archivist,Archivist,dao,,,,0,uncategorized
gwb100cr_library_demon,Demon,dao,,,,0,uncategorized
gwb100cr_lt_skel_scribe,Warden Scribe,dao,,,,0,uncategorized
gwb100cr_lt_warden,Commander Athlar,dao,,,,0,uncategorized
gwb100cr_rage_demon,Rage Demon,dao,,,,0,uncategorized
gwb100cr_scribe,Scribe,dao,,,,0,uncategorized
gwb100cr_summoner_demon,Archivist,dao,,,,0,uncategorized
gwb100cr_warden_dm1,Warden Dwarven Male 1,dao,,,,0,uncategorized
gwb100cr_warden_ef1,Warden Elven Female 1,dao,,,,0,uncategorized
gwb100cr_warden_em1,Warden Elven Male 1,dao,,,,0,uncategorized
gwb100cr_warden_hf1,Warden Human Female 1,dao,,,,0,uncategorized
gwb100cr_warden_hm1,Warden Human Male 1,dao,,,,0,uncategorized
gwb100cr_warden_hm2,Warden Human Male 1,dao,,,,0,uncategorized
gwb100ip_book_burnt,Archivist's Book,dao,,,,0,uncategorized
gwb100ip_def_board_talker,Statement of Defiance,dao,,,,0,uncategorized
gwb100ip_defiance_board,Statement of Defiance,dao,,,,0,uncategorized
gwb100ip_door_2f,Second Floor,dao,,,,0,uncategorized
gwb100ip_door_barracks,Barracks,dao,,,,0,uncategorized
gwb100ip_door_break,Break Room,dao,,,,0,uncategorized
gwb100ip_door_entrance,Entrance,dao,,,,0,uncategorized
gwb100ip_door_hall1,Door,dao,,,,0,uncategorized
gwb100ip_door_hall2,Door,dao,,,,0,uncategorized
gwb100ip_door_kitchen,Kitchen,dao,,,,0,uncategorized
gwb100ip_door_library,Library,dao,,,,0,uncategorized
gwb100ip_door_library2,Library,dao,,,,0,uncategorized
gwb110ar_keep_second_floor,Second Floor,dao,,,,0,uncategorized
gwb110cr_circle_demon,Rage Demon,dao,,,,0,uncategorized
gwb110cr_circle_zombie,Dead Warden,dao,,,,0,uncategorized
gwb110cr_cut_avernus,Avernus,dao,,,,0,uncategorized
gwb110cr_cut_demon,Demon,dao,,,,0,uncategorized
gwb110cr_cut_sophia,Sophia,dao,,,,0,uncategorized
gwb110cr_helper_avernus,Corpse,dao,,,,0,uncategorized
gwb110cr_helper_sophia,Corpse,dao,,,,0,uncategorized
gwb110cr_sophia,Sophia,dao,,,,0,uncategorized
gwb110cr_succubus,Desire Demon,dao,,,,0,uncategorized
gwb110cr_warden_ef1,Warden Acolyte,dao,,,,0,uncategorized
gwb110ip_altar,Altar,dao,,,,0,uncategorized
gwb110ip_door_1f,First Floor,dao,,,,0,uncategorized
gwb110ip_door_bridge,Exit,dao,,,,0,uncategorized
gwb110ip_door_hallway,Door,dao,,,,0,uncategorized
gwb110ip_door_quarters,Commander's Quarters,dao,,,,0,uncategorized
gwb110ip_door_shrine,Shrine,dao,,,,0,uncategorized
gwb110ip_gold_stash,Hidden Stash,dao,,,,0,uncategorized
gwb110ip_invis_portrait,Asturian's Portrait,dao,,,,0,uncategorized
gwb110ip_jam_jar,Raspberry Jam,dao,,,,0,uncategorized
gwb110ip_stash,Asturian's Stash,dao,,,,0,uncategorized
gwb120ar_avernus_tower,Avernus's Tower,dao,,,,0,uncategorized
gwb120cr_avernus,Avernus,dao,,,,0,uncategorized
gwb120ip_ability_bottle,Alchemical Concoction,dao,,,,0,uncategorized
gwb120ip_ability_btl_talker,Statement of Defiance,dao,,,,0,uncategorized
gwb120ip_avernus_notes,Ability Notes,dao,,,,0,uncategorized
gwb120ip_codex_corpse,Corpse,dao,,,,0,uncategorized
gwb120ip_door_1f,First Floor,dao,,,,0,uncategorized
gwb120ip_door_bridge,Tower Exit,dao,,,,0,uncategorized
gwb120ip_door_hallway,Door,dao,,,,0,uncategorized
gwb120ip_door_lab_north,North Lab,dao,,,,0,uncategorized
gwb120ip_door_lab_south,South Lab,dao,,,,0,uncategorized
gwb120ip_door_research,Research,dao,,,,0,uncategorized
gwb120ip_door_sanctum,Avernus's Sanctum,dao,,,,0,uncategorized
gwb200ar_soldiers_peak,Soldier's Peak,dao,,,,0,uncategorized
gwb200cr_bridge_skeleton,Shambling Skeleton,dao,,,,0,uncategorized
gwb200cr_corpse_shambling,Shambling Corpse,dao,,,,0,uncategorized
gwb200cr_lt_arland,Arland's Lord,dao,,,,0,uncategorized
gwb200cr_lt_warden_mage,Warden Acolyte,dao,,,,0,uncategorized
gwb200cr_lt_warden_rogue,Warden Master Scout,dao,,,,0,uncategorized
gwb200cr_siege_knight,Knight,dao,,,,0,uncategorized
gwb200cr_siege_lord,Lord,dao,,,,0,uncategorized
gwb200cr_skeleton_archer,Skeleton Archer,dao,,,,0,uncategorized
gwb200cr_skeleton_shambling,Shambling Skeleton,dao,,,,0,uncategorized
gwb200cr_undead_mage,Undead Mage,dao,,,,0,uncategorized
gwb200ip_codex1,Statue,dao,,,,0,uncategorized
gwb200ip_corpse_pile,Corpse Pile,dao,,,,0,uncategorized
gwb200ip_door_avernus_tower,Avernus's Tower,dao,,,,0,uncategorized
gwb200ip_door_keep_2f,Keep,dao,,,,0,uncategorized
gwb200ip_door_keep_main,Keep,dao,,,,0,uncategorized
gwb200ip_transition_world,World Map,dao,,,,0,uncategorized
gwb201ar_sp_repaired,Soldier's Peak,dao,,,,0,uncategorized
gwb201cr_dog,Dog,dao,,,,0,uncategorized
gwb201cr_dryden_cousin1,Levi's Nephew,dao,,,,0,uncategorized
gwb201cr_dryden_cousin2,Levi's Nephew,dao,,,,0,uncategorized
gwb201cr_dryden_cousin3,Levi's Nephew,dao,,,,0,uncategorized
gwb201cr_mikhael,Mikhael Dryden,dao,,,,0,uncategorized
gwb201cr_shale_follower,Raven,dao,,,,0,uncategorized
gwb201ip_door_keep,Keep,dao,,,,0,uncategorized
gwb201ip_door_tower,Avernus's Tower,dao,,,,0,uncategorized
gwb201ip_party_chest,Party Storage Chest,dao,,,,0,uncategorized
gwb201ip_world_map,World Map,dao,,,,0,uncategorized
high_dragon,High Dragon,dao,,,,0,uncategorized
high_dragon_lit,High Dragon,dao,,,,0,uncategorized
house_cat,Cat,dao,,,,0,uncategorized
hurlock_1,Hurlock,dao,,,,0,uncategorized
hurlock_2,"Hurlock, Alpha",dao,,,,0,uncategorized
hurlock_3,"Hurlock, Emissary",dao,,,,0,uncategorized
hurlock_alpha_greataxe,Hurlock Alpha,dao,,,,0,uncategorized
hurlock_alpha_greatsword,Hurlock Alpha,dao,,,,0,uncategorized
hurlock_alpha_maul,Hurlock Alpha,dao,,,,0,uncategorized
hurlock_axe,Hurlock,dao,,,,0,uncategorized
hurlock_emissary_bal,Hurlock Emissary,dao,,,,0,uncategorized
hurlock_emissary_def,Hurlock Emissary,dao,,,,0,uncategorized
hurlock_emissary_off,Hurlock Emissary,dao,,,,0,uncategorized
hurlock_epic_archer,Hurlock Sniper,dao,,,,0,uncategorized
hurlock_epic_axeshield,Hurlock Guardian,dao,,,,0,uncategorized
hurlock_epic_emis_def,Hurlock Battle Mage,dao,,,,0,uncategorized
hurlock_epic_maul,Hurlock Berserker,dao,,,,0,uncategorized
hurlock_lbow_axe,Hurlock,dao,,,,0,uncategorized
hurlock_lsword,Hurlock,dao,,,,0,uncategorized
hurlock_mace,Hurlock,dao,,,,0,uncategorized
incubus_a,Incubus,dao,,,,0,uncategorized
int100ar_exterior,Vigil's Keep,dao,,,,0,uncategorized
int100cr_alistair,Alistair,dao,,,,0,uncategorized
int100cr_anora,Anora,dao,,,,0,uncategorized
int100cr_bodyguard_01,Guard,dao,,,,0,uncategorized
int100cr_bodyguard_02,Guard,dao,,,,0,uncategorized
int100cr_civilian,Civilian,dao,,,,0,uncategorized
int100cr_constable,Seneschal Varel,dao,,,,0,uncategorized
int100cr_female_warden,Mhairi,dao,,,,0,uncategorized
int100cr_merchant,Terrified Merchant,dao,,,,0,uncategorized
int100cr_rally_soldier_1,Vigil Soldier,dao,,,,0,uncategorized
int100cr_rally_soldier_2,Vigil Soldier,dao,,,,0,uncategorized
int100cr_rally_soldier_3,Vigil Soldier,dao,,,,0,uncategorized
int100cr_rally_soldier_4,Vigil Soldier,dao,,,,0,uncategorized
int100cr_survivor,Survivor,dao,,,,0,uncategorized
int100cr_templar,Rylock,dao,,,,0,uncategorized
int100cr_triage_guard,Soldier,dao,,,,0,uncategorized
int100cr_withered,The Withered,dao,,,,0,uncategorized
int100cr_wounded_soldier_1,Wounded Soldier,dao,,,,0,uncategorized
int100cr_wounded_soldier_2,Wounded Soldier,dao,,,,0,uncategorized
int100cr_wounded_soldier_3,Wounded Soldier,dao,,,,0,uncategorized
int100ip_ballista_mount,Ballista Mount,dao,,,,0,uncategorized
int100ip_ballista_top,Ballista,dao,,,,0,uncategorized
int100ip_placed_treasure_1,Chest,dao,,,,0,uncategorized
int100ip_placed_treasure_2,Chest,dao,,,,0,uncategorized
int100ip_placed_treasure_3,Chest,dao,,,,0,uncategorized
int100ip_to_interior_01,Vigil's Keep - Interior,dao,,,,0,uncategorized
int100ip_to_interior_02,Vigil's Keep - Interior,dao,,,,0,uncategorized
int100ip_to_interior_03,Vigil's Keep - Interior,dao,,,,0,uncategorized
int100ip_to_interior_04,Vigil's Keep - Interior,dao,,,,0,uncategorized
int100ip_triage_supplies,Crate,dao,,,,0,uncategorized
int200ar_interior,Keep Interior,dao,,,,0,uncategorized
int200cr_bystander_f,Survivor,dao,,,,0,uncategorized
int200cr_bystander_m,Survivor,dao,,,,0,uncategorized
int200cr_templar,Templar,dao,,,,0,uncategorized
int200cr_warden,Rowland,dao,,,,0,uncategorized
int200ip_anders_door,Door,dao,,,,0,uncategorized
int200ip_barricade,Barricade,dao,,,,0,uncategorized
int200ip_gate_lever,Lever,dao,,,,0,uncategorized
int200ip_placed_treasure_1,Chest,dao,,,,0,uncategorized
int200ip_placed_treasure_2,Chest,dao,,,,0,uncategorized
int200ip_placed_treasure_3,Chest,dao,,,,0,uncategorized
int200ip_survivor_barricade,Barricade,dao,,,,0,uncategorized
int200ip_survivor_closet,Door,dao,,,,0,uncategorized
int200ip_to_exterior_01,Vigil's Keep,dao,,,,0,uncategorized
int200ip_to_exterior_02,Vigil's Keep,dao,,,,0,uncategorized
int200ip_to_exterior_03,Vigil's Keep,dao,,,,0,uncategorized
int200ip_to_exterior_04,Vigil's Keep,dao,,,,0,uncategorized
kcc100ar_ostagar,Ostagar,dao,,,,0,uncategorized
kcc100cr_cailan,Cailan,dao,,,,0,uncategorized
kcc100cr_commander_b,Hurlock Strider,dao,,,,0,uncategorized
kcc100cr_commander_c,Hurlock Strategist,dao,,,,0,uncategorized
kcc100cr_commander_d,Hurlock Vanguard,dao,,,,0,uncategorized
kcc100cr_commander_e,Hurlock General,dao,,,,0,uncategorized
kcc100cr_dead_dog,Dead Mabari,dao,,,,0,uncategorized
kcc100cr_dead_dog1,Dead Mabari,dao,,,,0,uncategorized
kcc100cr_dog,Mabari Hound,dao,,,,0,uncategorized
kcc100cr_drkspn_lss,Hurlock,dao,,,,0,uncategorized
kcc100cr_enraged_corpse,Enraged Corpse,dao,,,,0,uncategorized
kcc100cr_fallen_man,Bandit,dao,,,,0,uncategorized
kcc100cr_gen_sbow,Genlock,dao,,,,0,uncategorized
kcc100cr_genlock_archer,Genlock,dao,,,,0,uncategorized
kcc100cr_genlock_necro,Genlock Necromancer,dao,,,,0,uncategorized
kcc100cr_genlock_rogue,Genlock Rogue,dao,,,,0,uncategorized
kcc100cr_genlock_smith,Genlock Forgemaster,dao,,,,0,uncategorized
kcc100cr_hur_mace,Hurlock,dao,,,,0,uncategorized
kcc100cr_ogre_boss,Risen Ogre,dao,,,,0,uncategorized
kcc100cr_shambling_corpse,Shambling Corpse,dao,,,,0,uncategorized
kcc100cr_skeleton,Shambling Skeleton,dao,,,,0,uncategorized
kcc100cr_skeleton_archer,Skeleton Archer,dao,,,,0,uncategorized
kcc100cr_skeleton_mage,Skeleton Mage,dao,,,,0,uncategorized
kcc100im_cailans_docs,Secret Correspondence,dao,,,https://dragonage.fandom.com/wiki/Secret_Correspondence,0,uncategorized
kcc100im_chest_key,Key to the Royal Arms Chest,dao,,,https://dragonage.fandom.com/wiki/Key_to_the_Royal_Arms_Chest,0,uncategorized
kcc100im_joining_chalice,Joining Chalice,dao,,,https://dragonage.fandom.com/wiki/Joining_Chalice,0,uncategorized
kcc100ip_cailans_chest,Cailan's Chest,dao,,,,0,uncategorized
kcc100ip_chalice_contents,Joining Chalice,dao,,,,0,uncategorized
kcc100ip_darkspawn_forge,Darkspawn Forge,dao,,,,0,uncategorized
kcc100ip_door_ishal,Tower of Ishal,dao,,,,0,uncategorized
kcc100ip_duncans_fire,Duncan's Fire,dao,,,,0,uncategorized
kcc100ip_joining_ritual,The Joining,dao,,,,0,uncategorized
kcc100ip_key_stash,Elric's Buried Key,dao,,,,0,uncategorized
kcc100ip_loot1,Wooden Crate,dao,wood,shield,,0,uncategorized
kcc100ip_prisoner_corpse,Charred Corpse,dao,,,,0,uncategorized
kcc100ip_to_tunnel,Darkspawn Tunnels,dao,,,,0,uncategorized
kcc100ip_to_upper_level,Darkspawn Tunnels,dao,,,,0,uncategorized
kcc100ip_wizards_chest,Mages' Chest,dao,,,,0,uncategorized
kcc100ip_world_map,World Map,dao,,,,0,uncategorized
kcc200ar_ishal,Tower of Ishal,dao,,,,0,uncategorized
kcc200cr_caged_bereskarn,Bereskarn,dao,,,,0,uncategorized
kcc200cr_genlock_grunt,Genlock,dao,,,,0,uncategorized
kcc200cr_genlock_opener,Genlock,dao,,,,0,uncategorized
kcc200cr_hur_sword,Hurlock,dao,,,,0,uncategorized
kcc200cr_hurlock_archer,Hurlock,dao,,,,0,uncategorized
kcc200cr_hurlock_grunt,Hurlock,dao,,,,0,uncategorized
kcc200ip_barricaded_door,Barricaded Door,dao,,,,0,uncategorized
kcc200ip_bereskarn_cage,Cage,dao,,,,0,uncategorized
kcc200ip_crusher_rack,Weapon Stand,dao,,,,0,uncategorized
kcc200ip_to_tower2,Second Floor,dao,,,,0,uncategorized
kcc200ip_to_tunnels,Darkspawn Tunnels,dao,,,,0,uncategorized
kcc200ip_tower_entrance,Ostagar,dao,,,,0,uncategorized
kcc300ar_tunnel,Darkspawn Tunnels,dao,,,,0,uncategorized
kcc300ip_door,Door,dao,,,,0,uncategorized
kcc300ip_to_battlefield,Battlefield,dao,,,,0,uncategorized
kcc300ip_to_ishal,Tower of Ishal,dao,,,,0,uncategorized
kcc_im_spc_dog_pnt_sft,Swiftrunner Warpaint,dao,,,https://dragonage.fandom.com/wiki/Swiftrunner_Warpaint,0,uncategorized
kcc_im_wep_mal_nug,Nug Crusher,dao,metal,weapon,https://dragonage.fandom.com/wiki/Nug_Crusher,0,uncategorized
leave_hiding_shrub,Shrub,dao,,,,0,uncategorized
lel000cr_commander,Commander Harwen Raleigh,dao,,,,0,uncategorized
lel000cr_dorothea,Revered Mother Dorothea,dao,,,,0,uncategorized
lel000cr_lem,Bonny Lem,dao,,,,0,uncategorized
lel000cr_lieutenant,Lieutenant,dao,,,,0,uncategorized
lel000cr_marjolaine,Marjolaine,dao,,,,0,uncategorized
lel000fl_replacement,Silas Corthwaite,dao,,,,0,uncategorized
lel000fl_sketch,Sketch,dao,,,,0,uncategorized
lel000fl_tug,Tug,dao,,,,0,uncategorized
lel000pc_leliana,Leliana,dao,,,,0,uncategorized
lel100ar_market,Denerim Market,dao,,,,0,uncategorized
lel100c_soldier_cut1,City Guard,dao,,,,0,uncategorized
lel100c_soldier_cut2,City Guard,dao,,,,0,uncategorized
lel100c_soldier_cut3,City Guard,dao,,,,0,uncategorized
lel100cr_city_elite,City Guard Elite,dao,,,,0,uncategorized
lel100cr_city_elite2,City Guard Elite,dao,,,,0,uncategorized
lel100cr_city_elite3,City Guard Elite,dao,,,,0,uncategorized
lel100cr_cityguard1,City Guard,dao,,,,0,uncategorized
lel100cr_cityguard2,City Guard,dao,,,,0,uncategorized
lel100cr_cityguard3,City Guard,dao,,,,0,uncategorized
lel100cr_guard_captain,Guard Captain Eams,dao,,,,0,uncategorized
lel100cr_mage,Severin Corwood,dao,,,,0,uncategorized
lel100cr_mage_golem,Stone Golem,dao,,,,0,uncategorized
lel100cr_marjolaine_amb,Marjolaine,dao,,,,0,uncategorized
lel100cr_night_captain,Night Captain,dao,,,,0,uncategorized
lel100cr_noble,Bann Perrin,dao,,,,0,uncategorized
lel100cr_noble_guard1,Guard,dao,,,,0,uncategorized
lel100cr_noble_guard2,Guard,dao,,,,0,uncategorized
lel100cr_snitch,Jovi Merice,dao,,,,0,uncategorized
lel100cr_snitch_dead,Dead Jovi Merice,dao,,,,0,uncategorized
lel100im_magequest,Note from the Collective,dao,,,,0,uncategorized
lel100im_magesymbol,Mages' Collective Signet,dao,,,https://dragonage.fandom.com/wiki/Mages%27_Collective_Signet,0,uncategorized
lel100im_noblenote,Note from the Chantry,dao,,,https://dragonage.fandom.com/wiki/Note_from_the_Chantry,0,uncategorized
lel100im_snitchbody,Jovi Merice's Corpse,dao,,,https://dragonage.fandom.com/wiki/Jovi_Merice%27s_Corpse,0,uncategorized
lel100im_snitchdagger,Bastard Thorn,dao,,,https://dragonage.fandom.com/wiki/Bastard_Thorn,0,uncategorized
lel100im_stolengood1,Fenced Tevinter Antiquities,dao,,,https://dragonage.fandom.com/wiki/Fenced_Tevinter_Antiquities,0,uncategorized
lel100im_stolengood2,Fenced Historical Costumes,dao,,,https://dragonage.fandom.com/wiki/Fenced_Historical_Costumes,0,uncategorized
lel100im_stolengood3,Fenced Fereldan Jewelry,dao,,,https://dragonage.fandom.com/wiki/Fenced_Fereldan_Jewelry,0,uncategorized
lel100im_underwear,Suspect Underthings,dao,,,https://dragonage.fandom.com/wiki/Suspect_Underthings,0,uncategorized
lel100ip_chantry_board,Chanter's Board,dao,,,,0,uncategorized
lel100ip_chest1,Crate,dao,,,,0,uncategorized
lel100ip_chest2,Crate,dao,,,,0,uncategorized
lel100ip_chest3,Crate,dao,,,,0,uncategorized
lel100ip_chest4,Crate,dao,,,,0,uncategorized
lel100ip_col_cache,Mages' Collective Cache,dao,,,,0,uncategorized
lel100ip_col_marker1,Mages' Collective Marker,dao,,,,0,uncategorized
lel100ip_col_marker2,Mages' Collective Marker,dao,,,,0,uncategorized
lel100ip_guard_captain,Guard Captain Eams,dao,,,,0,uncategorized
lel100ip_levelend,Signal You're Ready for Marjolaine,dao,,,,0,uncategorized
lel100ip_mage_bag,Mages' Collective Bag,dao,,,,0,uncategorized
lel100ip_marjolaine,Marjolaine,dao,,,,0,uncategorized
lel100ip_merchant_stash1,Renwold's Relics,dao,,,,0,uncategorized
lel100ip_merchant_stash2,Finery by Ser Wolly,dao,,,,0,uncategorized
lel100ip_merchant_stash3,Melford's Imports of Import,dao,,,,0,uncategorized
lel100ip_noble_unconscious,Unconscious Bann Perrin,dao,,,,0,uncategorized
lel100ip_well,The Old Well,dao,,,,0,uncategorized
lel200ar_estate_ext,Noble's Estate,dao,,,,0,uncategorized
lel200cr_cut_guard_01,Guard,dao,,,,0,uncategorized
lel200cr_cut_guard_02,Guard,dao,,,,0,uncategorized
lel200cr_cut_guard_03,Guard,dao,,,,0,uncategorized
lel200cr_guard_01,Elite Soldier,dao,,,,0,uncategorized
lel200cr_guard_02,Elite Soldier,dao,,,,0,uncategorized
lel200cr_outsideguard,Elite Soldier,dao,,,,0,uncategorized
lel200im_guardbody,A Soldier's Body,dao,,,,0,uncategorized
lel200ip_bodydump,Freshly Tilled Soil,dao,,,,0,uncategorized
lel200ip_codex1,The Arl's Estate,dao,,,,0,uncategorized
lel200ip_guardbody,Guard Corpse,dao,,,,0,uncategorized
lel200ip_window,Climb up to the Window,dao,,,,0,uncategorized
lel210ar_estate_int,Noble's Estate,dao,,,,0,uncategorized
lel210cr_deadnug,Nug,dao,,,,0,uncategorized
lel210cr_guard,Soldier,dao,,,,0,uncategorized
lel210cr_guard_armor,Weapon Master,dao,,,,0,uncategorized
lel210cr_guard_door,Sergeant,dao,,,,0,uncategorized
lel210cr_guard_f,Soldier,dao,,,,0,uncategorized
lel210cr_guard_f_n,Soldier,dao,,,,0,uncategorized
lel210cr_guard_speaker,Elite Soldier,dao,,,,0,uncategorized
lel210cr_guard_unprep,Off-Duty Soldier,dao,,,,0,uncategorized
lel210cr_guard_unprep2,Off-Duty Soldier,dao,,,,0,uncategorized
lel210cr_guard_unprep3,Off-Duty Soldier,dao,,,,0,uncategorized
lel210cr_guard_unprep4,Off-Duty Soldier,dao,,,,0,uncategorized
lel210cr_mage,Mage Mercenary,dao,,,,0,uncategorized
lel210cr_mage_2,Mage Mercenary,dao,,,,0,uncategorized
lel210cr_mage_3,Mage Mercenary,dao,,,,0,uncategorized
lel210cr_mage_4,Mage Mercenary,dao,,,,0,uncategorized
lel210cr_servant_ef,Servant,dao,,,,0,uncategorized
lel210cr_servant_em,Servant,dao,,,,0,uncategorized
lel210cr_servant_f,Cook,dao,,,,0,uncategorized
lel210cr_unarmed_f,Noblewoman,dao,,,,0,uncategorized
lel210cr_unarmed_guard1,Off-Duty Soldier,dao,,,,0,uncategorized
lel210cr_unarmed_guard2,Off-Duty Soldier,dao,,,,0,uncategorized
lel210cr_unarmed_guard3,Off-Duty Soldier,dao,,,,0,uncategorized
lel210cr_unarmed_guard4,Off-Duty Soldier,dao,,,,0,uncategorized
lel210cr_unarmed_guard5,Off-Duty Soldier,dao,,,,0,uncategorized
lel210cr_unarmed_guard6,Off-Duty Soldier,dao,,,,0,uncategorized
lel210cr_unarmed_m,Nobleman,dao,,,,0,uncategorized
lel210cr_vaughan,Vaughan Uriens,dao,,,,0,uncategorized
lel210cr_vaughan_servant,Servant Girl,dao,,,,0,uncategorized
lel210im_key_route1,Set of Keys,dao,,,,0,uncategorized
lel210ip_chest1,Iron Chest,dao,,,,0,uncategorized
lel210ip_chest2,Footlocker,dao,,,,0,uncategorized
lel210ip_chest3,Ornate Chest,dao,,,,0,uncategorized
lel210ip_chest4,Footlocker,dao,,,,0,uncategorized
lel210ip_chest5,Footlocker,dao,,,,0,uncategorized
lel210ip_chest6,Footlocker,dao,,,,0,uncategorized
lel210ip_chest7,Ornate Chest,dao,,,,0,uncategorized
lel210ip_chest8,Crate,dao,,,,0,uncategorized
lel210ip_codex_journal1,War Journal,dao,,,,0,uncategorized
lel210ip_codex_journal2,Personal Journal,dao,,,,0,uncategorized
lel210ip_door2_nonint,Door,dao,,,,0,uncategorized
lel210ip_door_exit,Estate Exterior,dao,,,,0,uncategorized
lel210ip_door_exitfight2,Door,dao,,,,0,uncategorized
lel210ip_door_first,Door,dao,,,,0,uncategorized
lel210ip_door_guardroom,Door,dao,,,,0,uncategorized
lel210ip_door_library,Door,dao,,,,0,uncategorized
lel210ip_door_noble,Door,dao,,,,0,uncategorized
lel210ip_door_nonint,Door,dao,,,,0,uncategorized
lel210ip_door_route1,Door,dao,,,,0,uncategorized
lel210ip_door_second,Door,dao,,,,0,uncategorized
lel210ip_droppoint,Drop Point,dao,,,,0,uncategorized
lel210ip_egg,Large Egg,dao,,,,0,uncategorized
lel210ip_sacks,Pile of Sacks,dao,,,,0,uncategorized
lel210ip_weaponrack,Weapon Rack,dao,,,,0,uncategorized
lel220ar_estate_dun,The Dungeons,dao,,,,0,uncategorized
lel220cr_adaia,Adaia,dao,,,,0,uncategorized
lel220cr_dead_tug,Tug,dao,,,,0,uncategorized
lel220cr_dead_tug_cutscene,Tug,dao,,,,0,uncategorized
lel220cr_gonnor,Gonnor Tintop,dao,,,,0,uncategorized
lel220cr_guard,Dungeon Guard,dao,,,,0,uncategorized
lel220cr_mage,Mage,dao,,,,0,uncategorized
lel220cr_meagahn,Meagahn Sonner,dao,,,,0,uncategorized
lel220cr_prisoner_f,Prisoner,dao,,,,0,uncategorized
lel220cr_prisoner_m,Prisoner,dao,,,,0,uncategorized
lel220im_jail_key,Iron Key,dao,,,https://dragonage.fandom.com/wiki/Iron_Key,0,uncategorized
lel220ip_chantrybag,Small Rucksack,dao,,,,0,uncategorized
lel220ip_chest1,Footlocker,dao,,,,0,uncategorized
lel220ip_chest2,Footlocker,dao,,,,0,uncategorized
lel220ip_chest3,Footlocker,dao,,,,0,uncategorized
lel220ip_chest4,Footlocker,dao,,,,0,uncategorized
lel220ip_door_sketch,Door,dao,,,,0,uncategorized
lel220ip_exit_door,Door,dao,,,,0,uncategorized
lel220ip_jail_door,Cell Door,dao,,,,0,uncategorized
lel220ip_lever3_door,Door,dao,,,,0,uncategorized
lel220ip_lever_gate1,Crank,dao,,,,0,uncategorized
lel220ip_lever_gate2,Crank,dao,,,,0,uncategorized
lel220ip_lever_gate3,Crank,dao,,,,0,uncategorized
lel220ip_revmother,Mysterious Voice,dao,,,,0,uncategorized
lel220ip_sacks,Pile of Sacks,dao,,,,0,uncategorized
lel220ip_tugbody,Tug's Body,dao,,,,0,uncategorized
lel220ip_weaponrack,Weapon Rack,dao,,,,0,uncategorized
lel300ar_hideout,Hideout,dao,,,,0,uncategorized
lel300ip_codex_marj,Marjolaine's Satchel,dao,,,,0,uncategorized
lel300ip_codex_sketch,Sketch's Books,dao,,,,0,uncategorized
lel300ip_codex_tug,Tug's Satchel,dao,,,,0,uncategorized
lel300ip_marjdoor,Door,dao,,,,0,uncategorized
lel400ar_chantry,Chantry,dao,,,,0,uncategorized
lel400cr_hildegard,Sister Hildegard,dao,,,,0,uncategorized
lel400cr_silas_cutscene,Silas Corthwaite,dao,,,,0,uncategorized
lel400ip_chest,Desk Drawer,dao,,,,0,uncategorized
lel400ip_statue,Statue of Andraste,dao,,,,0,uncategorized
lel500ar_shore_1,Windswept Shore,dao,,,,0,uncategorized
lel500cr_archer,Guard,dao,,,,0,uncategorized
lel500cr_bossmage,Mage,dao,,,,0,uncategorized
lel500cr_bronto,Trained Bronto,dao,,,,0,uncategorized
lel500cr_dragon,Dragon,dao,,,,0,uncategorized
lel500cr_dragon_neutral,Dragon,dao,,,,0,uncategorized
lel500cr_guard,Guard,dao,,,,0,uncategorized
lel500cr_mage,Mage,dao,,,,0,uncategorized
lel500cr_sand_leader,Sand Stalker Leader,dao,,,,0,uncategorized
lel500cr_sand_spitter,Sand Stalker Spitter,dao,,,,0,uncategorized
lel500cr_sand_stalker,Sand Stalker,dao,,,,0,uncategorized
lel500ip_exit,The Canyons,dao,,,,0,uncategorized
lel510ar_shore_2,Canyon Path,dao,,,,0,uncategorized
lel510ip_entrance,The Shore,dao,,,,0,uncategorized
lel510ip_exit,The Cliffs,dao,,,,0,uncategorized
lel520ar_shore_3,Blighted Cliffs,dao,,,,0,uncategorized
lel520ip_entrance,The Cliffs,dao,,,,0,uncategorized
lel_im_cth_mag_rob,Artificer's Canopy,dao,,,,0,uncategorized
lel_im_gift_sword_tug,Tug's Edge,dao,,,https://dragonage.fandom.com/wiki/Tug%27s_Edge_(gift),0,uncategorized
lel_im_plt_orlesian_trinket,Masterwork Leather Piece,dao,,,https://dragonage.fandom.com/wiki/Masterwork_Leather_Piece,0,uncategorized
lel_im_qck_book_talentw,Unused,dao,,,,0,uncategorized
lel_im_wep_axe_01,Tug's Edge,dao,metal,weapon,https://dragonage.fandom.com/wiki/Tug%27s_Edge,0,uncategorized
lel_im_wep_axe_02,Tug's Edge,dao,metal,weapon,https://dragonage.fandom.com/wiki/Tug%27s_Edge,0,uncategorized
lel_im_wep_dag_01,Pelerine Slip-Knife,dao,metal,weapon,https://dragonage.fandom.com/wiki/Pelerine_Slip-Knife,0,uncategorized
lel_im_wep_dag_02,Orlesian Purse-Cutter,dao,metal,weapon,https://dragonage.fandom.com/wiki/Orlesian_Purse-Cutter,0,uncategorized
lel_im_wep_lbw_01,Mont-de-glace Strand,dao,metal,weapon,https://dragonage.fandom.com/wiki/Mont-de-glace_Strand,0,uncategorized
lel_im_wep_lsw_01,Royeaux One and Two,dao,metal,weapon,https://dragonage.fandom.com/wiki/Royeaux_One_and_Two_(Origins),0,uncategorized
lesser_shade,Lesser Shade,dao,,,,0,uncategorized
litcr_dead_warrior,Blackstone Mercenary,dao,,,,0,uncategorized
litcr_kor_ashcorpse,Dead Soldier,dao,,,,0,uncategorized
litcr_kor_jogby,Missionary Jogby,dao,,,,0,uncategorized
litcr_kor_rigby,Missionary Rigby,dao,,,,0,uncategorized
lite_anumon_book,The Heirs of Anumon,dao,,,,0,uncategorized
lite_anumon_eagleglyph,Glyph of the Eagle,dao,,,,0,uncategorized
lite_anumon_owlglyph,Glyph of the Owl,dao,,,,0,uncategorized
lite_anumon_serpentglyph,Glyph of the Serpent,dao,,,,0,uncategorized
lite_camp_emiss_dalish,Emissary Caron,dao,,,,0,uncategorized
lite_camp_emiss_dwarf,Emissary Fellhammer,dao,,,,0,uncategorized
lite_camp_emiss_eamon,Lieutenant Cadrim,dao,,,,0,uncategorized
lite_camp_emiss_tranq,Emissary Pether,dao,,,,0,uncategorized
lite_camp_emiss_were,Emissary Bulfa,dao,,,,0,uncategorized
lite_chant_names_hunt,Templar Inquisitor,dao,,,,0,uncategorized
lite_chant_target_revenge,Hired Mercenary,dao,,,,0,uncategorized
lite_chant_tract_seeker,Commoner Seeker,dao,,,,0,uncategorized
lite_conscript_dernal,Dernal Garrison,dao,,,,0,uncategorized
lite_conscripts_patter,Patter Gritch,dao,,,,0,uncategorized
lite_conscripts_varel,Varel Baern,dao,,,,0,uncategorized
lite_den_ransack,Feoran,dao,,,,0,uncategorized
lite_den_stolengoods,Stolen Goods,dao,,,,0,uncategorized
lite_den_suffer_pomer,Pomer the Guard,dao,,,,0,uncategorized
lite_den_thug1,Shady Thug,dao,,,,0,uncategorized
lite_den_thug2,Shady Thug,dao,,,,0,uncategorized
lite_dencr_courier1,Hooded Courier,dao,,,,0,uncategorized
lite_dencr_courier2,Hooded Courier,dao,,,,0,uncategorized
lite_dencr_courier3,Hooded Courier,dao,,,,0,uncategorized
lite_dencr_courier4,Hooded Courier,dao,,,,0,uncategorized
lite_dencr_courier5,Hooded Courier,dao,,,,0,uncategorized
lite_fbm_cabbages,Sack of Cabbages,dao,,,,0,uncategorized
lite_fbm_gabon,Gabon,dao,,,,0,uncategorized
lite_fbm_jareb,Jareb,dao,,,,0,uncategorized
lite_fite_blackstone,Blackstone Liaison,dao,,,,0,uncategorized
lite_fite_deserter1,Sammael the Deserter,dao,,,,0,uncategorized
lite_fite_deserter2,Tornas the Deserter,dao,,,,0,uncategorized
lite_fite_deserter3,Layson the Deserter,dao,,,,0,uncategorized
lite_fite_deserter_thug1,Shady Thug,dao,,,,0,uncategorized
lite_fite_deserter_thug2,Shady Thug,dao,,,,0,uncategorized
lite_fite_merc1,Blackstone Mercenary,dao,,,,0,uncategorized
lite_fite_merc2,Blackstone Mercenary,dao,,,,0,uncategorized
lite_fite_raelnor,Raelnor Hawkwind,dao,,,,0,uncategorized
lite_fite_taoran,Taoran Hawkwind,dao,,,,0,uncategorized
lite_fite_widow_irenia,Irenia,dao,,,,0,uncategorized
lite_fite_widow_larana,Larana,dao,,,,0,uncategorized
lite_fite_widow_sara,Sara,dao,,,,0,uncategorized
lite_fite_widow_tania,Tania,dao,,,,0,uncategorized
lite_kor_anathul_cylinder,Silver Cylinder,dao,,,,0,uncategorized
lite_kor_anathul_handle,Golden Handle,dao,,,,0,uncategorized
lite_kor_anathul_jolien,Jolien's Journal,dao,,,,0,uncategorized
lite_kor_anathul_ruby,Ruby Counterweight,dao,,,,0,uncategorized
lite_kor_anathul_secrets,The Secrets of Anathul,dao,,,,0,uncategorized
lite_kor_anathul_shard,Crystalline Shard,dao,,,,0,uncategorized
lite_kor_gazarath,Gazarath,dao,,,,0,uncategorized
lite_landry_propagandist,Renold the Propagandist,dao,,,,0,uncategorized
lite_landry_react_1,Market Patron,dao,,,,0,uncategorized
lite_landry_react_2,Market Patron,dao,,,,0,uncategorized
lite_mage_adventurer,Adventurer Leader,dao,,,,0,uncategorized
lite_mage_collective,Mages' Collective Liaison,dao,,,,0,uncategorized
lite_mage_harrith,Knight-Commander Harrith,dao,,,,0,uncategorized
lite_mage_killer,Maleficar,dao,,,,0,uncategorized
lite_mage_killer2,Maleficar,dao,,,,0,uncategorized
lite_mage_killer3,Maleficar,dao,,,,0,uncategorized
lite_mage_killer4,Maleficar,dao,,,,0,uncategorized
lite_mage_renold,Renold,dao,,,,0,uncategorized
lite_mage_renold_abom,Abomination,dao,,,,0,uncategorized
lite_mage_tavish,Knight-Commander Tavish,dao,,,,0,uncategorized
lite_mage_termination1,Starrick the Apprentice,dao,,,,0,uncategorized
lite_mage_termination2,Sheth the Apprentice,dao,,,,0,uncategorized
lite_mage_termination3,Fayd the Apprentice,dao,,,,0,uncategorized
lite_multi_demon_assembly,Reth'maznik,dao,,,,0,uncategorized
lite_orz_fade_beast,Fade Beast,dao,,,,0,uncategorized
lite_ost_survivor,Commander Telm of Harmon,dao,,,,0,uncategorized
lite_pages_mage,Mage,dao,,,,0,uncategorized
lite_pages_thug1,Shady Thug,dao,,,,0,uncategorized
lite_pages_thug2,Shady Thug,dao,,,,0,uncategorized
lite_quality_hanald,Hanald Farmerson,dao,,,,0,uncategorized
lite_quality_loran,Loran the Hack,dao,,,,0,uncategorized
lite_quality_phillum,Phillum Greely,dao,,,,0,uncategorized
lite_quality_tyrus,Tyrus the Drunk,dao,,,,0,uncategorized
lite_red_delli,Delli,dao,,,,0,uncategorized
lite_red_jetta,Jetta,dao,,,,0,uncategorized
lite_rogue_board,Acquisitions,dao,,,,0,uncategorized
lite_rogue_board_decide,Guard Contact,dao,,,,0,uncategorized
lite_rogue_clean_scared1,Sal the Grinder,dao,,,,0,uncategorized
lite_rogue_clean_scared2,Lee Bloodrake,dao,,,,0,uncategorized
lite_rogue_clean_scared3,Shivs,dao,,,,0,uncategorized
lite_rogue_competition1,D's Lieutenant,dao,,,,0,uncategorized
lite_rogue_competition2,K's Lieutenant,dao,,,,0,uncategorized
lite_rogue_d,D,dao,,,,0,uncategorized
lite_rogue_false_witness1,Skinny Frank,dao,,,,0,uncategorized
lite_rogue_false_witness2,Brian,dao,,,,0,uncategorized
lite_rogue_false_witness3,Cam of Redside,dao,,,,0,uncategorized
lite_rogue_k,K,dao,,,,0,uncategorized
lite_rogue_terms_revenge,Denerim Mercenary,dao,,,,0,uncategorized
lite_rogue_terms_revenge2,Denerim Mercenary,dao,,,,0,uncategorized
lite_rogue_thug1,Rogue Henchman,dao,,,,0,uncategorized
lite_rogue_thug2,Rogue Henchman,dao,,,,0,uncategorized
lite_rogue_witness_guard,Thug Bodyguard,dao,,,,0,uncategorized
lite_sod_propaganda_page,Propaganda Page,dao,,,,0,uncategorized
lite_summon_foreshadow,Arl Foreshadow,dao,,,,0,uncategorized
lite_tow_pages_forger,Beyha Joam,dao,,,,0,uncategorized
lite_young_pickpocket,Young Pickpocket,dao,,,,0,uncategorized
litecr_multi_gax_advent,Nervous Adventurer,dao,,,,0,uncategorized
litecr_multi_gax_deadguy,Adventurer,dao,,,,0,uncategorized
litecr_multi_gax_demon,Gaxkang the Unbound,dao,,,,0,uncategorized
litecr_multi_gax_gax,Vilhm Madon,dao,,,,0,uncategorized
liteip_camp_turnin,Allied Supply Crates,dao,,,,0,uncategorized
liteip_gaz_rags,Pile of Rags,dao,,,,0,uncategorized
liteip_rogue_barrel,Dead Drop,dao,,,,0,uncategorized
liteip_rogue_bodybag,Body Bag,dao,,,,0,uncategorized
liteip_rogue_box,Box of Certain Interests,dao,,,,0,uncategorized
liteip_rogue_deaddrop,Dead Drop,dao,,,,0,uncategorized
liteip_rogue_dumpsite,Dump Site,dao,,,,0,uncategorized
liteip_rogue_letterchest,Chest,dao,,,,0,uncategorized
liteip_rogue_lettercrate,Crate,dao,,,,0,uncategorized
liteip_unbound_adv1,Adventurer's Corpse,dao,,,,0,uncategorized
litip_blackstone_box,Blackstone Irregulars' Box,dao,,,,0,uncategorized
litip_carta_chest1,Kanky's Common Box,dao,,,,0,uncategorized
litip_carta_chest2,Jammer's Common Box,dao,,,,0,uncategorized
litip_carta_chest3,Pique's Common Box,dao,,,,0,uncategorized
litip_carta_journal,Jammer's Journal,dao,,,,0,uncategorized
litip_jammer_stash,Jammer's Stash Box,dao,,,,0,uncategorized
litip_kor_ash_dialog,Pile of Stones,dao,,,,0,uncategorized
litip_kor_ash_rubble,Pile of Rocks,dao,,,,0,uncategorized
litip_kor_trail_cache,Chasind Cache,dao,,,,0,uncategorized
litip_kor_trail_sign,Chasind Trail Sign,dao,,,,0,uncategorized
litip_kor_will_cache,Hidden Cache,dao,,,,0,uncategorized
litip_mage_bag,Mages' Collective Bag,dao,,,,0,uncategorized
litip_mage_banascroll,Ancient Texts,dao,,,,0,uncategorized
litip_mage_mysticsite,Mystical Site of Power,dao,,,,0,uncategorized
litip_mage_warndoor,Door of a Blood Mage's Relative,dao,,,,0,uncategorized
litip_renold_abom,Pile of Rags,dao,,,,0,uncategorized
lot100cr_angry,Helpful Refugee,dao,,,,0,uncategorized
lot100cr_bandit,Bandit,dao,,,,0,uncategorized
lot100cr_bandit2,Bandit,dao,,,,0,uncategorized
lot100cr_bandit3,Bandit,dao,,,,0,uncategorized
lot100cr_bandit4,Bandit,dao,,,,0,uncategorized
lot100cr_bandit_axe,Bandit,dao,,,,0,uncategorized
lot100cr_bandit_camp_leader,Bandit Leader,dao,,,,0,uncategorized
lot100cr_bandit_leader,Bandit Leader,dao,,,,0,uncategorized
lot100cr_bears,Diseased Bear,dao,,,,0,uncategorized
lot100cr_boy_2,Refugee Boy,dao,,,,0,uncategorized
lot100cr_boy_3,Refugee Boy,dao,,,,0,uncategorized
lot100cr_chanter,Chanter Devons,dao,,,,0,uncategorized
lot100cr_chanter_kid,Kid,dao,,,,0,uncategorized
lot100cr_chasind2,Chasind,dao,,,,0,uncategorized
lot100cr_chasindf,Chasind,dao,,,,0,uncategorized
lot100cr_chasindm,Chasind,dao,,,,0,uncategorized
lot100cr_child,Child,dao,,,,0,uncategorized
lot100cr_dead_knight,Dead Templar,dao,,,,0,uncategorized
lot100cr_dead_mage,Blood Mage,dao,,,,0,uncategorized
lot100cr_dooms_farmer1,Angry Farmer,dao,,,,0,uncategorized
lot100cr_dooms_farmer2,Angry Farmer,dao,,,,0,uncategorized
lot100cr_dooms_priest,Chantry Brother,dao,,,,0,uncategorized
lot100cr_doomsayer,Doomsayer,dao,,,,0,uncategorized
lot100cr_dwarfm_farmer1,Farmer,dao,,,,0,uncategorized
lot100cr_dwarfm_farmer2,Farmer,dao,,,,0,uncategorized
lot100cr_dwarfmerch,Merchant,dao,,,,0,uncategorized
lot100cr_farmer2,Farmer,dao,,,,0,uncategorized
lot100cr_farmer_unique,Farmer,dao,,,,0,uncategorized
lot100cr_gaider,The Magnificent Gaider,dao,,,,0,uncategorized
lot100cr_giant_spider,Giant Spider,dao,,,,0,uncategorized
lot100cr_girl_2,Refugee Girl,dao,,,,0,uncategorized
lot100cr_girl_3,Refugee Girl,dao,,,,0,uncategorized
lot100cr_grobnard_demand,Demanding Grobnard,dao,,,,0,uncategorized
lot100cr_grobnard_dirty,Dirty-Minded Grobnard,dao,,,,0,uncategorized
lot100cr_grobnard_excited,Excitable Grobnard,dao,,,,0,uncategorized
lot100cr_grobnard_petulant,Petulant Grobnard,dao,,,,0,uncategorized
lot100cr_hurlock_emissary,Hurlock Emissary,dao,,,,0,uncategorized
lot100cr_miner,Miner,dao,,,,0,uncategorized
lot100cr_orphan,Little Boy,dao,,,,0,uncategorized
lot100cr_priestf,Sister,dao,,,,0,uncategorized
lot100cr_refugee_attacker,Refugee,dao,,,,0,uncategorized
lot100cr_refugee_attacker_2,Refugee,dao,,,,0,uncategorized
lot100cr_refugee_attacker_3,Refugee,dao,,,,0,uncategorized
lot100cr_refugee_attacker_4,Refugee,dao,,,,0,uncategorized
lot100cr_refugee_leader,Refugee,dao,,,,0,uncategorized
lot100cr_refugeef,Refugee,dao,,,,0,uncategorized
lot100cr_refugeef_2,Refugee,dao,,,,0,uncategorized
lot100cr_refugeef_3,Refugee,dao,,,,0,uncategorized
lot100cr_refugeef_4,Refugee,dao,,,,0,uncategorized
lot100cr_refugeef_5,Refugee,dao,,,,0,uncategorized
lot100cr_refugeem,Refugee,dao,,,,0,uncategorized
lot100cr_refugeem_2,Refugee,dao,,,,0,uncategorized
lot100cr_refugeem_3,Refugee,dao,,,,0,uncategorized
lot100cr_refugeem_4,Refugee,dao,,,,0,uncategorized
lot100cr_robbed1,Robbed Man,dao,,,,0,uncategorized
lot100cr_robbed_child,Robbed Child,dao,,,,0,uncategorized
lot100cr_robbed_woman,Robbed Woman,dao,,,,0,uncategorized
lot100cr_sarha,Sarha's Corpse,dao,,,,0,uncategorized
lot100cr_templar,Ser Maron,dao,,,,0,uncategorized
lot100cr_templar2,Templar,dao,,,,0,uncategorized
lot100cr_templar3,Templar,dao,,,,0,uncategorized
lot100cr_warning,Templar,dao,,,,0,uncategorized
lot100ip_bandit_crate,Crate,dao,,,,0,uncategorized
lot100ip_bench,Bench,dao,,,,0,uncategorized
lot100ip_broken_crate,Broken Crate,dao,,,,0,uncategorized
lot100ip_chantry_board,Chanter's Board,dao,,,,0,uncategorized
lot100ip_cragroot,Elfroot,dao,,,,0,uncategorized
lot100ip_holy_sym_chest,Chest,dao,,,,0,uncategorized
lot100ip_jarcrate,Crate,dao,,,,0,uncategorized
lot100ip_sarha_corpse,Corpse,dao,,,,0,uncategorized
lot100ip_statue_crate,Crate,dao,,,,0,uncategorized
lot100ip_stens_cage,Cage,dao,,,,0,uncategorized
lot100ip_to_chantry,Chantry,dao,,,,0,uncategorized
lot100ip_to_danes_refuge,Dane's Refuge,dao,,,,0,uncategorized
lot100ip_windmill_door,Door,dao,,,,0,uncategorized
lot105ip_scroll_rack,Scroll Pile,dao,,,,0,uncategorized
lot110ar_chantry,Chantry,dao,,,,0,uncategorized
lot110cr_bryant,Ser Bryant,dao,,,,0,uncategorized
lot110cr_farmer,Farmer,dao,,,,0,uncategorized
lot110cr_generictemplar,Templar,dao,,,,0,uncategorized
lot110cr_grand_cleric,Revered Mother,dao,,,,0,uncategorized
lot110cr_matron_guard,Templar,dao,,,,0,uncategorized
lot110cr_nun,Sister,dao,,,,0,uncategorized
lot110cr_priest,Sister,dao,,,,0,uncategorized
lot110cr_refugee_child_f,Refugee Girl,dao,,,,0,uncategorized
lot110cr_refugee_child_m,Refugee Boy,dao,,,,0,uncategorized
lot110cr_refugee_fat_m,Refugee,dao,,,,0,uncategorized
lot110cr_ser_donall,Ser Donall,dao,,,,0,uncategorized
lot110cr_sister_brazier,Chantry Brother,dao,,,,0,uncategorized
lot110cr_sister_chanter1,Chanting Brother,dao,,,,0,uncategorized
lot110cr_sister_chanter2,Chanting Brother,dao,,,,0,uncategorized
lot110cr_sister_chanter3,Chanting Brother,dao,,,,0,uncategorized
lot110cr_templar,Ser Varal,dao,,,,0,uncategorized
lot110ip_bench_marble,Bench,dao,,,,0,uncategorized
lot110ip_cabinet,Cabinet,dao,,,,0,uncategorized
lot110ip_codex_book_blight1,Book,dao,,,,0,uncategorized
lot110ip_codex_book_fox,Book,dao,,,,0,uncategorized
lot110ip_codex_book_schism,Book,dao,,,,0,uncategorized
lot110ip_codex_urn,Bookshelf,dao,,,,0,uncategorized
lot110ip_donalls_book,Book,dao,,,,0,uncategorized
lot110ip_gc_box,Small Lockbox,dao,,,,0,uncategorized
lot110ip_grand_cleric_door,Door,dao,,,,0,uncategorized
lot110ip_table,Table,dao,,,,0,uncategorized
lot120ar_danes_refuge,Dane's Refuge,dao,,,,0,uncategorized
lot120cr_bard_f,Bard,dao,,,,0,uncategorized
lot120cr_bard_m,Bard,dao,,,,0,uncategorized
lot120cr_commander,Commander,dao,,,,0,uncategorized
lot120cr_cook,Cook,dao,,,,0,uncategorized
lot120cr_customer,Customer,dao,,,,0,uncategorized
lot120cr_merchant,Merchant,dao,,,,0,uncategorized
lot120cr_older_customer,Patron,dao,,,,0,uncategorized
lot120cr_priest_f,Sister,dao,,,,0,uncategorized
lot120cr_priest_m,Sister,dao,,,,0,uncategorized
lot120cr_refugeef,Refugee,dao,,,,0,uncategorized
lot120cr_refugeem,Refugee,dao,,,,0,uncategorized
lot120cr_soldier,Soldier,dao,,,,0,uncategorized
lot120cr_soldier2,Soldier,dao,,,,0,uncategorized
lot120cr_tavern_owner,Danal,dao,,,,0,uncategorized
ltl000cr_active_golem_name,Golem,dao,,,,0,uncategorized
ltl000cr_intert_golem_name,Inert Golem,dao,,,,0,uncategorized
ltl100ar_deep_road_entrance,Knotwood Hills,dao,,,,0,uncategorized
ltl100cr_hangman_1,Hangman,dao,,,,0,uncategorized
ltl100cr_hangman_2,Hangman,dao,,,,0,uncategorized
ltl100ip_excavator_start,Chest,dao,,,,0,uncategorized
ltl100ip_hangman_note,Note,dao,,,,0,uncategorized
ltl100ip_hunters_bag,Bag,dao,,,,0,uncategorized
ltl100ip_oghren_gift3,Chest,dao,,,,0,uncategorized
ltl100ip_to_kal_hirol_ent,Kal'Hirol,dao,,,,0,uncategorized
ltl100ip_to_kal_hirol_smith,Kal'Hirol - Trade Quarter,dao,,,,0,uncategorized
ltl200ar_kal_hirol_entrance,Kal'Hirol,dao,,,,0,uncategorized
ltl200cr_ambient_childer,Childer Grub,dao,,,,0,uncategorized
ltl200cr_jukka,Jukka,dao,,,,0,uncategorized
ltl200ip_anders_gift3,Pile of Bones,dao,,,,0,uncategorized
ltl200ip_damaged_5,Ancient Dwarven Crate,dao,,,,0,uncategorized
ltl200ip_kal_hirol_party,View of Kal'Hirol,dao,,,,0,uncategorized
ltl200ip_nathaniel_gift5,Crate,dao,,,,0,uncategorized
ltl200ip_side_door_switch,Hidden Switch,dao,,,,0,uncategorized
ltl200ip_to_deep_road_ent,Knotwood Hills,dao,,,,0,uncategorized
ltl200ip_to_kal_hirol_up_1,Kal'Hirol - Main Hall,dao,,,,0,uncategorized
ltl200ip_to_kal_hirol_up_2,Kal'Hirol - Main Hall,dao,,,,0,uncategorized
ltl300ar_kal_hirol_upper,Kal'Hirol - Main Hall,dao,,,,0,uncategorized
ltl300cr_ap0_casteless_1,Casteless Dwarf,dao,,,,0,uncategorized
ltl300cr_ap0_darkspawn_1,Genlock,dao,,,,0,uncategorized
ltl300cr_ap0_darkspawn_2,Genlock,dao,,,,0,uncategorized
ltl300cr_ap0_darkspawn_3,Genlock,dao,,,,0,uncategorized
ltl300cr_ap0_darkspawn_4,Genlock,dao,,,,0,uncategorized
ltl300cr_ap0_darkspawn_5,Genlock,dao,,,,0,uncategorized
ltl300cr_ap1_casteless_f1,Casteless Apparition,dao,,,,0,uncategorized
ltl300cr_ap1_casteless_m1,Casteless Apparition,dao,,,,0,uncategorized
ltl300cr_ap2_dailan,Dailan,dao,,,,0,uncategorized
ltl300cr_ap2_heckler_1,Heckler,dao,,,,0,uncategorized
ltl300cr_ap2_heckler_2,Heckler,dao,,,,0,uncategorized
ltl300cr_ap3_brave,Casteless Man,dao,,,,0,uncategorized
ltl300cr_ap3_coward,Casteless Man,dao,,,,0,uncategorized
ltl300cr_ap4_daughter,Casteless Apparition,dao,,,,0,uncategorized
ltl300cr_ap4_mother,Casteless Apparition,dao,,,,0,uncategorized
ltl300cr_ap5_crowd_1,Casteless Warrior,dao,,,,0,uncategorized
ltl300cr_ap5_crowd_2,Casteless Warrior,dao,,,,0,uncategorized
ltl300cr_ap5_crowd_3,Casteless Warrior,dao,,,,0,uncategorized
ltl300cr_ap5_crowd_4,Casteless Warrior,dao,,,,0,uncategorized
ltl300cr_ap5_crowd_5,Casteless Warrior,dao,,,,0,uncategorized
ltl300cr_ap5_dailan,Dailan,dao,,,,0,uncategorized
ltl300cr_ap6_casteless_1,Casteless Warrior,dao,,,,0,uncategorized
ltl300cr_ap6_casteless_2,Casteless Warrior,dao,,,,0,uncategorized
ltl300cr_ap6_casteless_3,Casteless Warrior,dao,,,,0,uncategorized
ltl300cr_ap6_casteless_4,Casteless Warrior,dao,,,,0,uncategorized
ltl300cr_ap6_casteless_5,Casteless Warrior,dao,,,,0,uncategorized
ltl300cr_ap6_darkspawn_1,Genlock,dao,,,,0,uncategorized
ltl300cr_ap6_darkspawn_2,Genlock,dao,,,,0,uncategorized
ltl300cr_ap6_darkspawn_3,Genlock,dao,,,,0,uncategorized
ltl300cr_ap6_darkspawn_4,Genlock,dao,,,,0,uncategorized
ltl300cr_ap6_darkspawn_5,Genlock,dao,,,,0,uncategorized
ltl300cr_ap6_darkspawn_6,Genlock,dao,,,,0,uncategorized
ltl300cr_ap8_casteless_girl,Casteless Woman,dao,,,,0,uncategorized
ltl300cr_damaged_3_carrier,Hurlock Emissary,dao,,,,0,uncategorized
ltl300cr_dead_legion,Legionnaire,dao,,,,0,uncategorized
ltl300cr_disciple_scout,Disciple Scout,dao,,,,0,uncategorized
ltl300cr_golem_master,Golem Master,dao,,,,0,uncategorized
ltl300cr_hostile_golem,Stone Golem,dao,,,,0,uncategorized
ltl300cr_inert_golem,Inert Stone Golem,dao,,,,0,uncategorized
ltl300ip_casteless_marker,Marker,dao,,,,0,uncategorized
ltl300ip_dailan_journal,Moldy Journal,dao,,,,0,uncategorized
ltl300ip_damaged_4,Pile of Bones,dao,,,,0,uncategorized
ltl300ip_door_lever,Lever,dao,,,,0,uncategorized
ltl300ip_golem_failure,Inert Golem,dao,,,,0,uncategorized
ltl300ip_inert_golem,Inert Golem,dao,,,,0,uncategorized
ltl300ip_justice_ring,Chest,dao,,,,0,uncategorized
ltl300ip_lyrium_skeleton,Lyrium-Infused Skeleton,dao,,,,0,uncategorized
ltl300ip_side_door,Door,dao,,,,0,uncategorized
ltl300ip_to_kal_hirol_ent_1,Kal'Hirol,dao,,,,0,uncategorized
ltl300ip_to_kal_hirol_ent_2,Kal'Hirol,dao,,,,0,uncategorized
ltl300ip_to_kal_hirol_smith,Kal'Hirol - Trade Quarter,dao,,,,0,uncategorized
ltl400ar_kal_hirol_smith,Kal'Hirol - Trade Quarter,dao,,,,0,uncategorized
ltl400cr_ap7_dailan,Dailan,dao,,,,0,uncategorized
ltl400cr_ap7_ogre,Ogre,dao,,,,0,uncategorized
ltl400cr_architect_captain,Architect's War Leader,dao,,,,0,uncategorized
ltl400cr_invading_genlock_1,Invading Genlock,dao,,,,0,uncategorized
ltl400cr_invading_genlock_2,Invading Genlock,dao,,,,0,uncategorized
ltl400cr_invading_hurlock_1,Invading Hurlock,dao,,,,0,uncategorized
ltl400cr_invading_hurlock_2,Invading Hurlock,dao,,,,0,uncategorized
ltl400cr_invading_hurlock_3,Invading Hurlock,dao,,,,0,uncategorized
ltl400cr_invading_hurlock_4,Invading Hurlock,dao,,,,0,uncategorized
ltl400cr_rat,Ferret,dao,,,,0,uncategorized
ltl400cr_repair_golem,Golem Blacksmith,dao,,,,0,uncategorized
ltl400cr_sarco_golems,Steel Golem,dao,,,,0,uncategorized
ltl400cr_steafan,Steafan,dao,,,,0,uncategorized
ltl400cr_steel_golem,Golem,dao,,,,0,uncategorized
ltl400ip_anders_lyrium,Lyrium Bucket,dao,,,,0,uncategorized
ltl400ip_casteless_marker,Commemorative Marker,dao,,,,0,uncategorized
ltl400ip_dailan_corpse,Dailan,dao,,,,0,uncategorized
ltl400ip_damaged_item_2,Damaged Axe,dao,,,,0,uncategorized
ltl400ip_door_lever,Lever,dao,,,,0,uncategorized
ltl400ip_kal_hirol_sarco,Hirol's Sarcophagus,dao,,,,0,uncategorized
ltl400ip_oghren_anvil,Anvil,dao,,,,0,uncategorized
ltl400ip_repair_deposit,Repair Equipment,dao,,,,0,uncategorized
ltl400ip_repair_withdraw,Repaired Equipment,dao,,,,0,uncategorized
ltl400ip_steafan_cage,Cage,dao,,,,0,uncategorized
ltl400ip_to_deep_road_ent,Knotwood Hills,dao,,,,0,uncategorized
ltl400ip_to_kal_hirol_lower,Kal'Hirol - Lower Reaches,dao,,,,0,uncategorized
ltl400ip_to_kal_hirol_upper,Kal'Hirol - Main Hall,dao,,,,0,uncategorized
ltl400ip_tomb_reward,Sarcophagus,dao,,,,0,uncategorized
ltl400ip_tomb_runstone,Runestone,dao,,,,0,uncategorized
ltl400ip_treasury_chest_1,Chest,dao,,,,0,uncategorized
ltl400ip_treasury_chest_2,Chest,dao,,,,0,uncategorized
ltl400ip_treasury_chest_3,Chest,dao,,,,0,uncategorized
ltl400ip_treasury_chest_4,Chest,dao,,,,0,uncategorized
ltl400ip_treasury_door,Door,dao,,,,0,uncategorized
ltl400ip_velanna_gift5,Chest,dao,,,,0,uncategorized
ltl500ar_kal_hirol_lower,Kal'Hirol - Lower Reaches,dao,,,,0,uncategorized
ltl500cr_broodmother,Broodmother,dao,,,,0,uncategorized
ltl500cr_hostile_tentacle,Tentacle,dao,,,,0,uncategorized
ltl500cr_lost,The Lost,dao,,,,0,uncategorized
ltl500cr_losts_golem,Inferno Golem,dao,,,,0,uncategorized
ltl500cr_tentacle,Tentacle,dao,,,,0,uncategorized
ltl500ip_chain_target,Chain,dao,,,,0,uncategorized
ltl500ip_lyrium_ball_chain,Chain,dao,,,,0,uncategorized
ltl500ip_to_kal_hirol_smith,Kal'Hirol - Trade Quarter,dao,,,,0,uncategorized
ltl500ip_world_map,World Map,dao,,,,0,uncategorized
ltm000cr_genlock_dual_axes,Genlock,dao,,,,0,uncategorized
ltm100ar_wastes,Dragonbone Wastes,dao,,,,0,uncategorized
ltm100cr_high_dragon,High Dragon,dao,,,,0,uncategorized
ltm100ip_bone_container_01,Pile of Bones,dao,,,,0,uncategorized
ltm100ip_bone_container_02,Pile of Bones,dao,,,,0,uncategorized
ltm100ip_to_drakes,Drake's Fall,dao,,,,0,uncategorized
ltm200ar_drakes_fall,Drake's Fall,dao,,,,0,uncategorized
ltm200cr_architect,The Architect,dao,,,,0,uncategorized
ltm200cr_utha,Utha,dao,,,,0,uncategorized
ltm200ip_chest_ornate,Chest,dao,,,,0,uncategorized
ltm200ip_flesh_pod_1,Flesh Pod,dao,,,,0,uncategorized
ltm200ip_flesh_pod_2,Flesh Pod,dao,,,,0,uncategorized
ltm200ip_flesh_pod_3,Flesh Pod,dao,,,,0,uncategorized
ltm200ip_flesh_pod_4,Flesh Pod,dao,,,,0,uncategorized
ltm200ip_socket,Socket,dao,,,,0,uncategorized
ltm200ip_to_nest,The Nest,dao,,,,0,uncategorized
ltm200ip_to_wastes,Dragonbone Wastes,dao,,,,0,uncategorized
ltm300ar_nest,The Nest,dao,,,,0,uncategorized
ltm300cr_messenger,Messenger,dao,,,,0,uncategorized
ltm300cr_mother,The Mother,dao,,,,0,uncategorized
ltm300cr_mother_old,The Mother,dao,,,,0,uncategorized
ltm300cr_mother_tentacle,Giant Tentacle,dao,,,,0,uncategorized
main_gossip_1,Gossip,dao,,,,0,uncategorized
main_gossip_2,Gossip,dao,,,,0,uncategorized
merc_human_archer,Mercenary Archer,dao,,,,0,uncategorized
merc_human_captain,Mercenary Captain,dao,,,,0,uncategorized
merc_human_dual,Mercenary,dao,,,,0,uncategorized
merc_human_heavy,Mercenary,dao,,,,0,uncategorized
merc_qunari_heavy,Qunari Mercenary,dao,,,,0,uncategorized
mtn100ip_to_cultists_ruins,Cultist Ruins,dao,,,,0,uncategorized
mtn100ip_to_orz_gates,Orzammar,dao,,,,0,uncategorized
mtn110ip_to_mountain_pass,Mountain Pass,dao,,,,0,uncategorized
nrd_dencr_herren,Herren,dao,,,,0,uncategorized
nrd_dencr_liselle,Liselle,dao,,,,0,uncategorized
nrd_dencr_wade,Master Wade,dao,,,,0,uncategorized
ntb000ip_door_tevinter,Door,dao,,,,0,uncategorized
ntb000ip_door_tevinter_dbl,Door,dao,,,,0,uncategorized
ntb100ar_dalish_camp,Dalish Camp,dao,,,,0,uncategorized
ntb100cr_amb_werenurse,Werewolf,dao,,,,0,uncategorized
ntb100cr_amb_werewolf,Werewolf,dao,,,,0,uncategorized
ntb100cr_apprentice,Dalish Apprentice,dao,,,,0,uncategorized
ntb100cr_athras,Athras,dao,,,,0,uncategorized
ntb100cr_cammen,Cammen,dao,,,,0,uncategorized
ntb100cr_elf_child,Elf Child,dao,,,,0,uncategorized
ntb100cr_elf_child_02,Elf Child,dao,,,,0,uncategorized
ntb100cr_elf_child_03,Elf Girl,dao,,,,0,uncategorized
ntb100cr_elf_child_04,Elf Girl,dao,,,,0,uncategorized
ntb100cr_elf_child_sarel,Elf Child,dao,,,,0,uncategorized
ntb100cr_elf_female,Elf Woman,dao,,,,0,uncategorized
ntb100cr_elf_female_02,Elf Woman,dao,,,,0,uncategorized
ntb100cr_elf_female_03,Hunter,dao,,,,0,uncategorized
ntb100cr_elf_female_sarel,Elf Woman,dao,,,,0,uncategorized
ntb100cr_elf_male,Hunter,dao,,,,0,uncategorized
ntb100cr_elf_male_02,Hunter,dao,,,,0,uncategorized
ntb100cr_elf_male_03,Hunter,dao,,,,0,uncategorized
ntb100cr_elf_male_sarel,Hunter,dao,,,,0,uncategorized
ntb100cr_elf_nurse,Elf Nurse,dao,,,,0,uncategorized
ntb100cr_elf_sick_f,Sick Elf,dao,,,,0,uncategorized
ntb100cr_elf_sick_f2,Sick Elf,dao,,,,0,uncategorized
ntb100cr_elf_sick_f3,Sick Elf,dao,,,,0,uncategorized
ntb100cr_elf_sick_m,Sick Elf,dao,,,,0,uncategorized
ntb100cr_elf_sick_m2,Sick Elf,dao,,,,0,uncategorized
ntb100cr_elf_sick_m3,Sick Elf,dao,,,,0,uncategorized
ntb100cr_elf_sick_m4,Sick Elf,dao,,,,0,uncategorized
ntb100cr_elf_sick_m5,Sick Elf,dao,,,,0,uncategorized
ntb100cr_elora,Elora,dao,,,,0,uncategorized
ntb100cr_gheyna,Gheyna,dao,,,,0,uncategorized
ntb100cr_lanaya,Lanaya,dao,,,,0,uncategorized
ntb100cr_messenger,Messenger,dao,,,,0,uncategorized
ntb100cr_mithra,Mithra,dao,,,,0,uncategorized
ntb100cr_recovering,Hunter,dao,,,,0,uncategorized
ntb100cr_refugee,Refugee Elf,dao,,,,0,uncategorized
ntb100cr_returning,Hunter,dao,,,,0,uncategorized
ntb100cr_sarel,Sarel,dao,,,,0,uncategorized
ntb100cr_sparring_01,Werewolf,dao,,,,0,uncategorized
ntb100cr_sparring_02,Werewolf,dao,,,,0,uncategorized
ntb100cr_transforming,Hunter,dao,,,,0,uncategorized
ntb100cr_varathorn,Varathorn,dao,,,,0,uncategorized
ntb100cr_werewolf_01,Werewolf,dao,,,,0,uncategorized
ntb100cr_werewolf_02,Werewolf,dao,,,,0,uncategorized
ntb100cr_werewolf_03,Werewolf,dao,,,,0,uncategorized
ntb100cr_zathrian,Zathrian,dao,,,,0,uncategorized
ntb100ip_barrel1,Barrel,dao,,,,0,uncategorized
ntb100ip_bench,Bench,dao,,,,0,uncategorized
ntb100ip_cod_tattoo,Colored Inks,dao,,,,0,uncategorized
ntb100ip_lanaya_chest,Chest,dao,,,,0,uncategorized
ntb100ip_scroll_2,Scroll,dao,,,,0,uncategorized
ntb100ip_scrolls,Pile of Scrolls,dao,,,,0,uncategorized
ntb100ip_sickbed,Cot,dao,,,,0,uncategorized
ntb100ip_statue1,Fen'Harel,dao,,,,0,uncategorized
ntb100ip_statue2,Ghilan'nain,dao,,,,0,uncategorized
ntb100ip_statue3,Sylaise,dao,,,,0,uncategorized
ntb100ip_statue4,Andruil,dao,,,,0,uncategorized
ntb100ip_statuehead1,God of the Craft,dao,,,,0,uncategorized
ntb100ip_statuehead4,Eldest of the Sun,dao,,,,0,uncategorized
ntb100ip_tattoo_inks,Colored Inks,dao,,,,0,uncategorized
ntb100ip_varathorn_chest,Chest,dao,,,,0,uncategorized
ntb200ar_brecilian_forestnw,West Brecilian Forest,dao,,,,0,uncategorized
ntb200cr_bear_black,Black Bear,dao,,,,0,uncategorized
ntb200cr_bear_great,Great Bear,dao,,,,0,uncategorized
ntb200cr_deygan,Deygan,dao,,,,0,uncategorized
ntb200cr_elven_hunter,Hunter,dao,,,,0,uncategorized
ntb200cr_elven_hunter2,Hunter,dao,,,,0,uncategorized
ntb200cr_elven_hunter3,Hunter,dao,,,,0,uncategorized
ntb200cr_ogre,Ogre,dao,,,,0,uncategorized
ntb200cr_panowen,Panowen,dao,,,,0,uncategorized
ntb200cr_revenant3,Revenant,dao,,,,0,uncategorized
ntb200cr_skeleton_mage,Skeleton Mage,dao,,,,0,uncategorized
ntb200cr_sr_werewolf,Werewolf,dao,,,,0,uncategorized
ntb200cr_sr_werewolf2,Werewolf,dao,,,,0,uncategorized
ntb200cr_swiftrunner,Swiftrunner,dao,,,,0,uncategorized
ntb200cr_wolf_blight,Blight Wolf,dao,,,,0,uncategorized
ntb200ip_bedroll,Bedroll,dao,,,,0,uncategorized
ntb200ip_camp_destroyed,Abandoned Camp,dao,,,,0,uncategorized
ntb200ip_camp_entrance,Abandoned Camp,dao,,,,0,uncategorized
ntb200ip_camp_exit,Abandoned Camp,dao,,,,0,uncategorized
ntb200ip_corpse1,Corpse,dao,,,,0,uncategorized
ntb200ip_corpse2,Corpse,dao,,,,0,uncategorized
ntb200ip_corpse3,Corpse,dao,,,,0,uncategorized
ntb200ip_dead_deygan,Deygan,dao,,,,0,uncategorized
ntb200ip_ironbark,Fallen Tree,dao,,,,0,uncategorized
ntb200ip_nw_to_camp,Dalish Camp,dao,,,,0,uncategorized
ntb200ip_nw_to_northeast,Northeast Forest,dao,,,,0,uncategorized
ntb200ip_rubble1,Rubble,dao,,,,0,uncategorized
ntb200ip_tombstone,Gravestone,dao,,,,0,uncategorized
ntb210ar_brecilian_forestne,East Brecilian Forest,dao,,,,0,uncategorized
ntb210cr_camp_shade,Greater Shade,dao,,,,0,uncategorized
ntb210cr_gatekeeper_minion,Werewolf,dao,,,,0,uncategorized
ntb210cr_gatekeeper_minion2,Werewolf,dao,,,,0,uncategorized
ntb210cr_hermit,Hermit,dao,,,,0,uncategorized
ntb210cr_revenant,Revenant,dao,,,,0,uncategorized
ntb210cr_revenant2,Revenant,dao,,,,0,uncategorized
ntb210cr_skeleton_archer1,Skeleton Archer,dao,,,,0,uncategorized
ntb210cr_skeleton_archer2,Skeleton Archer,dao,,,,0,uncategorized
ntb210cr_skeleton_fang1,Fanged Skeleton,dao,,,,0,uncategorized
ntb210cr_swiftguard1,Rabid Werewolf,dao,,,,0,uncategorized
ntb210cr_swiftguard2,Rabid Werewolf,dao,,,,0,uncategorized
ntb210cr_swiftguard3,Rabid Werewolf,dao,,,,0,uncategorized
ntb210cr_sylvan_barrier,Wild Sylvan,dao,,,,0,uncategorized
ntb210ip_bones1,Pile of Bones,dao,,,,0,uncategorized
ntb210ip_bones_static,Pile of Bones,dao,,,,0,uncategorized
ntb210ip_campfire,Firepit,dao,,,,0,uncategorized
ntb210ip_campsite_01,Bench,dao,,,,0,uncategorized
ntb210ip_campsite_03,Firepit,dao,,,,0,uncategorized
ntb210ip_campsite_04,Bedroll,dao,,,,0,uncategorized
ntb210ip_campsite_05,Tent,dao,,,,0,uncategorized
ntb210ip_chest,Chest,dao,,,,0,uncategorized
ntb210ip_corpse1,Corpse,dao,,,,0,uncategorized
ntb210ip_corpse2,Skeleton,dao,,,,0,uncategorized
ntb210ip_heart_path,Heart of the Forest,dao,,,,0,uncategorized
ntb210ip_ne_to_northwest,Northwest Forest,dao,,,,0,uncategorized
ntb210ip_rubble1,Rubble,dao,,,,0,uncategorized
ntb210ip_tombstone,Gravestone,dao,,,,0,uncategorized
ntb210ip_tombstone2,Gravestone,dao,,,,0,uncategorized
ntb210ip_tree_stump,Tree Stump,dao,,,,0,uncategorized
ntb220cr_aneirin,Aneirin,dao,,,,0,uncategorized
ntb220cr_athras_werewolf,Athras,dao,,,,0,uncategorized
ntb220cr_danyla,Danyla,dao,,,,0,uncategorized
ntb220cr_grand_oak,Grand Oak,dao,,,,0,uncategorized
ntb220ip_sw_to_southeast,Southeast Forest,dao,,,,0,uncategorized
ntb230cr_gatekeeper,Gatekeeper,dao,,,,0,uncategorized
ntb230cr_white_wolf,Witherfang,dao,,,,0,uncategorized
ntb230ip_se_to_ruins,Ruins,dao,,,,0,uncategorized
ntb230ip_se_to_southwest,Southwest Forest,dao,,,,0,uncategorized
ntb310ar_top_level,Ruins Upper Level,dao,,,,0,uncategorized
ntb310cr_giant_spider,Giant Spider,dao,,,,0,uncategorized
ntb310cr_ruins_dragon,Dragon,dao,,,,0,uncategorized
ntb310ip_chest1,Chest,dao,,,,0,uncategorized
ntb310ip_dragonhorde,Dragon Hoard,dao,,,,0,uncategorized
ntb310ip_hoard_static,Dragon Hoard,dao,,,,0,uncategorized
ntb310ip_ruins_to_forest,Brecilian Forest,dao,,,,0,uncategorized
ntb310ip_secretdoor1,Brick Wall,dao,,,,0,uncategorized
ntb310ip_secretdoor2,Brick Wall,dao,,,,0,uncategorized
ntb310ip_secretdoor3,Brick Wall,dao,,,,0,uncategorized
ntb310ip_shortcut_to_lady,Lair of the Werewolves,dao,,,,0,uncategorized
ntb310ip_top_to_caverns,Lower Level,dao,,,,0,uncategorized
ntb330ar_lair_of_the_undead,Lower Ruins,dao,,,,0,uncategorized
ntb330cr_altar_shade,Shade,dao,,,,0,uncategorized
ntb330cr_altar_shade2,Shade,dao,,,,0,uncategorized
ntb330cr_arcane_horror,Arcane Horror,dao,,,,0,uncategorized
ntb330cr_archer_explosive,Skeleton Archer,dao,,,,0,uncategorized
ntb330cr_archer_fire,Skeleton Archer,dao,,,,0,uncategorized
ntb330cr_archer_ice,Skeleton Archer,dao,,,,0,uncategorized
ntb330cr_archer_kback,Skeleton Archer,dao,,,,0,uncategorized
ntb330cr_ghostly_boy,Ghostly Boy,dao,,,,0,uncategorized
ntb330cr_ghostly_elf,Ghostly Elf,dao,,,,0,uncategorized
ntb330cr_lt_revenant,Revenant,dao,,,,0,uncategorized
ntb330cr_shade,Shade,dao,,,,0,uncategorized
ntb330cr_shade_archer,Skeleton Archer,dao,,,,0,uncategorized
ntb330cr_skeleton_ground,Skeleton,dao,,,,0,uncategorized
ntb330ip_altar,Altar,dao,,,,0,uncategorized
ntb330ip_altar_dialog,Altar,dao,,,,0,uncategorized
ntb330ip_arc_hor,Pile of Rags,dao,,,,0,uncategorized
ntb330ip_codex_coffin,Elven Burial Chamber,dao,,,,0,uncategorized
ntb330ip_door_archers,Door,dao,,,,0,uncategorized
ntb330ip_door_puzzle,Metal Door,dao,metal,shield,,0,uncategorized
ntb330ip_door_shade,Metal Door,dao,metal,shield,,0,uncategorized
ntb330ip_door_skeletons,Door,dao,,,,0,uncategorized
ntb330ip_door_static,Brick Wall,dao,,,,0,uncategorized
ntb330ip_fountain,Fountain,dao,,,,0,uncategorized
ntb330ip_lt_phylactery,Glass Phylactery,dao,,,,0,uncategorized
ntb330ip_magical_apparatus,Magical Channeling Device,dao,,,,0,uncategorized
ntb330ip_phylactery,Phylactery,dao,,,,0,uncategorized
ntb330ip_phylactery_altar,Broken Stone Altar,dao,,,,0,uncategorized
ntb330ip_rubble,Sarcophagus,dao,,,,0,uncategorized
ntb330ip_sarcophagus,Sarcophagus,dao,,,,0,uncategorized
ntb330ip_sarcophagus_2,Sarcophagus,dao,,,,0,uncategorized
ntb330ip_undead_to_entrance,Upper Level,dao,,,,0,uncategorized
ntb330ip_undead_to_werewolf,Lair of the Werewolves,dao,,,,0,uncategorized
ntb340ar_lair_of_werewolves,Lair of the Werewolves,dao,,,,0,uncategorized
ntb340cr_golem,Wild Sylvan,dao,,,,0,uncategorized
ntb340cr_lady,Lady of the Forest,dao,,,,0,uncategorized
ntb340cr_lt_revenant,Revenant,dao,,,,0,uncategorized
ntb340cr_shadowwolf,Shadow Wolf,dao,,,,0,uncategorized
ntb340cr_shadowwolf_2,Shadow Wolf,dao,,,,0,uncategorized
ntb340cr_swiftrunner_human,Swiftrunner,dao,,,,0,uncategorized
ntb340cr_werewolf,Werewolf,dao,,,,0,uncategorized
ntb340cr_werewolf_guard1,Werewolf,dao,,,,0,uncategorized
ntb340cr_werewolf_guard2,Werewolf,dao,,,,0,uncategorized
ntb340cr_werewolf_guard3,Werewolf,dao,,,,0,uncategorized
ntb340cr_werewolf_human,Cured Werewolf,dao,,,,0,uncategorized
ntb340cr_werewolf_human2,Cured Werewolf,dao,,,,0,uncategorized
ntb340cr_werewolf_human3,Cured Werewolf,dao,,,,0,uncategorized
ntb340cr_werewolf_human4,Cured Werewolf,dao,,,,0,uncategorized
ntb340cr_werewolf_human5,Cured Werewolf,dao,,,,0,uncategorized
ntb340cr_werewolf_human6,Cured Werewolf,dao,,,,0,uncategorized
ntb340cr_werewolf_human7,Cured Werewolf,dao,,,,0,uncategorized
ntb340cr_werewolf_human8,Cured Werewolf,dao,,,,0,uncategorized
ntb340cr_werewolf_protect_1,Werewolf,dao,,,,0,uncategorized
ntb340cr_werewolf_protect_2,Werewolf,dao,,,,0,uncategorized
ntb340cr_werewolf_protect_3,Werewolf,dao,,,,0,uncategorized
ntb340cr_werewolf_protect_4,Werewolf,dao,,,,0,uncategorized
ntb340cr_werewolf_protect_5,Werewolf,dao,,,,0,uncategorized
ntb340cr_werewolf_protect_6,Werewolf,dao,,,,0,uncategorized
ntb340cr_werewolf_protect_7,Werewolf,dao,,,,0,uncategorized
ntb340cr_werewolf_protect_8,Werewolf,dao,,,,0,uncategorized
ntb340cr_werewolf_protector,Werewolf,dao,,,,0,uncategorized
ntb340ip_chest1,Chest,dao,,,,0,uncategorized
ntb340ip_door_lady,Door,dao,,,,0,uncategorized
ntb340ip_grease_plate,Trap Trigger,dao,,,,0,uncategorized
ntb340ip_lt_phylactery,Glass Phylactery,dao,,,,0,uncategorized
ntb340ip_shortcut_to_top,Ruins - Top Level,dao,,,,0,uncategorized
ntb340ip_werewolf_to_undead,Lower Ruins,dao,,,,0,uncategorized
nug_core,Nug,dao,,,,0,uncategorized
ogre_a,Ogre,dao,,,,0,uncategorized
ogre_boss,Ogre Alpha,dao,,,,0,uncategorized
ogre_default,Ogre,dao,,,,0,uncategorized
ogre_grunt,Ogre,dao,,,,0,uncategorized
orz100ar_mountain_pass,Frostback Mountain Pass,dao,,,,0,uncategorized
orz100cr_ahren,Ahren,dao,,,,0,uncategorized
orz100cr_ambient_1,Dwarf,dao,,,,0,uncategorized
orz100cr_ambient_2,Dwarf,dao,,,,0,uncategorized
orz100cr_ambient_3,Dwarf,dao,,,,0,uncategorized
orz100cr_ambient_4,Dwarf,dao,,,,0,uncategorized
orz100cr_entamb_1,Surface Dwarf,dao,,,,0,uncategorized
orz100cr_entamb_2,Surface Dwarf,dao,,,,0,uncategorized
orz100cr_entamb_fem_1,Surface Dwarf,dao,,,,0,uncategorized
orz100cr_entguard,Orzammar Guard,dao,,,,0,uncategorized
orz100cr_exitguard,Orzammar Guard,dao,,,,0,uncategorized
orz100cr_faryn,Faryn,dao,,,,0,uncategorized
orz100cr_gerient_dog,Gerient,dao,,,,0,uncategorized
orz100cr_imrek,Imrek,dao,,,,0,uncategorized
orz100cr_knight_escort,Bodyguard,dao,,,,0,uncategorized
orz100cr_mage_escort,Bodyguard,dao,,,,0,uncategorized
orz100cr_warden_hunter,Bounty Hunter,dao,,,,0,uncategorized
orz100cr_whunter_archer,Bounty Hunter,dao,,,,0,uncategorized
orz100cr_whunter_flunky,Bounty Hunter,dao,,,,0,uncategorized
orz100cr_whunter_mage,Bounty Hunter,dao,,,,0,uncategorized
orz100cr_whunter_tank,Bounty Hunter,dao,,,,0,uncategorized
orz100ip_to_hall_of_heroes,Orzammar,dao,,,,0,uncategorized
orz100ip_to_mountain_pass,Mountain Pass,dao,,,,0,uncategorized
orz110ar_hall_of_heroes,Orzammar Hall of Heroes,dao,,,,0,uncategorized
orz110cr_beggar,Dwarven Beggar,dao,,,,0,uncategorized
orz110cr_brankagirl,Young Girl,dao,,,,0,uncategorized
orz110cr_brankawoman,Old Woman,dao,,,,0,uncategorized
orz110cr_guard_1,Orzammar Guard,dao,,,,0,uncategorized
orz110cr_guard_2,Orzammar Guard,dao,,,,0,uncategorized
orz110cr_guard_welcome,Orzammar Guard,dao,,,,0,uncategorized
orz110cr_scholar,Dwarven Scholar,dao,,,,0,uncategorized
orz110ip_codex_key_0,Commission Report,dao,,,,0,uncategorized
orz110ip_entstatue1,Paragon Bemot,dao,,,,0,uncategorized
orz110ip_entstatue2,Paragon Garal,dao,,,,0,uncategorized
orz110ip_entstatue3,Paragon Ortan,dao,,,,0,uncategorized
orz110ip_entstatue4,Paragon Lantena,dao,,,,0,uncategorized
orz110ip_entstatue5,Paragon Hrildan,dao,,,,0,uncategorized
orz110ip_entstatue6,Paragon Branka,dao,,,,0,uncategorized
orz110ip_paragon_codex,Paragon Statue,dao,,,,0,uncategorized
orz110ip_to_commons,Commons,dao,,,,0,uncategorized
orz110ip_to_mountain_pass,Mountain Pass,dao,,,,0,uncategorized
orz200ar_commons,Orzammar Commons,dao,,,,0,uncategorized
orz200cr_ambient_f_1,Commoner,dao,,,,0,uncategorized
orz200cr_ambient_f_2,Commoner,dao,,,,0,uncategorized
orz200cr_ambient_f_3,Commoner,dao,,,,0,uncategorized
orz200cr_ambient_f_4,Commoner,dao,,,,0,uncategorized
orz200cr_ambient_m_1,Commoner,dao,,,,0,uncategorized
orz200cr_ambient_m_2,Commoner,dao,,,,0,uncategorized
orz200cr_ambient_m_3,Commoner,dao,,,,0,uncategorized
orz200cr_ambient_m_4,Commoner,dao,,,,0,uncategorized
orz200cr_armsmerc,Arms Merchant,dao,,,,0,uncategorized
orz200cr_burkel,Brother Burkel,dao,,,,0,uncategorized
orz200cr_commander,Mines Commander,dao,,,,0,uncategorized
orz200cr_dagna,Dagna,dao,,,,0,uncategorized
orz200cr_figor,Figor,dao,,,,0,uncategorized
orz200cr_filda,Filda,dao,,,,0,uncategorized
orz200cr_garin,Garin,dao,,,,0,uncategorized
orz200cr_guard_1,Orzammar Guard,dao,,,,0,uncategorized
orz200cr_guard_2,Orzammar Guard,dao,,,,0,uncategorized
orz200cr_guard_3,Orzammar Guard,dao,,,,0,uncategorized
orz200cr_guard_4,Orzammar Guard,dao,,,,0,uncategorized
orz200cr_guard_5,Orzammar Guard,dao,,,,0,uncategorized
orz200cr_guard_warning,Orzammar Guard,dao,,,,0,uncategorized
orz200cr_guardsman,Captain of the Guard,dao,,,,0,uncategorized
orz200cr_legnar,Legnar,dao,,,,0,uncategorized
orz200cr_nerav,Nerav,dao,,,,0,uncategorized
orz200cr_probhelenguard,Orzammar Guard,dao,,,,0,uncategorized
orz200cr_roggar,Roggar,dao,,,,0,uncategorized
orz200cr_roggarthug,Slums Thug,dao,,,,0,uncategorized
orz200cr_roggarthug_dw,Slums Thug,dao,,,,0,uncategorized
orz200cr_roggarthug_rng,Slums Thug,dao,,,,0,uncategorized
orz200cr_soldier_1,Soldier,dao,,,,0,uncategorized
orz200cr_soldier_2,Soldier,dao,,,,0,uncategorized
orz200cr_soldier_3,Soldier,dao,,,,0,uncategorized
orz200cr_wrangler,Nug Wrangler Boermor,dao,,,,0,uncategorized
orz200ip_codex_castes,Wall Carving,dao,,,,0,uncategorized
orz200ip_codex_geog,Floor Carving,dao,,,,0,uncategorized
orz200ip_codex_key_1,Document,dao,,,,0,uncategorized
orz200ip_codex_shaper_1,Runestone,dao,,,,0,uncategorized
orz200ip_signpost,Sign Post,dao,,,,0,uncategorized
orz200ip_statue_paragon,Statue,dao,,,,0,uncategorized
orz200ip_to_chantry,Orzammar Chantry,dao,,,,0,uncategorized
orz200ip_to_hall_of_heroes,Hall of Heroes,dao,,,,0,uncategorized
orz200ip_to_nobles_quarter,Diamond Quarter,dao,,,,0,uncategorized
orz200ip_to_proving,Proving,dao,,,,0,uncategorized
orz200ip_to_shop,Figor's Imports,dao,,,,0,uncategorized
orz200ip_to_slums,Dust Town,dao,,,,0,uncategorized
orz200ip_to_tapsters,Tapster's Tavern,dao,,,,0,uncategorized
orz210ar_tapsters,Tapster's Tavern,dao,,,,0,uncategorized
orz210cr_amb_f_1,Tapster's Patron,dao,,,,0,uncategorized
orz210cr_amb_f_2,Tapster's Patron,dao,,,,0,uncategorized
orz210cr_amb_f_3,Tapster's Patron,dao,,,,0,uncategorized
orz210cr_amb_m_1,Tapster's Patron,dao,,,,0,uncategorized
orz210cr_amb_m_2,Tapster's Patron,dao,,,,0,uncategorized
orz210cr_amb_m_3,Tapster's Patron,dao,,,,0,uncategorized
orz210cr_amb_m_4,Tapster's Patron,dao,,,,0,uncategorized
orz210cr_amb_m_5,Tapster's Patron,dao,,,,0,uncategorized
orz210cr_corra,Corra,dao,,,,0,uncategorized
orz210cr_nevin,Nevin,dao,,,,0,uncategorized
orz210cr_ordel,Ordel,dao,,,,0,uncategorized
orz210cr_reveler1,Reveler,dao,,,,0,uncategorized
orz210cr_reveler2,Reveler,dao,,,,0,uncategorized
orz210cr_singer1,Severely Drunken Patron,dao,,,,0,uncategorized
orz210cr_singer2,Wasted Patron,dao,,,,0,uncategorized
orz210cr_singer3,Tipsy Patron,dao,,,,0,uncategorized
orz210cr_singer4,Patron's Wife,dao,,,,0,uncategorized
orz210cr_waitstaff_1,Tapster's Waitress,dao,,,,0,uncategorized
orz210cr_waitstaff_2,Tapster's Waitress,dao,,,,0,uncategorized
orz210ip_dwarf_table,Table,dao,,,,0,uncategorized
orz210ip_to_commons,Commons,dao,,,,0,uncategorized
orz220ar_shop,Figor's Imports,dao,,,,0,uncategorized
orz220ip_to_commons,Commons,dao,,,,0,uncategorized
orz230ar_gangsters_hideout,Carta Hideout,dao,,,,0,uncategorized
orz230cr_carta_assassin,Carta Assassin,dao,,,,0,uncategorized
orz230cr_carta_dagger_sld,Carta Thug,dao,,,,0,uncategorized
orz230cr_carta_dual_daggers,Carta Thug,dao,,,,0,uncategorized
orz230cr_carta_jailor,Carta Jailor,dao,,,,0,uncategorized
orz230cr_carta_xbow_dagger,Carta Thug,dao,,,,0,uncategorized
orz230cr_elf,Elven Mercenary,dao,,,,0,uncategorized
orz230cr_headthug,Carta Doorman,dao,,,,0,uncategorized
orz230cr_jarvia,Jarvia,dao,,,,0,uncategorized
orz230cr_jarvia_thug_1,Carta Thug,dao,,,,0,uncategorized
orz230cr_jarvia_thug_2,Carta Thug,dao,,,,0,uncategorized
orz230cr_nug,Tame Nug,dao,,,,0,uncategorized
orz230cr_qunari,Qunari Mercenary,dao,,,,0,uncategorized
orz230cr_tame_bronto,Tame Bronto,dao,,,,0,uncategorized
orz230cr_tame_deepstalker,Tame Deepstalker,dao,,,,0,uncategorized
orz230ip_cell_door,Cell Door,dao,,,,0,uncategorized
orz230ip_jarvia_chest,Jarvia's Personal Effects,dao,,,,0,uncategorized
orz230ip_jarvia_locked_door,Metal Door,dao,metal,shield,,0,uncategorized
orz230ip_leske_cell_door,Cell Door,dao,,,,0,uncategorized
orz230ip_to_gangsters_shop,Carta Shop,dao,,,,0,uncategorized
orz230ip_to_slums,Dust Town,dao,,,,0,uncategorized
orz230ip_trianletters,Chest,dao,,,,0,uncategorized
orz230ip_weapon_rack,Weapon Rack,dao,,,,0,uncategorized
orz240cr_janar,Janar,dao,,,,0,uncategorized
orz240ip_codex_culture,Wall Carving,dao,,,,0,uncategorized
orz240ip_to_commons,Commons,dao,,,,0,uncategorized
orz240ip_to_gangsters_hdout,Gangster's Hideout,dao,,,,0,uncategorized
orz250ar_chantry,Orzammar Chantry,dao,,,,0,uncategorized
orz250cr_worshipper_1,Worshipper,dao,,,,0,uncategorized
orz250cr_worshipper_2,Worshipper,dao,,,,0,uncategorized
orz250ip_to_commons,Commons,dao,,,,0,uncategorized
orz260ar_proving,Orzammar Proving,dao,,,,0,uncategorized
orz260cr_amb_f_1,Proving Fan,dao,,,,0,uncategorized
orz260cr_amb_f_2,Proving Fan,dao,,,,0,uncategorized
orz260cr_amb_m_1,Proving Fan,dao,,,,0,uncategorized
orz260cr_amb_m_2,Proving Fan,dao,,,,0,uncategorized
orz260cr_amb_m_3,Proving Fan,dao,,,,0,uncategorized
orz260cr_amb_m_4,Proving Fan,dao,,,,0,uncategorized
orz260cr_baizyl,Baizyl,dao,,,,0,uncategorized
orz260cr_darvianak,Lord Darvianak Volney,dao,,,,0,uncategorized
orz260cr_farinden,Farinden,dao,,,,0,uncategorized
orz260cr_fence,Jertrin,dao,,,,0,uncategorized
orz260cr_fightfan,Fan,dao,,,,0,uncategorized
orz260cr_guard_1,Orzammar Guard,dao,,,,0,uncategorized
orz260cr_guard_2,Orzammar Guard,dao,,,,0,uncategorized
orz260cr_gwiddon,Gwiddon,dao,,,,0,uncategorized
orz260cr_hanashan,Hanashan,dao,,,,0,uncategorized
orz260cr_liteproving,Proving Armsman,dao,,,,0,uncategorized
orz260cr_lucjan,Lucjan,dao,,,,0,uncategorized
orz260cr_myaja,Myaja,dao,,,,0,uncategorized
orz260cr_olaniv,Olaniv,dao,,,,0,uncategorized
orz260cr_piotin,Piotin,dao,,,,0,uncategorized
orz260cr_piotinhench1,Piotin's Right Hand,dao,,,,0,uncategorized
orz260cr_piotinhench2,Piotin's Henchman,dao,,,,0,uncategorized
orz260cr_piotinhench3,Piotin's Henchman,dao,,,,0,uncategorized
orz260cr_prov_fight_0,Elven Healer,dao,,,,0,uncategorized
orz260cr_prov_fight_1,Proving Fighter,dao,,,,0,uncategorized
orz260cr_prov_fight_2,Proving Fighter,dao,,,,0,uncategorized
orz260cr_prov_fight_3,Proving Fighter,dao,,,,0,uncategorized
orz260cr_prov_fight_4,Proving Fighter,dao,,,,0,uncategorized
orz260cr_prov_fight_5,Proving Fighter,dao,,,,0,uncategorized
orz260cr_prov_fight_6,Dust Town Thug,dao,,,,0,uncategorized
orz260cr_prov_fight_7,Blood Mage,dao,,,,0,uncategorized
orz260cr_prov_fight_8,Champion,dao,,,,0,uncategorized
orz260cr_prov_fight_9,Arcane Warrior,dao,,,,0,uncategorized
orz260cr_provmaster,Proving Master,dao,,,,0,uncategorized
orz260cr_roshen,Roshen,dao,,,,0,uncategorized
orz260cr_seweryn,Seweryn,dao,,,,0,uncategorized
orz260cr_thief_boss,Fixer Gredin,dao,,,,0,uncategorized
orz260cr_varick,Varick,dao,,,,0,uncategorized
orz260cr_velanz,Velanz,dao,,,,0,uncategorized
orz260cr_wojech,Wojech,dao,,,,0,uncategorized
orz260ip_codex_key_2,Writ of Censure,dao,,,,0,uncategorized
orz260ip_codex_provings,Wall Carving,dao,,,,0,uncategorized
orz260ip_to_commons,Commons,dao,,,,0,uncategorized
orz260ip_to_fighters_1,Fighter's Quarters,dao,,,,0,uncategorized
orz260ip_to_fighters_2,Proving Lobby,dao,,,,0,uncategorized
orz261ip_blackmail,Myaja's Chest,dao,,,,0,uncategorized
orz261ip_quarters_door,Myaja's Quarters,dao,,,,0,uncategorized
orz300ar_nobles_quarter,Orzammar Diamond Quarter,dao,,,,0,uncategorized
orz300cr_bhelensupporter1,Bhelen Supporter,dao,,,,0,uncategorized
orz300cr_bhelensupporter2,Bhelen Supporter,dao,,,,0,uncategorized
orz300cr_crier_bhelen,Orzammar Crier,dao,,,,0,uncategorized
orz300cr_guard_1,Orzammar Guard,dao,,,,0,uncategorized
orz300cr_guard_2,Orzammar Guard,dao,,,,0,uncategorized
orz300cr_guard_3,Orzammar Guard,dao,,,,0,uncategorized
orz300cr_guard_4,Orzammar Guard,dao,,,,0,uncategorized
orz300cr_hopefulnoble1,Noble,dao,,,,0,uncategorized
orz300cr_hopefulnoble2,Noble,dao,,,,0,uncategorized
orz300cr_ladydace,Lady Dace,dao,,,,0,uncategorized
orz300cr_loilinar,Loilinar,dao,,,,0,uncategorized
orz300cr_mardy,Mardy,dao,,,,0,uncategorized
orz300cr_nob_ambient_f_1,Dwarven Noble,dao,,,,0,uncategorized
orz300cr_nob_ambient_f_2,Noble,dao,,,,0,uncategorized
orz300cr_nob_ambient_f_3,Noble,dao,,,,0,uncategorized
orz300cr_nob_ambient_m_1,Noble,dao,,,,0,uncategorized
orz300cr_nob_ambient_m_2,Noble,dao,,,,0,uncategorized
orz300cr_nob_ambient_m_3,Noble,dao,,,,0,uncategorized
orz300cr_noblebitch,Noblewoman,dao,,,,0,uncategorized
orz300cr_rica,Rica,dao,,,,0,uncategorized
orz300ip_codex_key_3,Council Writ,dao,,,,0,uncategorized
orz300ip_codex_nobles,Wall Carving,dao,,,,0,uncategorized
orz300ip_to_assembly,Chamber of the Assembly,dao,,,,0,uncategorized
orz300ip_to_commons,Commons,dao,,,,0,uncategorized
orz300ip_to_noble_estate_1,Noble Estate,dao,,,,0,uncategorized
orz300ip_to_noble_estate_2,Noble Estate,dao,,,,0,uncategorized
orz300ip_to_royal_palace,Royal Palace,dao,,,,0,uncategorized
orz300ip_to_shaperate,Shaperate,dao,,,,0,uncategorized
orz300ip_wep_rack,Weapon Rack,dao,metal,weapon,,0,uncategorized
orz310ar_shaperate,Orzammar Shaperate,dao,,,,0,uncategorized
orz310cr_amb_f_1,Shaperate Cataloger,dao,,,,0,uncategorized
orz310cr_amb_f_2,Shaperate Scribe,dao,,,,0,uncategorized
orz310cr_amb_m_1,Shaperate Cataloger,dao,,,,0,uncategorized
orz310cr_amb_m_2,Shaperate Scribe,dao,,,,0,uncategorized
orz310cr_liteshaper,Shaper Assistant Milldrate,dao,,,,0,uncategorized
orz310cr_orta,Orta,dao,,,,0,uncategorized
orz310cr_shaper,Shaper,dao,,,,0,uncategorized
orz310ip_chest,Chest,dao,,,,0,uncategorized
orz310ip_codex_deeproads,Book,dao,,,,0,uncategorized
orz310ip_codex_legion,Book,dao,,,,0,uncategorized
orz310ip_codex_nug_book,Book,dao,,,,0,uncategorized
orz310ip_codex_nug_song,Book,dao,,,,0,uncategorized
orz310ip_codex_politics,Book,dao,,,,0,uncategorized
orz310ip_codex_religion,Book,dao,,,,0,uncategorized
orz310ip_codex_shaper_0,Wall of Memories,dao,,,,0,uncategorized
orz310ip_codex_shaper_4,Wall of Memories,dao,,,,0,uncategorized
orz310ip_memories,Memories,dao,,,,0,uncategorized
orz310ip_to_nobles_quarter,Diamond Quarter,dao,,,,0,uncategorized
orz320ar_royal_palace,Orzammar Royal Palace,dao,,,,0,uncategorized
orz320cr_amb_f_1,Noble,dao,,,,0,uncategorized
orz320cr_amb_f_2,Noble,dao,,,,0,uncategorized
orz320cr_amb_m_1,Noble,dao,,,,0,uncategorized
orz320cr_amb_m_2,Noble,dao,,,,0,uncategorized
orz320cr_amb_m_3,Noble,dao,,,,0,uncategorized
orz320cr_bhelen,Prince Bhelen,dao,,,,0,uncategorized
orz320cr_bhelenguard,Royal Guard,dao,,,,0,uncategorized
orz320cr_herbalist,Herbalist Widron,dao,,,,0,uncategorized
orz320cr_lc_ambassador,Ambassador Gainley,dao,,,,0,uncategorized
orz320cr_lc_bodyguard,Bodyguard,dao,,,,0,uncategorized
orz320cr_lc_bodyguard_bow,Bodyguard,dao,,,,0,uncategorized
orz320cr_lc_bodyguard_sword,Bodyguard,dao,,,,0,uncategorized
orz320cr_lt_dragon,Dragon,dao,,,,0,uncategorized
orz320cr_lt_revenant,Revenant,dao,,,,0,uncategorized
orz320cr_mother,Mother,dao,,,,0,uncategorized
orz320cr_patient,Lady Brodens,dao,,,,0,uncategorized
orz320cr_royalguard,Royal Guard,dao,,,,0,uncategorized
orz320cr_thief,Tunneling Thief,dao,,,,0,uncategorized
orz320cr_thief_goon_1,Tunneling Thief,dao,,,,0,uncategorized
orz320cr_thief_goon_2,Tunneling Thief,dao,,,,0,uncategorized
orz320cr_thief_goon_3,Tunneling Thief,dao,,,,0,uncategorized
orz320cr_thief_goon_4,Tunneling Thief,dao,,,,0,uncategorized
orz320cr_tt_guard,Royal Guard,dao,,,,0,uncategorized
orz320ip_ambassador_door,Door,dao,,,,0,uncategorized
orz320ip_codex_rica,Letter,dao,,,,0,uncategorized
orz320ip_codex_trian,Book,dao,,,,0,uncategorized
orz320ip_door_throne1,Door,dao,,,,0,uncategorized
orz320ip_door_throne2,Door,dao,,,,0,uncategorized
orz320ip_estate_door,Royal Estate,dao,,,,0,uncategorized
orz320ip_lt_phylactery,Glass Phylactery,dao,,,,0,uncategorized
orz320ip_lt_throne,This is the throne of Orzammar.,dao,,,,0,uncategorized
orz320ip_to_nobles_quarter,Diamond Quarter,dao,,,,0,uncategorized
orz330cr_amb_f_1,Noble,dao,,,,0,uncategorized
orz330cr_amb_f_2,Noble,dao,,,,0,uncategorized
orz330cr_amb_f_3,Noble,dao,,,,0,uncategorized
orz330cr_amb_m_1,Noble,dao,,,,0,uncategorized
orz330cr_amb_m_2,Noble,dao,,,,0,uncategorized
orz330cr_butler,Butler,dao,,,,0,uncategorized
orz330cr_dulin,Dulin,dao,,,,0,uncategorized
orz330cr_tercy,Tercy,dao,,,,0,uncategorized
orz330ip_codex_enderin_note,Scroll,dao,,,,0,uncategorized
orz330ip_to_nobles_quarter,Diamond Quarter,dao,,,,0,uncategorized
orz340ar_assembly,Chamber of the Assembly,dao,,,,0,uncategorized
orz340cr_deshyr_b_f_1,Deshyr,dao,,,,0,uncategorized
orz340cr_deshyr_b_f_2,Deshyr,dao,,,,0,uncategorized
orz340cr_deshyr_b_m_1,Deshyr,dao,,,,0,uncategorized
orz340cr_deshyr_b_m_2,Deshyr,dao,,,,0,uncategorized
orz340cr_deshyr_h_f_1,Deshyr,dao,,,,0,uncategorized
orz340cr_deshyr_h_f_2,Deshyr,dao,,,,0,uncategorized
orz340cr_deshyr_h_m_1,Deshyr,dao,,,,0,uncategorized
orz340cr_deshyr_h_m_2,Deshyr,dao,,,,0,uncategorized
orz340cr_guard,Assembly Guard,dao,,,,0,uncategorized
orz340cr_steward,Assembly Steward Bandelor,dao,,,,0,uncategorized
orz340cr_vartag,Vartag,dao,,,,0,uncategorized
orz340ip_assembly_door,Assembly Chamber,dao,,,,0,uncategorized
orz340ip_key_cache,Assembly Cache,dao,,,,0,uncategorized
orz340ip_to_nobles_quarter,Diamond Quarter,dao,,,,0,uncategorized
orz400ar_slums,Dust Town,dao,,,,0,uncategorized
orz400cr_amb_f_1,Beggar,dao,,,,0,uncategorized
orz400cr_amb_f_2,Beggar,dao,,,,0,uncategorized
orz400cr_amb_f_3,Beggar,dao,,,,0,uncategorized
orz400cr_amb_m_1,Beggar,dao,,,,0,uncategorized
orz400cr_amb_m_2,Beggar,dao,,,,0,uncategorized
orz400cr_amb_m_3,Beggar,dao,,,,0,uncategorized
orz400cr_ambush_thug_1,Dust Town Thug,dao,,,,0,uncategorized
orz400cr_ambush_thug_2,Dust Town Thug,dao,,,,0,uncategorized
orz400cr_ambush_thug_3,Dust Town Thug,dao,,,,0,uncategorized
orz400cr_ambush_thug_4,Dust Town Thug,dao,,,,0,uncategorized
orz400cr_jarviasupporter,Jarvia Supporter,dao,,,,0,uncategorized
orz400cr_jarviasupporter2,Jarvia Supporter,dao,,,,0,uncategorized
orz400cr_leske,Leske,dao,,,,0,uncategorized
orz400cr_liteambush,Dust Town Thug Leader,dao,,,,0,uncategorized
orz400cr_nadezda,Nadezda,dao,,,,0,uncategorized
orz400cr_nug,Nug,dao,,,,0,uncategorized
orz400cr_nugcatcher,Idle Dwarf,dao,,,,0,uncategorized
orz400cr_patrol,Patrolling Thug,dao,,,,0,uncategorized
orz400cr_rogek,Rogek,dao,,,,0,uncategorized
orz400cr_rogekthug,Rogek's Thug,dao,,,,0,uncategorized
orz400cr_shaper_thief,Shady Corebit,dao,,,,0,uncategorized
orz400cr_thug1,Thug,dao,,,,0,uncategorized
orz400cr_thug2,Thug,dao,,,,0,uncategorized
orz400cr_zerlinda,Zerlinda,dao,,,,0,uncategorized
orz400ip_carta_door,Suspicious Door,dao,,,,0,uncategorized
orz400ip_carta_door_talker,Suspicious Door,dao,,,,0,uncategorized
orz400ip_codex_casteless,Rubble,dao,,,,0,uncategorized
orz400ip_codex_key_4,Assembly Directive,dao,,,,0,uncategorized
orz400ip_to_commons,Commons,dao,,,,0,uncategorized
orz400ip_to_home,Slums House,dao,,,,0,uncategorized
orz400ip_to_shop,Alimar's Emporium,dao,,,,0,uncategorized
orz410ar_players_home,Dust Town Home,dao,,,,0,uncategorized
orz410cr_jarviathug,Thug Leader,dao,,,,0,uncategorized
orz410cr_jarviathug_2,Thug,dao,,,,0,uncategorized
orz410cr_jarviathug_3,Thug,dao,,,,0,uncategorized
orz410cr_jarviathug_4,Thug,dao,,,,0,uncategorized
orz410ip_to_slums,Dust Town,dao,,,,0,uncategorized
orz420ar_shop,Alimar's Emporium,dao,,,,0,uncategorized
orz420cr_alimar,Alimar,dao,,,,0,uncategorized
orz420ip_to_slums,Dust Town,dao,,,,0,uncategorized
orz510ar_caridins_cross,Caridin's Cross,dao,,,,0,uncategorized
orz510cr_ambusher,Hired Goon,dao,,,,0,uncategorized
orz510cr_ambusher_leader,Hired Goon,dao,,,,0,uncategorized
orz510cr_dead_deepstalker,Deepstalker,dao,,,,0,uncategorized
orz510cr_deepstalkermat,Deepstalker Matriarch,dao,,,,0,uncategorized
orz510cr_dstalker_runner,Deepstalker,dao,,,,0,uncategorized
orz510cr_genlock_runner,Genlock Runner,dao,,,,0,uncategorized
orz510cr_lt_revenant,Revenant,dao,,,,0,uncategorized
orz510ip_ballista,Ballista,dao,,,,0,uncategorized
orz510ip_codex_blight,Firepit,dao,,,,0,uncategorized
orz510ip_codex_drifters_0,Rubble,dao,,,,0,uncategorized
orz510ip_codex_drifters_1,Rubble,dao,,,,0,uncategorized
orz510ip_codex_drifters_2,Rubble,dao,,,,0,uncategorized
orz510ip_codex_drifters_3,Rubble,dao,,,,0,uncategorized
orz510ip_codex_orz1,Statue,dao,,,,0,uncategorized
orz510ip_codex_shaper_2,Runestone,dao,,,,0,uncategorized
orz510ip_corpse_charred,Charred Corpse,dao,,,,0,uncategorized
orz510ip_corpse_darkspawn,Corpse,dao,,,,0,uncategorized
orz510ip_corpse_dwarf,Corpse,dao,,,,0,uncategorized
orz510ip_corpse_skeleton,Skeleton,dao,,,,0,uncategorized
orz510ip_destroyable_wall,Odd Cave Walls,dao,,,,0,uncategorized
orz510ip_drifters_cache,Drifters' Cache,dao,,,,0,uncategorized
orz510ip_dwarf_cage,Cage,dao,,,,0,uncategorized
orz510ip_lt_phylactery,Glass Phylactery,dao,,,,0,uncategorized
orz510ip_statue1,Road Marker,dao,,,,0,uncategorized
orz510ip_statue2,Road Marker,dao,,,,0,uncategorized
orz510ip_statue3,Road Marker,dao,,,,0,uncategorized
orz510ip_statue4,Road Marker,dao,,,,0,uncategorized
orz510ip_statue5,Road Marker,dao,,,,0,uncategorized
orz510ip_statue6,Road Marker,dao,,,,0,uncategorized
orz510ip_statue7,Road Marker,dao,,,,0,uncategorized
orz510ip_statue8,Road Marker,dao,,,,0,uncategorized
orz510ip_statue9,Road Marker,dao,,,,0,uncategorized
orz510ip_totem_chest,Chest,dao,,,,0,uncategorized
orz512cr_genlock_hilt,Genlock Emissary,dao,,,,0,uncategorized
orz520ar_aeducan_thaig,Aeducan Thaig,dao,,,,0,uncategorized
orz520cr_daceman_1,House Dace Mercenary,dao,,,,0,uncategorized
orz520cr_daceman_2,House Dace Mercenary,dao,,,,0,uncategorized
orz520cr_daceman_3,House Dace Mercenary,dao,,,,0,uncategorized
orz520cr_daceman_dead,Half-Eaten Dwarf,dao,,,,0,uncategorized
orz520cr_deepstalker_dead,Deepstalker,dao,,,,0,uncategorized
orz520cr_lord_dace,Lord Dace,dao,,,,0,uncategorized
orz520ip_codex_caridin,Book,dao,,,,0,uncategorized
orz520ip_rock_blocker,Caved-In Wall,dao,,,,0,uncategorized
orz520ip_rune_chest,Chest,dao,,,,0,uncategorized
orz520ip_static_door_dbl,Metal Door,dao,metal,shield,,0,uncategorized
orz520ip_topsiders_corpse,Warrior's Grave,dao,,,,0,uncategorized
orz530ar_ortan_thaig,Ortan Thaig,dao,,,,0,uncategorized
orz530cr_corrupted_custom,Corrupted Spider,dao,,,,0,uncategorized
orz530cr_dead_corrupt,Corrupted Spider,dao,,,,0,uncategorized
orz530cr_dead_giant,Giant Spider,dao,,,,0,uncategorized
orz530cr_golem_short_range,Stone Golem,dao,,,,0,uncategorized
orz530cr_poison_spider_alt,Thaig Crawler,dao,,,,0,uncategorized
orz530cr_ruck,Ruck,dao,,,,0,uncategorized
orz530cr_spider_queen,Corrupted Spider Queen,dao,,,,0,uncategorized
orz530cr_spider_summoned,Corrupted Spiderling,dao,,,,0,uncategorized
orz530ip_branka_journal,Branka's Journal,dao,,,,0,uncategorized
orz530ip_branka_journal_con,Branka's Journal,dao,,,,0,uncategorized
orz530ip_cocoon,Cocoon,dao,,,,0,uncategorized
orz530ip_orta_records,Ortan Thaig Chest,dao,,,,0,uncategorized
orz530ip_topsiders_pommel,Vase,dao,,,,0,uncategorized
orz540ar_anvil_of_the_void,Anvil of the Void,dao,,,,0,uncategorized
orz540cr_branka,Branka,dao,,,,0,uncategorized
orz540cr_branka_clone,Branka,dao,,,,0,uncategorized
orz540cr_caridin,Caridin,dao,,,,0,uncategorized
orz540cr_caridin_golem,Stone Golem,dao,,,,0,uncategorized
orz540cr_caridin_golem2,Stone Golem,dao,,,,0,uncategorized
orz540cr_golem_encased,Stone Golem,dao,,,,0,uncategorized
orz540cr_golem_encased_rng,Stone Golem,dao,,,,0,uncategorized
orz540cr_spirit_1,Forgotten Spirit,dao,,,,0,uncategorized
orz540cr_spirit_2,Indignant Spirit,dao,,,,0,uncategorized
orz540cr_spirit_3,Enraged Spirit,dao,,,,0,uncategorized
orz540cr_spirit_app_head,Spirit Apparatus,dao,,,,0,uncategorized
orz540ip_anvil,Anvil of the Void,dao,,,,0,uncategorized
orz540ip_apparatus,Spirit Apparatus,dao,,,,0,uncategorized
orz540ip_apparatus_control,Spirit Anvil,dao,,,,0,uncategorized
orz540ip_chest,Chest,dao,,,,0,uncategorized
orz540ip_gas_valve,Gas Valve,dao,,,,0,uncategorized
orz540ip_golem_registry,Golem Registry,dao,,,,0,uncategorized
orz540ip_trap_door,Metal Door,dao,metal,shield,,0,uncategorized
orz540ip_trap_door_e,Door,dao,,,,0,uncategorized
orz540ip_trap_trigger,Blade Trap,dao,,,,0,uncategorized
orz550ar_dead_trenches,The Dead Trenches,dao,,,,0,uncategorized
orz550cr_bmother_tent_block,Broodmother Tentacle,dao,,,,0,uncategorized
orz550cr_bmother_tentacle,Broodmother Tentacle,dao,,,,0,uncategorized
orz550cr_broodmother,Broodmother,dao,,,,0,uncategorized
orz550cr_gangue_shade,Gangue Shade,dao,,,,0,uncategorized
orz550cr_genlock_alpha,Genlock Forge Master,dao,,,,0,uncategorized
orz550cr_genlock_emissary,Hurlock Emissary,dao,,,,0,uncategorized
orz550cr_hespith,Hespith,dao,,,,0,uncategorized
orz550cr_hurlock_blade,Ancient Darkspawn,dao,,,,0,uncategorized
orz550cr_kardol,Kardol,dao,,,,0,uncategorized
orz550cr_legion_1,Legionnaire,dao,,,,0,uncategorized
orz550cr_legion_2,Legionnaire,dao,,,,0,uncategorized
orz550cr_legion_3,Legionnaire,dao,,,,0,uncategorized
orz550cr_legion_spirit,Legion Spirit,dao,,,,0,uncategorized
orz550cr_summoned_dwarf_1,Summoned Skeleton,dao,,,,0,uncategorized
orz550ip_blade_trap,Pendulum Blade Trap,dao,,,,0,uncategorized
orz550ip_bmother_horde,Fleshy Sack,dao,,,,0,uncategorized
orz550ip_codex_gangue_shade,Legion of the Dead Relic,dao,,,,0,uncategorized
orz550ip_codex_orz2,Statue,dao,,,,0,uncategorized
orz550ip_codex_shaft,Rubble,dao,,,,0,uncategorized
orz550ip_codex_shaper_3,Runestone,dao,,,,0,uncategorized
orz550ip_codex_stalata_0,Runestone,dao,,,,0,uncategorized
orz550ip_codex_stalata_1,Runestone,dao,,,,0,uncategorized
orz550ip_codex_stalata_2,Runestone,dao,,,,0,uncategorized
orz550ip_codex_stalata_3,Runestone,dao,,,,0,uncategorized
orz550ip_hespith_cage,Cage,dao,,,,0,uncategorized
orz550ip_key_chest,Legion Chest,dao,,,,0,uncategorized
orz550ip_legion_1,Sarcophagus,dao,,,,0,uncategorized
orz550ip_legion_2,Sarcophagus,dao,,,,0,uncategorized
orz550ip_legion_3,Sarcophagus,dao,,,,0,uncategorized
orz550ip_legion_alter,Legionnaire Altar,dao,,,,0,uncategorized
orz550ip_legion_final,Sarcophagus,dao,,,,0,uncategorized
orz550ip_locked_door,Ominous Door,dao,,,,0,uncategorized
orz560ip_statue,Cadash Statue,dao,,,,0,uncategorized
orzcr_bhelen_fanatic_1,Bhelen Fanatic,dao,,,,0,uncategorized
orzcr_bhelen_fanatic_2,Bhelen Fanatic,dao,,,,0,uncategorized
orzcr_bhelen_fanatic_3,Bhelen Fanatic,dao,,,,0,uncategorized
orzcr_bhelen_fanatic_4,Bhelen Fanatic,dao,,,,0,uncategorized
orzcr_bhelen_fanatic_5,Bhelen Fanatic,dao,,,,0,uncategorized
orzcr_escaped_nug,Nug,dao,,,,0,uncategorized
orzip_jump_door,Metal Door,dao,metal,shield,,0,uncategorized
orzip_lyrium_vein_1,Lyrium Vein,dao,,,,0,uncategorized
orzip_lyrium_vein_2,Lyrium Vein,dao,,,,0,uncategorized
orzip_lyrium_vein_3,Lyrium Vein,dao,,,,0,uncategorized
orzip_static_common_door_dn,Door,dao,,,,0,uncategorized
orzip_static_common_door_dr,Metal Doors,dao,metal,shield,,0,uncategorized
orzip_static_common_door_n,Door,dao,,,,0,uncategorized
orzip_static_common_door_r,Metal Door,dao,metal,shield,,0,uncategorized
orzip_static_giant_door,Door,dao,,,,0,uncategorized
orzip_static_noble_door_dn,Door,dao,,,,0,uncategorized
orzip_static_noble_door_dr,Door,dao,,,,0,uncategorized
orzip_static_noble_door_n,Door,dao,,,,0,uncategorized
orzip_static_noble_door_r,Door,dao,,,,0,uncategorized
orzip_static_slum_door,Metal Door,dao,metal,shield,,0,uncategorized
orzltip_bodyparts_1,Small Bloody Sack,dao,,,,0,uncategorized
orzltip_bodyparts_2,Small Bloody Sack,dao,,,,0,uncategorized
orzltip_bodyparts_3,Small Bloody Sack,dao,,,,0,uncategorized
owl,Owl,dao,,,,0,uncategorized
ox,Ox,dao,,,,0,uncategorized
pig,Pig,dao,,,,0,uncategorized
player_placeholder,Cutscene Player Placeholder,dao,,,,0,uncategorized
player_placeholder_dwarf_f,Cutscene Player Placeholder,dao,,,,0,uncategorized
player_placeholder_dwarf_m,Cutscene Player Placeholder,dao,,,,0,uncategorized
player_placeholder_elf_f,Cutscene Player Placeholder,dao,,,,0,uncategorized
player_placeholder_elf_m,Cutscene Player Placeholder,dao,,,,0,uncategorized
player_placeholder_human_f,Cutscene Player Placeholder,dao,,,,0,uncategorized
player_placeholder_human_m,Cutscene Player Placeholder,dao,,,,0,uncategorized
prc_im_reward2,The Sorrows of Arlathan,dao,,,https://dragonage.fandom.com/wiki/The_Sorrows_of_Arlathan_(Origins),0,uncategorized
pre100ar_kings_camp,Ostagar,dao,,,,0,uncategorized
pre100ar_kings_camp_night,Ostagar,dao,,,,0,uncategorized
pre100cr_army_loghain_01,Loghain's Guard,dao,,,,0,uncategorized
pre100cr_army_loghain_02,Ash Warrior,dao,,,,0,uncategorized
pre100cr_army_loghain_03,Ash Warrior,dao,,,,0,uncategorized
pre100cr_army_loghain_04,Ash Warrior,dao,,,,0,uncategorized
pre100cr_army_loghain_05,Knight,dao,,,,0,uncategorized
pre100cr_ash_warrior,Ash Warrior Leader,dao,,,,0,uncategorized
pre100cr_ash_warrior_1,Ash Warrior,dao,,,,0,uncategorized
pre100cr_ash_warrior_2,Ash Warrior,dao,,,,0,uncategorized
pre100cr_ash_warrior_3,Ash Warrior,dao,,,,0,uncategorized
pre100cr_audience,Soldier,dao,,,,0,uncategorized
pre100cr_audience1,Soldier,dao,,,,0,uncategorized
pre100cr_audience2,Soldier,dao,,,,0,uncategorized
pre100cr_bridge_archer_1,Soldier,dao,,,,0,uncategorized
pre100cr_bridge_archer_2,Soldier,dao,,,,0,uncategorized
pre100cr_bridge_archer_3,Soldier,dao,,,,0,uncategorized
pre100cr_bridge_officer_1,Officer,dao,,,,0,uncategorized
pre100cr_bridge_officer_2,Officer,dao,,,,0,uncategorized
pre100cr_bridge_wizard,Mage,dao,,,,0,uncategorized
pre100cr_bridge_wizard1,Mage,dao,,,,0,uncategorized
pre100cr_cailan,King Cailan,dao,,,,0,uncategorized
pre100cr_cleric,Priest,dao,,,,0,uncategorized
pre100cr_daveth,Daveth,dao,,,,0,uncategorized
pre100cr_dog,Sick Mabari,dao,,,,0,uncategorized
pre100cr_dog_ambient,Mabari Hound,dao,,,,0,uncategorized
pre100cr_dog_dread,Mabari Hound,dao,,,,0,uncategorized
pre100cr_dog_dread_1,Mabari Hound,dao,,,,0,uncategorized
pre100cr_dog_dread_2,Mabari Hound,dao,,,,0,uncategorized
pre100cr_dog_dread_3,Mabari Hound,dao,,,,0,uncategorized
pre100cr_dog_vet_ambient,Mabari Hound,dao,,,,0,uncategorized
pre100cr_duncan,Duncan,dao,,,,0,uncategorized
pre100cr_elf_messenger,Elven Messenger,dao,,,,0,uncategorized
pre100cr_elf_servant_fem_1,Servant,dao,,,,0,uncategorized
pre100cr_elf_servant_fem_2,Servant,dao,,,,0,uncategorized
pre100cr_elf_servant_female,Servant,dao,,,,0,uncategorized
pre100cr_elf_servant_male,Servant,dao,,,,0,uncategorized
pre100cr_elf_servant_male_1,Servant,dao,,,,0,uncategorized
pre100cr_elf_servant_male_2,Servant,dao,,,,0,uncategorized
pre100cr_evangelist,Cleric,dao,,,,0,uncategorized
pre100cr_genlock,Genlock,dao,,,,0,uncategorized
pre100cr_genlock_archer,Genlock Archer,dao,,,,0,uncategorized
pre100cr_gentle,Tranquil,dao,,,,0,uncategorized
pre100cr_grand_cleric,Revered Mother,dao,,,,0,uncategorized
pre100cr_guard,Guard,dao,,,,0,uncategorized
pre100cr_guard_patrol_anim,Guard,dao,,,,0,uncategorized
pre100cr_guard_still,Guard,dao,,,,0,uncategorized
pre100cr_guard_torch_patrol,Guard,dao,,,,0,uncategorized
pre100cr_guard_torch_still,Guard,dao,,,,0,uncategorized
pre100cr_hurlock,Hurlock,dao,,,,0,uncategorized
pre100cr_jory,Jory,dao,,,,0,uncategorized
pre100cr_kings_guard_1,Guard,dao,,,,0,uncategorized
pre100cr_kings_guard_2,Guard,dao,,,,0,uncategorized
pre100cr_knight,Knight,dao,,,,0,uncategorized
pre100cr_knight_1,Knight,dao,,,,0,uncategorized
pre100cr_knight_2,Knight,dao,,,,0,uncategorized
pre100cr_knight_fem,Knight,dao,,,,0,uncategorized
pre100cr_knight_fem_1,Knight,dao,,,,0,uncategorized
pre100cr_knight_stealing,Knight,dao,,,,0,uncategorized
pre100cr_loghain,Loghain,dao,,,,0,uncategorized
pre100cr_nurse,Nurse,dao,,,,0,uncategorized
pre100cr_officer,Officer,dao,,,,0,uncategorized
pre100cr_officer_1,Officer,dao,,,,0,uncategorized
pre100cr_officer_fem,Officer,dao,,,,0,uncategorized
pre100cr_priestess_praying,Priest,dao,,,,0,uncategorized
pre100cr_prisoner,Prisoner,dao,,,,0,uncategorized
pre100cr_quarter,Quartermaster,dao,,,,0,uncategorized
pre100cr_sercauthrien,Ser Cauthrien,dao,,,,0,uncategorized
pre100cr_sergeant,Sergeant,dao,,,,0,uncategorized
pre100cr_sold_battle_gate,Soldier,dao,,,,0,uncategorized
pre100cr_soldier,Soldier,dao,,,,0,uncategorized
pre100cr_soldier_1,Soldier,dao,,,,0,uncategorized
pre100cr_soldier_1_combat,Soldier,dao,,,,0,uncategorized
pre100cr_soldier_2,Soldier,dao,,,,0,uncategorized
pre100cr_soldier_2_combat,Soldier,dao,,,,0,uncategorized
pre100cr_soldier_3,Soldier,dao,,,,0,uncategorized
pre100cr_soldier_3_combat,Soldier,dao,,,,0,uncategorized
pre100cr_soldier_archer1,Soldier,dao,,,,0,uncategorized
pre100cr_soldier_archer2,Soldier,dao,,,,0,uncategorized
pre100cr_soldier_archer3,Soldier,dao,,,,0,uncategorized
pre100cr_soldier_ballista,Soldier,dao,,,,0,uncategorized
pre100cr_soldier_ballista2,Soldier,dao,,,,0,uncategorized
pre100cr_soldier_bridge,Soldier,dao,,,,0,uncategorized
pre100cr_soldier_chatting,Soldier,dao,,,,0,uncategorized
pre100cr_soldier_complain,Soldier,dao,,,,0,uncategorized
pre100cr_soldier_dying,Tower Guard,dao,,,,0,uncategorized
pre100cr_soldier_elf_fem_1,Elven Soldier,dao,,,,0,uncategorized
pre100cr_soldier_elf_female,Elven Soldier,dao,,,,0,uncategorized
pre100cr_soldier_elf_male,Elven Soldier,dao,,,,0,uncategorized
pre100cr_soldier_elf_male_1,Elven Soldier,dao,,,,0,uncategorized
pre100cr_soldier_elf_male_2,Elven Soldier,dao,,,,0,uncategorized
pre100cr_soldier_fearful,Soldier,dao,,,,0,uncategorized
pre100cr_soldier_fem,Soldier,dao,,,,0,uncategorized
pre100cr_soldier_fem_1,Soldier,dao,,,,0,uncategorized
pre100cr_soldier_fem_2,Soldier,dao,,,,0,uncategorized
pre100cr_soldier_gossip1,Soldier,dao,,,,0,uncategorized
pre100cr_soldier_gossip2,Soldier,dao,,,,0,uncategorized
pre100cr_soldier_join,Soldier,dao,,,,0,uncategorized
pre100cr_soldier_king,King's Guard,dao,,,,0,uncategorized
pre100cr_soldier_loghain,Loghain's Guard,dao,,,,0,uncategorized
pre100cr_soldier_panicked,Soldier,dao,,,,0,uncategorized
pre100cr_soldier_patrol_1,Soldier,dao,,,,0,uncategorized
pre100cr_soldier_patrol_2,Soldier,dao,,,,0,uncategorized
pre100cr_soldier_patrol_3,Soldier,dao,,,,0,uncategorized
pre100cr_soldier_road,Soldier,dao,,,,0,uncategorized
pre100cr_soldier_wilds_gate,Soldier,dao,,,,0,uncategorized
pre100cr_templar,Templar,dao,,,,0,uncategorized
pre100cr_templar_1,Templar,dao,,,,0,uncategorized
pre100cr_uldred,Uldred,dao,,,,0,uncategorized
pre100cr_vet,Kennel Master,dao,,,,0,uncategorized
pre100cr_wizard,Mage,dao,,,,0,uncategorized
pre100cr_wizard_1,Mage,dao,,,,0,uncategorized
pre100cr_wizard_2,Mage,dao,,,,0,uncategorized
pre100cr_wizard_argue,Mage,dao,,,,0,uncategorized
pre100cr_wizard_join,Circle Mage,dao,,,,0,uncategorized
pre100cr_wounded,Wounded Soldier,dao,,,,0,uncategorized
pre100cr_wynne,Wynne,dao,,,,0,uncategorized
pre100ip_bridge_barrel,Barrel,dao,,,,0,uncategorized
pre100ip_bridge_gate,Gate,dao,,,,0,uncategorized
pre100ip_bridge_gate_open,The King's Road,dao,,,,0,uncategorized
pre100ip_camp_gate,Gate,dao,,,,0,uncategorized
pre100ip_camp_gate_open,Gate,dao,,,,0,uncategorized
pre100ip_catapult,Catapult,dao,,,,0,uncategorized
pre100ip_chantry_sign,Chantry Encampment,dao,,,,0,uncategorized
pre100ip_chest,Chest,dao,,,,0,uncategorized
pre100ip_fence_gate,Gate,dao,,,,0,uncategorized
pre100ip_impact_point,Impact Point,dao,,,,0,uncategorized
pre100ip_infirmary_sign,Infirmary,dao,,,,0,uncategorized
pre100ip_kennel_sign,Kennels,dao,,,,0,uncategorized
pre100ip_lightning_point,Lightning Point,dao,,,,0,uncategorized
pre100ip_locked_chest,Chest,dao,,,,0,uncategorized
pre100ip_magi_sign,Magi Encampment,dao,,,,0,uncategorized
pre100ip_quartermaster_sign,Quartermaster,dao,,,,0,uncategorized
pre100ip_ritual_cup,Goblet,dao,,,,0,uncategorized
pre100ip_ritual_gate,Doors,dao,,,,0,uncategorized
pre100ip_royal_sign,Royal Enclave,dao,,,,0,uncategorized
pre100ip_sacks,Sacks,dao,,,,0,uncategorized
pre100ip_small_table,Small Table,dao,,,,0,uncategorized
pre100ip_strategy_map,Map of Ostagar,dao,,,,0,uncategorized
pre100ip_to_tower,The Tower of Ishal,dao,,,,0,uncategorized
pre100ip_to_wilds,Korcari Wilds,dao,,,,0,uncategorized
pre100ip_tower_gate,The Tower of Ishal,dao,,,,0,uncategorized
pre100ip_tower_gate_closed,The Tower of Ishal,dao,,,,0,uncategorized
pre100ip_war_sign,War Council,dao,,,,0,uncategorized
pre100ip_wizards_chest,Chest,dao,,,,0,uncategorized
pre100wp_archery_invis,IF YOU CAN SEE THIS SOMETHING IS WRONG,dao,,,,0,uncategorized
pre100wp_archery_target,Archery Target,dao,,,,0,uncategorized
pre200ar_korcari_wilds,Korcari Wilds,dao,,,,0,uncategorized
pre200cr_dead_1,Dead Soldier,dao,,,,0,uncategorized
pre200cr_dead_2,Dead Soldier,dao,,,,0,uncategorized
pre200cr_dead_3,Dead Soldier,dao,,,,0,uncategorized
pre200cr_dead_4,Dead Soldier,dao,,,,0,uncategorized
pre200cr_dead_5,Dead Soldier,dao,,,,0,uncategorized
pre200cr_dead_6,Dead Soldier,dao,,,,0,uncategorized
pre200cr_dead_7,Dead Soldier,dao,,,,0,uncategorized
pre200cr_dying,Dying Soldier,dao,,,,0,uncategorized
pre200cr_genlock_1,Genlock,dao,,,,0,uncategorized
pre200cr_genlock_archer,Genlock Archer,dao,,,,0,uncategorized
pre200cr_genlock_rogue,Genlock Rogue,dao,,,,0,uncategorized
pre200cr_hurlock_1,Hurlock,dao,,,,0,uncategorized
pre200cr_hurlock_alpha,Hurlock Alpha,dao,,,,0,uncategorized
pre200cr_hurlock_archer,Hurlock Archer,dao,,,,0,uncategorized
pre200cr_hurlock_emissary,Hurlock Emissary,dao,,,,0,uncategorized
pre200cr_squirrel,Squirrel,dao,,,,0,uncategorized
pre200cr_wolf,Wolf,dao,,,,0,uncategorized
pre200cr_wolf_2,Wolf,dao,,,,0,uncategorized
pre200cr_wolf_loot,Wolf,dao,,,,0,uncategorized
pre200ip_flower,Wilds Flower,dao,,,,0,uncategorized
pre200ip_hanging_corpse,Hanging Corpse,dao,,,,0,uncategorized
pre200ip_iron_chest,Chest,dao,,,,0,uncategorized
pre200ip_iron_chest2,Iron Chest,dao,,,,0,uncategorized
pre200ip_obelisk,Ancient Obelisk,dao,,,,0,uncategorized
pre200ip_tent,Soldier's Tent,dao,,,,0,uncategorized
pre200ip_tent_1,Soldier's Tent,dao,,,,0,uncategorized
pre200ip_to_camp,Ostagar,dao,,,,0,uncategorized
pre200ip_wardens_cache,Warden's Cache,dao,,,,0,uncategorized
pre210ar_flemeths_hut_ext,Deep in the Wilds,dao,,,,0,uncategorized
pre210cr_dragon,Flemeth the Shapeshifter,dao,,,,0,uncategorized
pre210cr_flemeth,Flemeth,dao,,,,0,uncategorized
pre210ip_exit,World Map,dao,,,,0,uncategorized
pre210ip_to_flem_interior,Flemeth's Hut,dao,,,,0,uncategorized
pre210ip_transformbox,Anvil,dao,,,,0,uncategorized
pre211ar_flemeths_hut_int,Hut,dao,,,,0,uncategorized
pre211cr_flemeth,Flemeth,dao,,,,0,uncategorized
pre211ip_chest_iron,Chest,dao,,,,0,uncategorized
pre211ip_to_wilds,Korcari Wilds,dao,,,,0,uncategorized
pre410ar_tower_level_1,Tower of Ishal - First Floor,dao,,,,0,uncategorized
pre410cr_genlock_alpha,Genlock Alpha,dao,,,,0,uncategorized
pre410cr_genlock_emissary,Genlock Emissary,dao,,,,0,uncategorized
pre410ip_ambush_door_01,Metal Door,dao,metal,shield,,0,uncategorized
pre410ip_ambush_door_02,Metal Door,dao,metal,shield,,0,uncategorized
pre410ip_burning_barricade1,Barricade,dao,,,,0,uncategorized
pre410ip_burning_barricade2,Barricade,dao,,,,0,uncategorized
pre410ip_chest,Wooden Chest,dao,wood,shield,,0,uncategorized
pre410ip_to_exterior,Ostagar,dao,,,,0,uncategorized
pre410ip_to_tower2,Second Floor,dao,,,,0,uncategorized
pre420ar_tower_level_2,Tower of Ishal - Second Floor,dao,,,,0,uncategorized
pre420ip_ballista,Ballista,dao,,,,0,uncategorized
pre420ip_book,Discarded Book,dao,,,,0,uncategorized
pre420ip_to_tower1,First Floor,dao,,,,0,uncategorized
pre420ip_to_tower3,Third Floor,dao,,,,0,uncategorized
pre430ar_tower_level_3,Tower of Ishal - Third Floor,dao,,,,0,uncategorized
pre430cr_dog,Dog,dao,,,,0,uncategorized
pre430cr_genlock_alpha,Genlock Alpha,dao,,,,0,uncategorized
pre430cr_genlock_emissary,Genlock Emissary,dao,,,,0,uncategorized
pre430ip_chest,Wooden Chest,dao,wood,shield,,0,uncategorized
pre430ip_kennel,Dog Kennel,dao,,,,0,uncategorized
pre430ip_kennel_lever,Cage Release,dao,,,,0,uncategorized
pre430ip_to_tower2,Second Floor,dao,,,,0,uncategorized
pre430ip_to_tower4,Top Floor,dao,,,,0,uncategorized
pre440ar_tower_level_4,Tower of Ishal - Upper Floor,dao,,,,0,uncategorized
pre440cr_genlock_alpha,Genlock Alpha,dao,,,,0,uncategorized
pre440cr_hurlock,Hurlock,dao,,,,0,uncategorized
pre440cr_ogre,Ogre,dao,,,,0,uncategorized
pre440ip_barrel,Barrel,dao,,,,0,uncategorized
pre440ip_beacon,Beacon,dao,,,,0,uncategorized
pre440ip_to_tower3,Third Floor,dao,,,,0,uncategorized
preip_gen_treasure,Chest,dao,,,,0,uncategorized
preip_gen_treasure_crate,Crate,dao,,,,0,uncategorized
prm000im_band_of_fire,Band of Fire,dao,,,https://dragonage.fandom.com/wiki/Band_of_Fire,0,uncategorized
prm000im_bergens_honor,Bergen's Honor,dao,,,https://dragonage.fandom.com/wiki/Bergen%27s_Honor,0,uncategorized
prm000im_edge_,The Edge,dao,,,https://dragonage.fandom.com/wiki/The_Edge,0,uncategorized
prm000im_embri,Embri's Many Pockets,dao,,,https://dragonage.fandom.com/wiki/Embri%27s_Many_Pockets,0,uncategorized
prm000im_final_reason,Final Reason,dao,,,https://dragonage.fandom.com/wiki/Final_Reason,0,uncategorized
prm000im_grimoire_frozen,Grimoire of the Frozen Wastes,dao,,,https://dragonage.fandom.com/wiki/Grimoire_of_the_Frozen_Wastes,0,uncategorized
prm000im_lionspaw,The Lion's Paw,dao,,,https://dragonage.fandom.com/wiki/The_Lion%27s_Paw,0,uncategorized
prm000im_luckystone,Lucky Stone,dao,,,https://dragonage.fandom.com/wiki/Lucky_Stone,0,uncategorized
prm000im_vigilance,Mark of Vigilance,dao,,,https://dragonage.fandom.com/wiki/Mark_of_Vigilance,0,uncategorized
prm000im_wickedoath,The Wicked Oath,dao,,,https://dragonage.fandom.com/wiki/The_Wicked_Oath,0,uncategorized
prm000im_wolf_charm,Feral Wolf Charm,dao,,,https://dragonage.fandom.com/wiki/Feral_Wolf_Charm,0,uncategorized
rage_demon,Greater Rage Demon,dao,,,,0,uncategorized
rage_demon_a,Rage Demon,dao,,,,0,uncategorized
rage_demon_lesser,Lesser Rage Demon,dao,,,,0,uncategorized
ram,Ram,dao,,,,0,uncategorized
ran00ip_crate,Wooden Crate,dao,wood,shield,,0,uncategorized
ran100ar_highway_mages,Roadside,dao,,,,0,uncategorized
ran100cr_apprentice_a,Apprentice,dao,,,,0,uncategorized
ran100cr_apprentice_b,Apprentice,dao,,,,0,uncategorized
ran100cr_ds_axeshield,Hurlock,dao,,,,0,uncategorized
ran100cr_ds_leader,Hurlock Alpha,dao,,,,0,uncategorized
ran100cr_ds_lsword,Hurlock,dao,,,,0,uncategorized
ran100cr_ds_mace,Hurlock,dao,,,,0,uncategorized
ran100cr_mage,Mage,dao,,,,0,uncategorized
ran105ar_highway_refugees,Abandoned Meadow,dao,,,,0,uncategorized
ran105cr_ds_axe,Hurlock,dao,,,,0,uncategorized
ran105cr_ds_boss_a,Hurlock Emissary,dao,,,,0,uncategorized
ran105cr_ds_genarcher,Genlock,dao,,,,0,uncategorized
ran105cr_ds_mace,Hurlock,dao,,,,0,uncategorized
ran110ar_plains_darkspawn_1,Hillside Path,dao,,,,0,uncategorized
ran110cr_darkspawn_leader,Darkspawn Leader,dao,,,,0,uncategorized
ran110cr_hurlock_lbow,Hurlock,dao,,,,0,uncategorized
ran110cr_hurlock_sword,Hurlock,dao,,,,0,uncategorized
ran120ar_mages_pages,Trade Route,dao,,,,0,uncategorized
ran120cr_merchant,Beyha Joam,dao,,,,0,uncategorized
ran130ar_plains_undead,Low Road,dao,,,,0,uncategorized
ran130cr_corpse_shambling,Shambling Corpse,dao,,,,0,uncategorized
ran130cr_hurlock_emissary,Emissary,dao,,,,0,uncategorized
ran130cr_hurlock_mace,Hurlock,dao,,,,0,uncategorized
ran130cr_hurlock_omega,Hurlock Omega,dao,,,,0,uncategorized
ran130cr_hurlock_sword,Hurlock,dao,,,,0,uncategorized
ran130cr_revenant,Revenant,dao,,,,0,uncategorized
ran130cr_skel_archer,Skeleton Archer,dao,,,,0,uncategorized
ran140ar_taorans_camp,Taoran's Camp,dao,,,,0,uncategorized
ran140cr_bandit_archer_a,Bandit,dao,,,,0,uncategorized
ran140cr_bandit_melee_a,Bandit,dao,,,,0,uncategorized
ran140cr_bandit_melee_b,Bandit,dao,,,,0,uncategorized
ran152ar_plains_demons_1,Steep Path,dao,,,,0,uncategorized
ran152cr_corpse_flaming,Flaming Servant,dao,,,,0,uncategorized
ran152cr_demon_rage,Greater Rage Demon,dao,,,,0,uncategorized
ran154ar_plains_demons_2,Lakeside Road,dao,,,,0,uncategorized
ran154ar_shambling_corpse,Shambling Corpse,dao,,,,0,uncategorized
ran154cr_demon_leader,Abomination,dao,,,,0,uncategorized
ran154cr_templar_a,Templar,dao,,,,0,uncategorized
ran160ar_false_witnesses,Wooded Glen,dao,,,,0,uncategorized
ran170ar_seen_me,Out of the Way,dao,,,,0,uncategorized
ran180ar_trickster,Roadside Stop,dao,,,,0,uncategorized
ran180cr_trickster,Trickster Whim,dao,,,,0,uncategorized
ran180cr_trickster2,Trickster Whim,dao,,,,0,uncategorized
ran180cr_trickster3,Trickster Whim,dao,,,,0,uncategorized
ran190ar_forest_sylvans,Twisted Forest,dao,,,,0,uncategorized
ran190cr_sylvan,Wild Sylvan,dao,,,,0,uncategorized
ran200cr_refugee_a,Refugee,dao,,,,0,uncategorized
ran200cr_refugee_b,Refugee,dao,,,,0,uncategorized
ran200cr_refugee_c,Refugee,dao,,,,0,uncategorized
ran200cr_refugee_d,Refugee,dao,,,,0,uncategorized
ran200cr_refugee_e,Refugee,dao,,,,0,uncategorized
ran200cr_refugee_f,Refugee,dao,,,,0,uncategorized
ran200cr_refugee_g,Refugee,dao,,,,0,uncategorized
ran200cr_refugee_h,Refugee,dao,,,,0,uncategorized
ran200cr_spider_b,Giant Spider,dao,,,,0,uncategorized
ran200cr_spider_c,Spiderling,dao,,,,0,uncategorized
ran200cr_werewolf_a,Werewolf,dao,,,,0,uncategorized
ran200cr_werewolf_b,Werewolf,dao,,,,0,uncategorized
ran200cr_werewolf_c,Werewolf,dao,,,,0,uncategorized
ran200cr_werewolf_d,Werewolf,dao,,,,0,uncategorized
ran200cr_werewolf_e,Werewolf,dao,,,,0,uncategorized
ran200cr_werewolf_f,Werewolf,dao,,,,0,uncategorized
ran200cr_werewolf_g,Werewolf,dao,,,,0,uncategorized
ran200cr_werewolf_leader,Werewolf Alpha,dao,,,,0,uncategorized
ran210ar_forest_spiders,Dark Forest,dao,,,,0,uncategorized
ran210ip_cocoon,Cocooned Corpse,dao,,,,0,uncategorized
ran210ip_pile_filth,Pile of Filth,dao,,,,0,uncategorized
ran220ar_forest_e_v_w,Forest Path,dao,,,,0,uncategorized
ran220cr_elf_hunter,Elf Warrior,dao,,,,0,uncategorized
ran220cr_elf_hunter_a,Elf Warrior,dao,,,,0,uncategorized
ran220cr_elf_hunter_b,Elf Warrior,dao,,,,0,uncategorized
ran220cr_elf_hunter_c,Elf Warrior,dao,,,,0,uncategorized
ran220cr_elf_hunter_d,Elf Warrior,dao,,,,0,uncategorized
ran220cr_elf_hunter_e,Elf Warrior,dao,,,,0,uncategorized
ran220cr_elf_hunter_f,Elf Warrior,dao,,,,0,uncategorized
ran220cr_elf_hunter_g,Elf Warrior,dao,,,,0,uncategorized
ran220cr_elf_hunter_h,Elf Warrior,dao,,,,0,uncategorized
ran220cr_spider_a,Giant Spiderling,dao,,,,0,uncategorized
ran220cr_spider_boss,Queen Spider,dao,,,,0,uncategorized
ran220cr_werewolf,Werewolf,dao,,,,0,uncategorized
ran220cr_werewolf_a,Werewolf,dao,,,,0,uncategorized
ran220cr_werewolf_b,Werewolf,dao,,,,0,uncategorized
ran230ar_forest_bandits,River Crossing,dao,,,,0,uncategorized
ran230cr_bandit_archer_a,Bandit,dao,,,,0,uncategorized
ran230cr_bandit_archer_b,Bandit,dao,,,,0,uncategorized
ran230cr_bandit_archer_c,Bandit,dao,,,,0,uncategorized
ran230cr_bandit_dog,Mabari,dao,,,,0,uncategorized
ran230cr_bandit_melee_a,Bandit,dao,,,,0,uncategorized
ran230cr_bandit_melee_b,Bandit,dao,,,,0,uncategorized
ran230cr_bandit_melee_c,Bandit,dao,,,,0,uncategorized
ran240ar_forest_ds_2,Forest Meadow,dao,,,,0,uncategorized
ran240cr_dead_refugee_a,Dead Refugee,dao,,,,0,uncategorized
ran240cr_dead_refugee_b,Dead Refugee,dao,,,,0,uncategorized
ran240cr_dead_refugee_c,Dead Refugee,dao,,,,0,uncategorized
ran240cr_dead_refugee_d,Dead Refugee,dao,,,,0,uncategorized
ran240cr_dead_refugee_lt,Dead Refugee,dao,,,,0,uncategorized
ran240cr_genlock_axe,Genlock,dao,,,,0,uncategorized
ran240cr_genlock_em,Genlock Emissary,dao,,,,0,uncategorized
ran240cr_genlock_leader,Genlock Alpha,dao,,,,0,uncategorized
ran250ar_chest_a,Chest,dao,,,,0,uncategorized
ran250ar_forest_jowan,Deep Woods,dao,,,,0,uncategorized
ran250cr_jowan,Jowan,dao,,,,0,uncategorized
ran250cr_jowan_refugee_a,Refugee,dao,,,,0,uncategorized
ran250cr_jowan_refugee_b,Refugee,dao,,,,0,uncategorized
ran250cr_jowan_refugee_c,Refugee,dao,,,,0,uncategorized
ran260ar_forest_civil_war_1,Forest Outcropping,dao,,,,0,uncategorized
ran260cr_bannorn_knight,Bannorn Knight,dao,,,,0,uncategorized
ran260cr_bannorn_troop_a,Bannorn Soldier,dao,,,,0,uncategorized
ran260cr_bannorn_troop_b,Bannorn Soldier,dao,,,,0,uncategorized
ran260cr_bannorn_troop_c,Bannorn Soldier,dao,,,,0,uncategorized
ran260cr_bannorn_troop_d,Bannorn Soldier,dao,,,,0,uncategorized
ran260cr_bannorn_troop_e,Bannorn Soldier,dao,,,,0,uncategorized
ran260cr_loghain_sergeant,Loghain Sergeant,dao,,,,0,uncategorized
ran260cr_loghain_troop_a,Loghain Soldier,dao,,,,0,uncategorized
ran260cr_loghain_troop_b,Loghain Soldier,dao,,,,0,uncategorized
ran260cr_loghain_troop_c,Loghain Soldier,dao,,,,0,uncategorized
ran260cr_loghain_troop_d,Loghain Soldier,dao,,,,0,uncategorized
ran260cr_loghain_troop_e,Loghain Soldier,dao,,,,0,uncategorized
ran270ar_forest_ambush,Twisted Path,dao,,,,0,uncategorized
ran270cr_bandit_a,Bandit,dao,,,,0,uncategorized
ran270cr_bandit_b,Bandit,dao,,,,0,uncategorized
ran270cr_bandit_c,Bandit,dao,,,,0,uncategorized
ran270cr_bandit_d,Bandit,dao,,,,0,uncategorized
ran270cr_bandit_e,Bandit,dao,,,,0,uncategorized
ran270cr_bandit_f,Bandit,dao,,,,0,uncategorized
ran270cr_bandit_g,Bandit,dao,,,,0,uncategorized
ran270cr_bandit_grumpy,Grumpy Bandit,dao,,,,0,uncategorized
ran270cr_bandit_h,Bandit,dao,,,,0,uncategorized
ran270cr_bandit_hungry,Hungry Bandit,dao,,,,0,uncategorized
ran270cr_bandit_i,Bandit,dao,,,,0,uncategorized
ran270cr_bandit_j,Bandit,dao,,,,0,uncategorized
ran270cr_bandit_leader,Bandit Leader,dao,,,,0,uncategorized
ran270ip_chest_a,Chest,dao,,,,0,uncategorized
ran270ip_traptrip_alert,Trap Trigger,dao,,,,0,uncategorized
ran280ar_forest_orz_rebels,Forest Incline,dao,,,,0,uncategorized
ran280cr_dwarf_a,Dwarf Rebel,dao,,,,0,uncategorized
ran280cr_dwarf_b,Dwarf Rebel,dao,,,,0,uncategorized
ran280cr_dwarf_c,Dwarf Rebel,dao,,,,0,uncategorized
ran280cr_dwarf_d,Dwarf Rebel,dao,,,,0,uncategorized
ran280cr_dwarf_e,Dwarf Rebel,dao,,,,0,uncategorized
ran280cr_dwarf_f,Dwarf Rebel,dao,,,,0,uncategorized
ran280cr_dwarf_soldier,Dwarf Rebel Leader,dao,,,,0,uncategorized
ran290ar_forest_ntb_steal,Wooded Hills,dao,,,,0,uncategorized
ran290cr_hunter_a,Hunter,dao,,,,0,uncategorized
ran290cr_hunter_b,Hunter,dao,,,,0,uncategorized
ran290cr_hunter_c,Hunter,dao,,,,0,uncategorized
ran290cr_hunter_d,Hunter,dao,,,,0,uncategorized
ran290cr_melora,Melora,dao,,,,0,uncategorized
ran290ip_chest_a,Chest,dao,,,,0,uncategorized
ran290ip_chest_b,Chest,dao,,,,0,uncategorized
ran300ar_plains_darkspawn_3,Bloody Plains,dao,,,,0,uncategorized
ran300cr_ds_a,Hurlock,dao,,,,0,uncategorized
ran300cr_ds_b,Genlock,dao,,,,0,uncategorized
ran300cr_ds_leader,Hurlock Alpha,dao,,,,0,uncategorized
ran300cr_ds_mage,Hurlock Emissary,dao,,,,0,uncategorized
ran310ar_plains_beasts,The Low Road,dao,,,,0,uncategorized
ran310cr_bereskarn_a,Bereskarn,dao,,,,0,uncategorized
ran310cr_wolf_a,Blight Wolf,dao,,,,0,uncategorized
ran320ar_plains_wolves,Desolate Highway,dao,,,,0,uncategorized
ran320cr_wolf_a,Wolf,dao,,,,0,uncategorized
ran320ip_sign,Sign,dao,,,,0,uncategorized
ran320ip_sign_traps,Sign,dao,,,,0,uncategorized
ran401_tr_trip_explode,Trap Trigger,dao,,,,0,uncategorized
ran401ar_highway_zevran1,The Long Road,dao,,,,0,uncategorized
ran401cr_assassin_a,Traveler,dao,,,,0,uncategorized
ran401cr_assassin_b,Traveler,dao,,,,0,uncategorized
ran401cr_assassin_c,Traveler,dao,,,,0,uncategorized
ran401cr_assassin_d,Traveler,dao,,,,0,uncategorized
ran401cr_assassin_ranged_a,Assassin,dao,,,,0,uncategorized
ran401cr_assassin_ranged_b,Assassin,dao,,,,0,uncategorized
ran401cr_assassin_ranged_c,Assassin,dao,,,,0,uncategorized
ran401cr_assassin_ranged_d,Assassin,dao,,,,0,uncategorized
ran401cr_survivor,Traveler,dao,,,,0,uncategorized
ran401cr_zevran,Zevran,dao,,,,0,uncategorized
ran401ip_encounter_exit,World Map,dao,,,,0,uncategorized
ran401tp_exp_med,Trap Trigger,dao,,,,0,uncategorized
ran405ar_highway_dog,Deserted Farmland,dao,,,,0,uncategorized
ran405cr_ds_a,Hurlock,dao,,,,0,uncategorized
ran405cr_ds_b,Hurlock,dao,,,,0,uncategorized
ran405cr_ds_c,Hurlock,dao,,,,0,uncategorized
ran405cr_ds_d,Hurlock,dao,,,,0,uncategorized
ran405cr_ds_e,Hurlock,dao,,,,0,uncategorized
ran405cr_ds_f,Hurlock,dao,,,,0,uncategorized
ran405cr_ds_g,Hurlock,dao,,,,0,uncategorized
ran405cr_ds_leader,Hurlock Alpha,dao,,,,0,uncategorized
ran409_assasin_ranged_a,Assassin Archer,dao,,,,0,uncategorized
ran409ar_leliana_assasins,Forest Stream,dao,,,,0,uncategorized
ran409cr_assasin_leader,Assassin Leader,dao,,,,0,uncategorized
ran409cr_brute_a,Qunari Mercenary,dao,,,,0,uncategorized
ran409cr_brute_b,Qunari Mercenary,dao,,,,0,uncategorized
ran409cr_dog,Mabari,dao,,,,0,uncategorized
ran409cr_mage,Witch,dao,,,,0,uncategorized
ran409cr_wolf,Wolf,dao,,,,0,uncategorized
ran410cr_leliana_ass_leader,Assassin Leader,dao,,,,0,uncategorized
ran500ar_hw_army_redcliffe,Roadside Field,dao,,,,0,uncategorized
ran500cr_ds_archer,Genlock,dao,,,,0,uncategorized
ran500cr_ds_axe,Hurlock,dao,,,,0,uncategorized
ran500cr_ds_mace,Hurlock,dao,,,,0,uncategorized
ran500cr_ds_ogre,Ogre,dao,,,,0,uncategorized
ran500cr_hw_army_redcliff_a,Redcliffe Soldier,dao,,,,0,uncategorized
ran500cr_hw_army_redcliff_b,Redcliffe Soldier,dao,,,,0,uncategorized
ran510ar_hw_army_dwarves,Winding Road,dao,,,,0,uncategorized
ran510cr_army_dwarf_a,Dwarven Soldier,dao,,,,0,uncategorized
ran510cr_army_dwarf_b,Dwarven Soldier,dao,,,,0,uncategorized
ran510cr_ds_genlock,Genlock,dao,,,,0,uncategorized
ran510cr_ds_ogre,Ogre,dao,,,,0,uncategorized
ran510cr_ds_swd_shld,Hurlock,dao,,,,0,uncategorized
ran520ar_hw_army_elves,Rocky Road,dao,,,,0,uncategorized
ran520cr_army_elf_a,Elven Scout,dao,,,,0,uncategorized
ran520cr_army_elf_b,Elven Scout,dao,,,,0,uncategorized
ran520cr_army_elf_c,Elven Scout,dao,,,,0,uncategorized
ran520cr_army_elf_d,Elven Scout,dao,,,,0,uncategorized
ran520cr_ds_genarcher,Genlock,dao,,,,0,uncategorized
ran520cr_ds_hurarcher,Hurlock,dao,,,,0,uncategorized
ran520cr_ds_shkcaster,Shriek,dao,,,,0,uncategorized
ran530ar_hw_army_werewolves,Wooded Highway,dao,,,,0,uncategorized
ran530cr_army_werewolf,Werewolf,dao,,,,0,uncategorized
ran530cr_ds_hurlock,Hurlock,dao,,,,0,uncategorized
ran530cr_ds_ogre,Ogre,dao,,,,0,uncategorized
ran600ar_hw_battle,Deserted Battlefield,dao,,,,0,uncategorized
ran600cr_bear,Bear,dao,,,,0,uncategorized
ran600cr_rat,Giant Rat,dao,,,,0,uncategorized
ran600cr_wolf,Wolf,dao,,,,0,uncategorized
ran600cr_wolf_a,Wolf,dao,,,,0,uncategorized
ran600ip_corpse_knight_info,Bloody Corpse,dao,,,,0,uncategorized
ran600ip_sack_a,Sack,dao,,,,0,uncategorized
ran700ar_merchant,Gentle Path,dao,,,,0,uncategorized
ran700cr_merchant,Old Tegrin,dao,,,,0,uncategorized
ran800cr_mage_a,Conscripted Mage,dao,,,,0,uncategorized
ran800cr_templar,Templar,dao,,,,0,uncategorized
ran800cr_templar_boss,Templar Commander,dao,,,,0,uncategorized
ran900ar_sp_lotr,Treacherous Path,dao,,,,0,uncategorized
ran900cr_corpse1,Dead Refugee,dao,,,,0,uncategorized
ran900cr_corpse2,Dead Refugee,dao,,,,0,uncategorized
ran900cr_shade,Shade,dao,,,,0,uncategorized
ran900cr_shade_leader,Greater Shade,dao,,,,0,uncategorized
ran900cr_shriek_leader,Shriek Alpha,dao,,,,0,uncategorized
ran920ar_orepile,Pile of Ore,dao,,,,0,uncategorized
ran920ar_sp_supermetal,The Crater,dao,,,,0,uncategorized
ran920cr_kent,Jon,dao,,,,0,uncategorized
ran920cr_kent_ma,Marta,dao,,,,0,uncategorized
ran940_grave_ph,Gravestone,dao,,,,0,uncategorized
ran950_sp_stump,Enchanted Stump,dao,,,,0,uncategorized
ran950ar_sp_axeinstump,Strange Wood,dao,,,,0,uncategorized
ran950cr_axe,Awestruck Villager,dao,,,,0,uncategorized
ran950cr_axe_peasant_1,Awestruck Villager,dao,,,,0,uncategorized
ran950cr_axe_peasant_2,Awestruck Villager,dao,,,,0,uncategorized
ran950cr_peasant_a,Awestruck Villager,dao,,,,0,uncategorized
ran950cr_peasant_b,Awestruck Villager,dao,,,,0,uncategorized
ran950cr_peasant_c,Awestruck Villager,dao,,,,0,uncategorized
ran950cr_peasant_d,Awestruck Villager,dao,,,,0,uncategorized
ran950cr_peasant_e,Awestruck Villager,dao,,,,0,uncategorized
ran950ip_sp_axe,Axameter,dao,,,,0,uncategorized
ranip_banner_a,Banner,dao,,,,0,uncategorized
ranip_barrel_a,Barrel,dao,,,,0,uncategorized
ranip_barricade_corpse,Barricade,dao,,,,0,uncategorized
ranip_barricade_fence,Barricade,dao,,,,0,uncategorized
ranip_cart,Cart,dao,,,,0,uncategorized
ranip_chest_buried,Chest,dao,,,,0,uncategorized
ranip_corpse_charred,Bloody Corpse,dao,,,,0,uncategorized
ranip_corpse_darkspawn,Bloody Corpse,dao,,,,0,uncategorized
ranip_corpse_knight,Bloody Corpse,dao,,,,0,uncategorized
ranip_corpse_ox,Dead Ox,dao,,,,0,uncategorized
ranip_corpse_pile,Corpse Pile,dao,,,,0,uncategorized
ranip_corpse_static,Bloody Corpse,dao,,,,0,uncategorized
ranip_crate,Crate,dao,,,,0,uncategorized
ranip_fence_farm,Fence,dao,,,,0,uncategorized
ranip_fence_gate,Fence,dao,,,,0,uncategorized
ranip_fence_spikey,Fence,dao,,,,0,uncategorized
ranip_food_goblet,Goblet,dao,,,,0,uncategorized
ranip_shrub,Shrub,dao,,,,0,uncategorized
ranip_sign1,Sign,dao,,,,0,uncategorized
ranip_stump_b,Tree Stump,dao,,,,0,uncategorized
ranip_trap_explosive,Trap Trigger,dao,,,,0,uncategorized
ranip_trap_explosive_trip,Trap Trigger,dao,,,,0,uncategorized
ranip_trap_gas_med,Trap Trigger,dao,,,,0,uncategorized
ranip_trap_leghold_wood,Flimsy Leghold Trap,dao,,,,0,uncategorized
ranip_trap_summon_skeleton,Trap Trigger,dao,,,,0,uncategorized
ranip_tree_dead,Dead Tree,dao,,,,0,uncategorized
ranip_wagon,Wagon,dao,,,,0,uncategorized
rat_ambient,Rat,dao,,,,0,uncategorized
rat_giant,Giant Rat,dao,,,,0,uncategorized
raven,Raven,dao,,,,0,uncategorized
revenant,Revenant,dao,,,,0,uncategorized
revenant_a,Revenant,dao,,,,0,uncategorized
rogue_melee,Rogue,dao,,,,0,uncategorized
rogue_ranged,Rogue,dao,,,,0,uncategorized
rxa110ar,Sunbaked Canyon,dao,,,,0,uncategorized
rxa120ar,Forest Path,dao,,,,0,uncategorized
rxa121ar,Canyon Road,dao,,,,0,uncategorized
rxa122ar,Roadside Farm,dao,,,,0,uncategorized
rxa130ar,Burning Bridge,dao,,,,0,uncategorized
rxa130cr_crow_assasin,Crow Assassin,dao,,,,0,uncategorized
rxa140ar,Pirate Infested Shore,dao,,,,0,uncategorized
rxa150ip_templar_a,Templar Corpse,dao,,,,0,uncategorized
rxa150ip_templar_b,Templar Corpse,dao,,,,0,uncategorized
rxa160ar,The Howe Road,dao,,,,0,uncategorized
rxa170ar,Remote Glade,dao,,,,0,uncategorized
rxa170cr_dalish_f,Dalish Elf,dao,,,,0,uncategorized
rxa170cr_dalish_m,Dalish Elf,dao,,,,0,uncategorized
rxa200ar_conspiracy_farm,Old Stark's Farm,dao,,,,0,uncategorized
rxa210ar,Abandoned Farm,dao,,,,0,uncategorized
rxa210cr_enc_lilith,Lillith,dao,,,,0,uncategorized
rxa220ar_hostage_ruin,Forlorn Cove,dao,,,,0,uncategorized
rxa220cr_enc_eileen,Eileen Bensley,dao,,,,0,uncategorized
rxa220cr_enc_host_flunky,Tough Bandit,dao,,,,0,uncategorized
rxa220cr_enc_thug_leader,Mosley the Snake,dao,,,,0,uncategorized
rxa220cr_thug_1,Bandit,dao,,,,0,uncategorized
rxa220cr_thug_2,Bandit,dao,,,,0,uncategorized
rxa220cr_thug_3,Bandit,dao,,,,0,uncategorized
rxa220cr_thug_4,Bandit,dao,,,,0,uncategorized
rxa220cr_thug_5,Bandit,dao,,,,0,uncategorized
rxa230ar_shore_salvage,Anselm's Reef,dao,,,,0,uncategorized
rxa230cr_scavenger_1,Scavenger,dao,,,,0,uncategorized
rxa230cr_scavenger_2,Scavenger,dao,,,,0,uncategorized
rxa230cr_scavenger_3,Scavenger,dao,,,,0,uncategorized
rxa230cr_scavenger_4,Scavenger,dao,,,,0,uncategorized
rxa230ip_crate_1,Crate,dao,,,,0,uncategorized
rxa230ip_crate_2,Crate,dao,,,,0,uncategorized
rxa240ar_dead_farm,The Turnoble Estate,dao,,,,0,uncategorized
rxa240cr_dead_templar,Templar Corpse,dao,,,,0,uncategorized
rxa240cr_turnoble,Goodwife Valena Turnoble,dao,,,,0,uncategorized
rxa_bar_archer,Avvar Archer,dao,,,,0,uncategorized
rxa_bar_dsword,Avvar Warrior,dao,,,,0,uncategorized
rxa_bar_ldr,Avvar Clan Leader,dao,,,,0,uncategorized
rxa_bar_twhanded,Avvar Warrior,dao,,,,0,uncategorized
rxa_cor_ravenous,Ravenous Enraged Corpse,dao,,,,0,uncategorized
rxa_dwf_hvy,Dwarven Warrior,dao,,,,0,uncategorized
rxa_dwf_ldr,Dwarven Commander,dao,,,,0,uncategorized
rxa_dwf_shld,Dwarven Warrior,dao,,,,0,uncategorized
rxa_elf_archer_a,Elf Archer,dao,,,,0,uncategorized
rxa_elf_archer_b,Elf Archer,dao,,,,0,uncategorized
rxa_elf_dual_a,Elf Warrior,dao,,,,0,uncategorized
rxa_elf_dual_b,Elf Warrior,dao,,,,0,uncategorized
rxa_elf_leader,Elf Leader,dao,,,,0,uncategorized
rxa_gen_alpha_axes,Genlock Alpha,dao,,,,0,uncategorized
rxa_gen_alpha_bow,Genlock Alpha,dao,,,,0,uncategorized
rxa_gen_axe,Genlock,dao,,,,0,uncategorized
rxa_gen_bowdagger,Genlock,dao,,,,0,uncategorized
rxa_gen_dagger,Genlock,dao,,,,0,uncategorized
rxa_gen_emi_bal,Genlock Emissary,dao,,,,0,uncategorized
rxa_gen_emi_off,Genlock Emissary,dao,,,,0,uncategorized
rxa_gen_mace,Genlock,dao,,,,0,uncategorized
rxa_hul_alpha_axeshield,Hurlock Alpha,dao,,,,0,uncategorized
rxa_hul_alpha_gsword,Hurlock Alpha,dao,,,,0,uncategorized
rxa_hul_axe,Hurlock,dao,,,,0,uncategorized
rxa_hul_axeshield,Hurlock,dao,,,,0,uncategorized
rxa_hul_bowaxe,Hurlock,dao,,,,0,uncategorized
rxa_hul_emi_def,Hurlock Emissary,dao,,,,0,uncategorized
rxa_hul_emi_off,Hurlock Emissary,dao,,,,0,uncategorized
rxa_hul_maceshield,Hurlock,dao,,,,0,uncategorized
rxa_hul_swordshield,Hurlock,dao,,,,0,uncategorized
rxa_hum_bldmage_a,Blood Mage,dao,,,,0,uncategorized
rxa_hum_bldmage_b,Blood Mage,dao,,,,0,uncategorized
rxa_hum_bldmage_c,Blood Mage,dao,,,,0,uncategorized
rxa_hum_bldmage_d,Blood Mage,dao,,,,0,uncategorized
rxa_hum_merc_archer,Mercenary Archer,dao,,,,0,uncategorized
rxa_hum_merc_dual,Mercenary,dao,,,,0,uncategorized
rxa_hum_merc_heavy,Mercenary,dao,,,,0,uncategorized
rxa_hum_pir_archer,Pirate,dao,,,,0,uncategorized
rxa_hum_pir_dual,Pirate,dao,,,,0,uncategorized
rxa_hum_pir_ldr,Pirate Leader,dao,,,,0,uncategorized
rxa_hum_witch_a,Fen Witch,dao,,,,0,uncategorized
rxa_lol_pkrt,Ferret the Packrat,dao,,,,0,uncategorized
rxa_ogre_default,Ogre,dao,,,,0,uncategorized
rxa_qun_archer,Qunari Mercenary,dao,,,,0,uncategorized
rxa_qun_warldr,Qunari Mercenary,dao,,,,0,uncategorized
rxa_qun_warshd,Qunari Mercenary,dao,,,,0,uncategorized
rxa_qun_warswd,Qunari Mercenary,dao,,,,0,uncategorized
rxa_shk_normal,Shriek,dao,,,,0,uncategorized
rxa_skel_shambling,Mangled Shambling Skeleton,dao,,,,0,uncategorized
rxaip_corpse_dragonhunter,Dragon-Hunter Corpse,dao,,,,0,uncategorized
rxaip_trea_bones_a,Bones,dao,,,,0,uncategorized
rxaip_trea_chest_ulck,Chest,dao,,,,0,uncategorized
rxaip_trea_chestbur_lck,Crate,dao,,,,0,uncategorized
rxaip_trea_chestbur_ulck,Crate,dao,,,,0,uncategorized
rxaip_trea_chestirn_lck,Iron Chest,dao,,,,0,uncategorized
rxaip_trea_chestorn_lck,Ornate Chest,dao,,,,0,uncategorized
rxaip_trea_chestorn_ulck,Ornate Chest,dao,,,,0,uncategorized
rxaip_trea_crate,Crate,dao,,,,0,uncategorized
rxaip_trea_crate_broken,Broken Crate,dao,,,,0,uncategorized
rxaip_trea_filth_a,Pile of Filth,dao,,,,0,uncategorized
rxaip_trea_sack_lg,Large Sack,dao,,,,0,uncategorized
rxaip_trea_sack_pile,Pile of Sacks,dao,,,,0,uncategorized
rxaip_trea_sack_sm,Small Sack,dao,,,,0,uncategorized
rxaip_trea_trash_a,Pile of Trash,dao,,,,0,uncategorized
rxaip_wmt_generic,World Map,dao,,,,0,uncategorized
shade,Greater Shade,dao,,,,0,uncategorized
shade_a,Shade,dao,,,,0,uncategorized
shade_b,Greater Shade,dao,,,,0,uncategorized
shale200_amalia,Amalia,dao,,,,0,uncategorized
shale200_kittydemon,Kitty,dao,,,,0,uncategorized
shale200_mattias,Matthias,dao,,,,0,uncategorized
shale200_villager,Villager,dao,,,,0,uncategorized
shale_new,Shale,dao,,,,0,uncategorized
shl100ar_honnleath,Village of Honnleath,dao,,,,0,uncategorized
shl100cr_fleeing_villager_1,Villager,dao,,,,0,uncategorized
shl100cr_fleeing_villager_2,Villager,dao,,,,0,uncategorized
shl100cr_villager_fighting,Villager,dao,,,,0,uncategorized
shl100im_bloodykey,Bloodied Bronze Key,dao,,,https://dragonage.fandom.com/wiki/Bloodied_Bronze_Key,0,uncategorized
shl100im_cheeseknife,Olaf's Prized Cheese Knife,dao,,,https://dragonage.fandom.com/wiki/Olaf%27s_Prized_Cheese_Knife,0,uncategorized
shl100im_control_rod,Golem Control Rod,dao,,,https://dragonage.fandom.com/wiki/Golem_Control_Rod_(Origins),0,uncategorized
shl100im_councilnote,Note from the Honnleath Village Council,dao,,,https://dragonage.fandom.com/wiki/Codex_entry:_A_Note_from_the_Honnleath_Village_Council,0,uncategorized
shl100ip_birdseed,Basket of Birdseed,dao,,,,0,uncategorized
shl100ip_crystal_chest,Broken Chest,dao,,,,0,uncategorized
shl100ip_olaf,Villager,dao,,,,0,uncategorized
shl100ip_olafs_chest,Olaf's Chest,dao,,,,0,uncategorized
shl100ip_world_transition,World,dao,,,,0,uncategorized
shl200cr_cellar_villager_1,Villager,dao,,,,0,uncategorized
shl200cr_cellar_villager_2,Villager,dao,,,,0,uncategorized
shl200cr_dead_villager,Villager,dao,,,,0,uncategorized
shl200cr_dust_wraith,Dust Wraith,dao,,,,0,uncategorized
shl200cr_kitty_demon,Kitty,dao,,,,0,uncategorized
shl200im_demon_belt,Cord of Shattered Dreams,dao,,,https://dragonage.fandom.com/wiki/Cord_of_Shattered_Dreams,0,uncategorized
shl200ip_barrier_blocker,Magical Barrier,dao,,,,0,uncategorized
shl200ip_cod_book1,Blood-Soaked Journal,dao,,,,0,uncategorized
shl200ip_cod_note,A Decades-Old Letter,dao,,,,0,uncategorized
shl200ip_crystal_01,Strange Crystal Cluster,dao,,,,0,uncategorized
shl200ip_crystal_02,Chest,dao,,,,0,uncategorized
shl200ip_crystal_03,Strange Crystal Cluster,dao,,,,0,uncategorized
shl200ip_crystal_04,Strange Crystal Cluster,dao,,,,0,uncategorized
shl200ip_glowing_crystal,Glowing Crystal,dao,,,,0,uncategorized
shl200ip_puzzle_end,Brazier,dao,,,,0,uncategorized
shl200ip_puzzle_start,Brazier,dao,,,,0,uncategorized
shl200ip_puzzle_tile,Floor Tile,dao,,,,0,uncategorized
shl200ip_to_village_1,Village of Honnleath,dao,,,,0,uncategorized
shl200ip_to_village_2,Village of Honnleath,dao,,,,0,uncategorized
shl300ar_cadash_thaig,Cadash Thaig,dao,,,,0,uncategorized
shl300cr_emissary,Hurlock Emissary,dao,,,,0,uncategorized
shl300cr_ogre,Ogre Alpha,dao,,,,0,uncategorized
shl300im_cadash_dagger,Dead Thaig Shanker,dao,,,https://dragonage.fandom.com/wiki/Dead_Thaig_Shanker,0,uncategorized
shl300im_cadash_mboots,Cadash Stompers,dao,,,https://dragonage.fandom.com/wiki/Cadash_Stompers,0,uncategorized
shl300ip_crystal_chest,Broken Chest,dao,,,,0,uncategorized
shl300ip_money_chest_01,Chest,dao,,,,0,uncategorized
shl300ip_money_chest_02,Chest,dao,,,,0,uncategorized
shl300ip_statue_dialog,Golem Monument,dao,,,,0,uncategorized
shl300ip_statue_examine,Golem Monument,dao,,,,0,uncategorized
shl300ip_to_deep_roads,World,dao,,,,0,uncategorized
shriek_a,Shriek,dao,,,,0,uncategorized
shriek_alpha,Shriek Alpha,dao,,,,0,uncategorized
shriek_normal,Shriek,dao,,,,0,uncategorized
skeleton_a,Skeleton,dao,,,,0,uncategorized
skeleton_archer,Skeleton Archer,dao,,,,0,uncategorized
skeleton_fanged,Fanged Skeleton,dao,,,,0,uncategorized
skeleton_fanged_a,"Skeleton, Fanged",dao,,,,0,uncategorized
skeleton_fanged_ancient,Ancient Fanged Skeleton,dao,,,,0,uncategorized
skeleton_shambling,Shambling Skeleton,dao,,,,0,uncategorized
skeleton_shambling_a,"Skeleton, Shambling",dao,,,,0,uncategorized
skeleton_shambling_mangled,Mangled Shambling Skeleton,dao,,,,0,uncategorized
spider_corrupted,Corrupted Spider,dao,,,,0,uncategorized
spider_giant,Giant Spider,dao,,,,0,uncategorized
spider_giant_a,Giant Spider,dao,,,,0,uncategorized
squirel,Squirrel,dao,,,,0,uncategorized
stb100ar_blackmarsh,The Blackmarsh,dao,,,,0,uncategorized
stb100cr_baroness_demon,The Baroness,dao,,,,0,uncategorized
stb100cr_fade_portal,Fade Portal,dao,,,,0,uncategorized
stb100cr_kristoffs_corpse,Kristoff's Corpse,dao,,,,0,uncategorized
stb100cr_marsh_werewolf,Blighted Werewolf,dao,,,,0,uncategorized
stb100cr_marsh_wisp,Wisp,dao,,,,0,uncategorized
stb100cr_marsh_wolf,Marsh Wolf,dao,,,,0,uncategorized
stb100cr_marsh_wolf_alpha,Alpha Marsh Wolf,dao,,,,0,uncategorized
stb100cr_portal_shade,Shade,dao,,,,0,uncategorized
stb100cr_revenant,Revenant,dao,,,,0,uncategorized
stb100cr_the_first,The First,dao,,,,0,uncategorized
stb100cr_werewolf_shadow,Blighted Shadow Wolf,dao,,,,0,uncategorized
stb100ip_betrayal_finish,Karsten's Hidden Cache,dao,,,,0,uncategorized
stb100ip_betrayal_start,Ancient Letter,dao,,,,0,uncategorized
stb100ip_bm_sign,Old Sign,dao,,,,0,uncategorized
stb100ip_catgut,Mabari Corpse,dao,,,,0,uncategorized
stb100ip_dbone_return,Bone Slot,dao,,,,0,uncategorized
stb100ip_dbone_return_sml,Bone Slot,dao,,,,0,uncategorized
stb100ip_dead_darkspawn,Darkspawn Corpse,dao,,,,0,uncategorized
stb100ip_derelict_goods_1,Decomposing Crate,dao,,,,0,uncategorized
stb100ip_derelict_goods_2,Derelict Crate,dao,,,,0,uncategorized
stb100ip_derelict_goods_3,Weathered Crate,dao,,,,0,uncategorized
stb100ip_derelict_goods_4,Decrepit Container,dao,,,,0,uncategorized
stb100ip_derelict_goods_5,Dilapidated Container,dao,,,,0,uncategorized
stb100ip_dock_chest_1,Chest,dao,,,,0,uncategorized
stb100ip_dock_chest_2,Chest,dao,,,,0,uncategorized
stb100ip_dragon_bone_01,Dragon Bone,dao,,,,0,uncategorized
stb100ip_dragon_bone_02,Dragon Bone,dao,,,,0,uncategorized
stb100ip_dragon_bone_03,Dragon Bone,dao,,,,0,uncategorized
stb100ip_dragon_bone_04,Dragon Bone,dao,,,,0,uncategorized
stb100ip_dragon_bone_05,Dragon Bone,dao,,,,0,uncategorized
stb100ip_fate_dragon,Town Records,dao,,,,0,uncategorized
stb100ip_gate_to_docks,Gate,dao,,,,0,uncategorized
stb100ip_justice_gift2,Rocks,dao,,,,0,uncategorized
stb100ip_kristoff_evidence2,Cot,dao,,,,0,uncategorized
stb100ip_kristoffs_corpse,Kristoff,dao,,,,0,uncategorized
stb100ip_loot_chest,Chest,dao,,,,0,uncategorized
stb100ip_nathaniel_marsh,The Blackmarsh,dao,,,,0,uncategorized
stb100ip_oghren_pony,Toy Horse,dao,,,,0,uncategorized
stb100ip_puzzle_pedistal,Runic Pedestal,dao,,,,0,uncategorized
stb100ip_reward_chest_01,Iron Chest,dao,,,,0,uncategorized
stb100ip_reward_chest_02,Iron Chest,dao,,,,0,uncategorized
stb100ip_reward_chest_03,Iron Chest,dao,,,,0,uncategorized
stb100ip_ripped_page,Ripped Page,dao,,,,0,uncategorized
stb100ip_suitors_clue_1,Skeleton,dao,,,,0,uncategorized
stb100ip_suitors_clue_2,Hidden Clue,dao,,,,0,uncategorized
stb100ip_suitors_clue_3,Hidden Clue,dao,,,,0,uncategorized
stb100ip_suitors_clue_4,Hidden Clue,dao,,,,0,uncategorized
stb100ip_suitors_clue_5,Hidden Clue,dao,,,,0,uncategorized
stb100ip_suitors_clue_6,Hidden Clue,dao,,,,0,uncategorized
stb100ip_suitors_end,Floating Bottle,dao,,,,0,uncategorized
stb100ip_veil_tear_blocker,Veil Tear,dao,,,,0,uncategorized
stb100ip_velanna_gift3,Debris,dao,,,,0,uncategorized
stb100ip_village_gate,Gate,dao,,,,0,uncategorized
stb100ip_village_gate_2,Gate,dao,,,,0,uncategorized
stb100ip_village_sign,Notice,dao,,,,0,uncategorized
stb100ip_world_map,World Map,dao,,,,0,uncategorized
stb110cr_fade_dragon,Queen of the Blackmarsh,dao,,,,0,uncategorized
stb110cr_fade_dragon_regen,Queen of the Blackmarsh,dao,,,,0,uncategorized
stb110cr_fade_dragon_wisp,Charged Wisp,dao,,,,0,uncategorized
stb200ar_blackmarsh_fade,The Blackmarsh Undying,dao,,,,0,uncategorized
stb200cr_baroness,The Baroness,dao,,,,0,uncategorized
stb200cr_doorman,Doorman,dao,,,,0,uncategorized
stb200cr_ghost_1,Villager,dao,,,,0,uncategorized
stb200cr_ghost_2,Villager,dao,,,,0,uncategorized
stb200cr_ghost_3,Villager,dao,,,,0,uncategorized
stb200cr_ghost_4,Villager,dao,,,,0,uncategorized
stb200cr_ghost_5,Villager,dao,,,,0,uncategorized
stb200cr_ghost_burn_1,Villager,dao,,,,0,uncategorized
stb200cr_ghost_burn_2,Villager,dao,,,,0,uncategorized
stb200cr_ghost_burn_3,Villager,dao,,,,0,uncategorized
stb200cr_ghost_burn_4,Villager,dao,,,,0,uncategorized
stb200cr_ghost_child_1,Child,dao,,,,0,uncategorized
stb200cr_ghost_child_2,Child,dao,,,,0,uncategorized
stb200cr_ghost_corner,Villager,dao,,,,0,uncategorized
stb200cr_ghost_torch_1,Villager,dao,,,,0,uncategorized
stb200cr_ghost_torch_2,Villager,dao,,,,0,uncategorized
stb200cr_ghost_torch_3,Villager,dao,,,,0,uncategorized
stb200cr_ghost_torch_4,Villager,dao,,,,0,uncategorized
stb200cr_justice_fade,Spirit of Justice,dao,,,,0,uncategorized
stb200cr_summoner,Desire Demon,dao,,,,0,uncategorized
stb200cr_vampire,Lonely Soul,dao,,,,0,uncategorized
stb200cr_villager_watch_1,Village Watch,dao,,,,0,uncategorized
stb200cr_villager_watch_2,Village Watch,dao,,,,0,uncategorized
stb200ip_baroness_door,Gate,dao,,,,0,uncategorized
stb200ip_lyrium_vein_1,Lyrium Vein,dao,,,,0,uncategorized
stb200ip_lyrium_vein_2,Lyrium Vein,dao,,,,0,uncategorized
stb200ip_lyrium_vein_3,Lyrium Vein,dao,,,,0,uncategorized
stb200ip_oghren_fade,Fade,dao,,,,0,uncategorized
stb200ip_portal_apparatus,Veil Tear Apparatus,dao,,,,0,uncategorized
stb200ip_puzzle_pedistal,Runic Pedestal,dao,,,,0,uncategorized
stb200ip_puzzle_stone,Runestone,dao,,,,0,uncategorized
stb200ip_reward_con,Essence of Constitution,dao,,,,0,uncategorized
stb200ip_reward_dex,Essence of Dexterity,dao,,,,0,uncategorized
stb200ip_reward_int,Essence of Cunning,dao,,,,0,uncategorized
stb200ip_reward_mag,Essence of Magic,dao,,,,0,uncategorized
stb200ip_reward_str,Essence of Strength,dao,,,,0,uncategorized
stb200ip_reward_wil,Essence of Willpower,dao,,,,0,uncategorized
stb200ip_to_crypt_1,Shadowy Crypt,dao,,,,0,uncategorized
stb200ip_to_crypt_2,Crypt,dao,,,,0,uncategorized
stb210ar_fade_crypt,Shadowy Crypt,dao,,,,0,uncategorized
stb210cr_vampire_demon,Hunger Demon,dao,,,,0,uncategorized
stb210ip_crypt_exit_1,The Blackmarsh Undying,dao,,,,0,uncategorized
stb210ip_crypt_exit_2,The Blackmarsh Undying,dao,,,,0,uncategorized
stb210ip_special_coffin,Coffin,dao,,,,0,uncategorized
str000fl_ariane,Ariane,dao,,,,0,uncategorized
str000fl_dog,Dog,dao,,,,0,uncategorized
str000fl_finn,Finn,dao,,,,0,uncategorized
str100ar_hut_exterior,Deep in the Wilds,dao,,,,0,uncategorized
str100cr_hurlock_emm_summ,Hurlock Emissary,dao,,,,0,uncategorized
str100ip_at_world_map,World Map,dao,,,,0,uncategorized
str100ip_door_to_hut,Flemeth's Hut,dao,,,,0,uncategorized
str100ip_hidden_key,Hidden Stash,dao,,,,0,uncategorized
str100it_hut_key,Flemeth's Key,dao,,,https://dragonage.fandom.com/wiki/Flemeth%27s_Key,0,uncategorized
str110ar_hut_interior,Hut,dao,,,,0,uncategorized
str110ip_door_to_wilds,Korcari Wilds,dao,,,,0,uncategorized
str110ip_flemeths_bed,Bed,dao,,,,0,uncategorized
str110ip_flemeths_chest,Chest,dao,,,,0,uncategorized
str110ip_flemeths_fireplace,Fire,dao,,,,0,uncategorized
str200ar_tower_1,Apprentice Quarters,dao,,,,0,uncategorized
str200cr_hadley,Hadley,dao,,,,0,uncategorized
str200cr_mage_2,Mage,dao,,,,0,uncategorized
str200cr_mage_3,Mage,dao,,,,0,uncategorized
str200cr_mage_4,Mage,dao,,,,0,uncategorized
str200cr_mage_elf_f,Mage,dao,,,,0,uncategorized
str200cr_mage_human_f,Mage,dao,,,,0,uncategorized
str200cr_mage_human_m,Apprentice Mage,dao,,,,0,uncategorized
str200cr_sandal,Sandal,dao,,,,0,uncategorized
str200cr_templar,Templar,dao,,,,0,uncategorized
str200cr_templarguard,Templar,dao,,,,0,uncategorized
str200im_badluck_charm,Bad Luck Charm,dao,,,https://dragonage.fandom.com/wiki/Bad_Luck_Charm,0,uncategorized
str200im_basement_key,Basement Key,dao,,,,0,uncategorized
str200im_book,Understanding the Ancients,dao,,,,0,uncategorized
str200im_payment_note,Letter of Payment,dao,,,https://dragonage.fandom.com/wiki/Letter_of_Payment,0,uncategorized
str200im_research_key,Onyx Key,dao,,,,0,uncategorized
str200ip_at_basement,Mage Tower - Basement,dao,,,,0,uncategorized
str200ip_at_exit,World Map,dao,,,,0,uncategorized
str200ip_chest_1,Chest,dao,,,,0,uncategorized
str200ip_dr_library,Library,dao,,,,0,uncategorized
str200ip_dr_secure,Door,dao,,,,0,uncategorized
str200ip_gold_chest,Chest,dao,,,,0,uncategorized
str200ip_index_a_l,Index A - F,dao,,,,0,uncategorized
str200ip_index_g_l,Index G - L,dao,,,,0,uncategorized
str200ip_index_m_s,Index M - S,dao,,,,0,uncategorized
str200ip_index_t_z,Index T - Z,dao,,,,0,uncategorized
str200ip_mabari_dom,Landmark Device,dao,,,,0,uncategorized
str200ip_potion_chest,Chest,dao,,,,0,uncategorized
str200ip_potion_chest_iron,Chest,dao,,,,0,uncategorized
str200ip_research_chest,Shrouded Chest,dao,,,,0,uncategorized
str200ip_reward_will,Essence of Willpower,dao,,,,0,uncategorized
str200ip_sec_beg_herb,Beginner's Herbalism,dao,,,,0,uncategorized
str200ip_sec_critters,Dangerous Beasts,dao,,,,0,uncategorized
str200ip_sec_entropy,School of Entropy,dao,,,,0,uncategorized
str200ip_sec_fade_facts,The Fade,dao,,,,0,uncategorized
str200ip_sec_geography,Geography,dao,,,,0,uncategorized
str200ip_sec_history,History,dao,,,,0,uncategorized
str200ip_sec_mag_devices,Mage Weaponry,dao,,,,0,uncategorized
str200ip_sec_mag_train,Mage Training,dao,,,,0,uncategorized
str200ip_sec_mass_beasts,Mythical Creatures,dao,,,,0,uncategorized
str200ip_sec_mys_art,Mysterious Artifacts,dao,,,,0,uncategorized
str200ip_sec_pot_potions,Potent Medicines,dao,,,,0,uncategorized
str200ip_sec_rituals,Rituals,dao,,,,0,uncategorized
str200ip_sec_sec_salves,Unstable Solutions,dao,,,,0,uncategorized
str200ip_sec_self_imp,Self-Improvement,dao,,,,0,uncategorized
str200ip_sec_spi_spells,School of Spirit,dao,,,,0,uncategorized
str200ip_sec_tas_tonics,Expert Herbalism,dao,,,,0,uncategorized
str200ip_sec_zoology,Zoology,dao,,,,0,uncategorized
str200ip_treasure_chest,Chest,dao,,,,0,uncategorized
str210ar_basement,Mage Tower - Basement,dao,,,,0,uncategorized
str210cr_dead_mage,Dead Mage,dao,,,,0,uncategorized
str210cr_sentinel,Sentinel,dao,,,,0,uncategorized
str210cr_sentinel2,Corrupted Sentinel,dao,,,,0,uncategorized
str210cr_statue,Statue,dao,,,,0,uncategorized
str210cr_veil_tear,Veil Tear,dao,,,,0,uncategorized
str210im_janitor_key,Repository Key,dao,,,,0,uncategorized
str210ip_at_tower_1,Apprentice Quarters,dao,,,,0,uncategorized
str210ip_barrel,Barrel,dao,,,,0,uncategorized
str210ip_chest_robe,Chest,dao,,,,0,uncategorized
str210ip_crate,Wooden Crate,dao,wood,shield,,0,uncategorized
str210ip_door_switch,Lever,dao,,,,0,uncategorized
str210ip_dr_hall,Door,dao,,,,0,uncategorized
str210ip_janitor_chest,Chest,dao,,,,0,uncategorized
str210ip_phylactery,Old Vials,dao,,,,0,uncategorized
str210ip_statue,Statue,dao,,,,0,uncategorized
str210ip_statue_plot_assist,Statue,dao,,,,0,uncategorized
str300ar_elven_ruins,Elven Ruins,dao,,,,0,uncategorized
str300cr_elf_ghoul_archer,Infected Elf,dao,,,,0,uncategorized
str300cr_elf_ghoul_war,Infected Elf,dao,,,,0,uncategorized
str300cr_key_holder,Infected Key Master,dao,,,,0,uncategorized
str300cr_landmark_corpse,Infected Elf,dao,,,,0,uncategorized
str300cr_scrying_enemy,Lesser Shade,dao,,,,0,uncategorized
str300im_mirror_shard,Mirror Shard,dao,,,,0,uncategorized
str300im_shard_room_key,Key,dao,,,,0,uncategorized
str300ip_at_world_map,World Map,dao,,,,0,uncategorized
str300ip_bow_chest,Chest,dao,,,,0,uncategorized
str300ip_broken_mirror,Mirror,dao,,,,0,uncategorized
str300ip_locked_door,Door,dao,,,,0,uncategorized
str300ip_mabari_dom,Landmark Corpse,dao,,,,0,uncategorized
str300ip_mirror_shard,Shard,dao,,,,0,uncategorized
str300ip_ritual_spot,Scrying Spot,dao,,,,0,uncategorized
str310im_mirror_shard,Mirror Shard,dao,,,,0,uncategorized
str400ar_cadash_thaig,Cadash Thaig,dao,,,,0,uncategorized
str400cr_belt_darkspawn,Hurlock Berserker,dao,,,,0,uncategorized
str400cr_guardian_1,Ancient Elven Guardian,dao,,,,0,uncategorized
str400cr_guardian_2a,Ancient Elven Guardian,dao,,,,0,uncategorized
str400cr_guardian_2b,Ancient Elven Guardian,dao,,,,0,uncategorized
str400cr_guardian_3,Ancient Elven Guardian,dao,,,,0,uncategorized
str400cr_guardian_4a,Ancient Elven Guardian,dao,,,,0,uncategorized
str400cr_guardian_4b,Ancient Elven Guardian,dao,,,,0,uncategorized
str400im_arianes_blood,Ariane's Blood,dao,,,,0,uncategorized
str400im_lantern,Elven Lantern,dao,,,,0,uncategorized
str400im_lore_1,Worn Note,dao,,,https://dragonage.fandom.com/wiki/Worn_Note,0,uncategorized
str400im_lore_2,Worn Journal,dao,,,https://dragonage.fandom.com/wiki/Worn_Journal,0,uncategorized
str400im_lore_3,Torn Letter,dao,,,https://dragonage.fandom.com/wiki/Torn_Letter,0,uncategorized
str400im_lore_4,Ancient Scroll,dao,,,,0,uncategorized
str400ip_at_world_map,World Map,dao,,,,0,uncategorized
str400ip_at_world_map_2,World Map,dao,,,,0,uncategorized
str400ip_chest_1,Chest,dao,,,,0,uncategorized
str400ip_chest_2,Chest,dao,,,,0,uncategorized
str400ip_lantern,Light of Arlathan,dao,,,,0,uncategorized
str400ip_lore_1,Chest,dao,,,,0,uncategorized
str400ip_lore_2,Pile of Bones,dao,,,,0,uncategorized
str400ip_lore_3,Pile of Bones,dao,,,,0,uncategorized
str400ip_lore_4,Scrap of Paper,dao,,,,0,uncategorized
str400ip_mabari_dom,Landmark Stone,dao,,,,0,uncategorized
str400ip_ritual_spot,Scrying Spot,dao,,,,0,uncategorized
str500ar_dragonbone_wastes,Dragonbone Wastes,dao,,,,0,uncategorized
str500cr_atavar,Varterral,dao,,,,0,uncategorized
str500cr_atavar2,Mama Atavar,dao,,,,0,uncategorized
str500cr_cultist_1,Cultist,dao,,,,0,uncategorized
str500cr_cultist_2,Cultist,dao,,,,0,uncategorized
str500cr_cultist_3,Cultist,dao,,,,0,uncategorized
str500cr_cultist_archer,Cultist Archer,dao,,,,0,uncategorized
str500cr_cultist_mage,Cultist Mage,dao,,,,0,uncategorized
str500cr_cultist_warrior,Cultist,dao,,,,0,uncategorized
str500ip_at_wrold_map,World Map,dao,,,,0,uncategorized
str500ip_chest_axe,Chest,dao,,,,0,uncategorized
str500ip_door_to_mirror,Center of Power,dao,,,,0,uncategorized
str500ip_mabari_dom,Landmark Skull,dao,,,,0,uncategorized
str510ar_mirror,The Nest,dao,,,,0,uncategorized
str510cr_morrigan,Morrigan,dao,,,,0,uncategorized
str_im_ariane_armor,Ariane's Dalish Chain,dao,,,https://dragonage.fandom.com/wiki/Ariane%27s_Dalish_Chain,0,uncategorized
str_im_ariane_ring_2,Band of Gold,dao,,,https://dragonage.fandom.com/wiki/Band_of_Gold,0,uncategorized
str_im_ariane_sword_l,Rain of Petals,dao,,,https://dragonage.fandom.com/wiki/Rain_of_Petals,0,uncategorized
str_im_ariane_sword_r,Girl's Best Friend,dao,,,https://dragonage.fandom.com/wiki/Girl%27s_Best_Friend,0,uncategorized
str_im_finn_hat,Ghastly Hat,dao,,,https://dragonage.fandom.com/wiki/Ghastly_Hat,0,uncategorized
str_im_finn_necklace,Symbol of Zazikel (Replica),dao,,,https://dragonage.fandom.com/wiki/Symbol_of_Zazikel_(Replica),0,uncategorized
str_im_finn_ring_2,Finn's Memory Band,dao,,,https://dragonage.fandom.com/wiki/Finn%27s_Memory_Band,0,uncategorized
str_im_finn_staff,Vera,dao,,,https://dragonage.fandom.com/wiki/Vera,0,uncategorized
str_strider,Strider,dao,,,,0,uncategorized
succubus,Desire Demon,dao,,,,0,uncategorized
the_architect,The Architect,dao,,,,0,uncategorized
the_mother,The Mother,dao,,,,0,uncategorized
the_mother_cinematics,The Mother,dao,,,,0,uncategorized
the_mother_tentacle,Giant Tentacle,dao,,,,0,uncategorized
trp100ar_wending_wood,Wending Wood,dao,,,,0,uncategorized
trp100cr_alpha_blight_wolf,Alpha Blight Wolf,dao,,,,0,uncategorized
trp100cr_banditscavenger_1,Bandit Scavenger,dao,,,,0,uncategorized
trp100cr_banditscavenger_2,Bandit Scavenger,dao,,,,0,uncategorized
trp100cr_barb_peace,Statue of Peace,dao,,,,0,uncategorized
trp100cr_barb_war,Statue of War,dao,,,,0,uncategorized
trp100cr_dead_magister,Ancient Magister,dao,,,,0,uncategorized
trp100cr_dead_scholar,Scholar,dao,,,,0,uncategorized
trp100cr_elven_trinket,Hurlock Emissary,dao,,,,0,uncategorized
trp100cr_enraged_bear_black,Enraged Black Bear,dao,,,,0,uncategorized
trp100cr_enraged_bear_great,Enraged Great Bear,dao,,,,0,uncategorized
trp100cr_enraged_wolf,Enraged Wolf,dao,,,,0,uncategorized
trp100cr_ines,Ines,dao,,,,0,uncategorized
trp100cr_looter_leader,Bandit,dao,,,,0,uncategorized
trp100cr_merchants_goods_1,Scavenger,dao,,,,0,uncategorized
trp100cr_merchants_goods_2,Scavenger,dao,,,,0,uncategorized
trp100cr_old_one,The Old One,dao,,,,0,uncategorized
trp100cr_scavenger_archer,Scavenger,dao,,,,0,uncategorized
trp100cr_scavenger_daggers,Scavenger,dao,,,,0,uncategorized
trp100cr_scavenger_heavy,Scavenger,dao,,,,0,uncategorized
trp100cr_scavenger_leader,Scavenger,dao,,,,0,uncategorized
trp100cr_survivor,Militia Survivor,dao,,,,0,uncategorized
trp100cr_sylvan_wood,Ancient Sylvan,dao,,,,0,uncategorized
trp100cr_wild_sylvan,Wild Sylvan,dao,,,,0,uncategorized
trp100ip_barb_peace,Statue of Peace,dao,,,,0,uncategorized
trp100ip_barb_war,Statue of War,dao,,,,0,uncategorized
trp100ip_circle_missing,Missing Stone,dao,,,,0,uncategorized
trp100ip_circle_reward,Mystic Chest,dao,,,,0,uncategorized
trp100ip_circle_start,Strange Stone,dao,,,,0,uncategorized
trp100ip_circle_stone,Stone,dao,,,,0,uncategorized
trp100ip_circle_stone_spot,Missing Stone,dao,,,,0,uncategorized
trp100ip_corpse_pile,Corpse Pile,dao,,,,0,uncategorized
trp100ip_darkspawn_corpse,Darkspawn Corpse,dao,,,,0,uncategorized
trp100ip_grave,Shallow Graves,dao,,,,0,uncategorized
trp100ip_human_weapons,Discarded Weaponry,dao,,,,0,uncategorized
trp100ip_ines_herb,Northern Prickleweed,dao,,,,0,uncategorized
trp100ip_justice_elf_corpse,Elf Corpse,dao,,,,0,uncategorized
trp100ip_justice_gift5,Crate,dao,,,,0,uncategorized
trp100ip_magister_remains,Magister's Remains,dao,,,,0,uncategorized
trp100ip_merchant_goods,Crate,dao,,,,0,uncategorized
trp100ip_merchant_goods_2,Barrel,dao,,,,0,uncategorized
trp100ip_merchant_goods_3,Chest,dao,,,,0,uncategorized
trp100ip_merchant_goods_4,Bundle of Cloth,dao,,,,0,uncategorized
trp100ip_mine_entrance,Silverite Mine,dao,,,,0,uncategorized
trp100ip_mine_exit,Silverite Mine,dao,,,,0,uncategorized
trp100ip_nathaniel_gift3,Corpse,dao,,,,0,uncategorized
trp100ip_ruined_caravan,Ruined Caravan,dao,,,,0,uncategorized
trp100ip_sigrun_tree,Tree,dao,,,,0,uncategorized
trp100ip_statue_interaction,Engraved Statue,dao,,,,0,uncategorized
trp100ip_war_reward,Dane's Tribute,dao,,,,0,uncategorized
trp200ar_silverite_mine,Silverite Mine,dao,,,,0,uncategorized
trp200cr_architect,The Architect,dao,,,,0,uncategorized
trp200cr_dragon_thrall_a,Dragon Thrall,dao,,,,0,uncategorized
trp200cr_dragon_thrall_b,Dragon Thrall,dao,,,,0,uncategorized
trp200cr_ghoul_anders,Experimental Subject,dao,,,,0,uncategorized
trp200cr_ghoul_justice,Experimental Subject,dao,,,,0,uncategorized
trp200cr_ghoul_nathaniel,Experimental Subject,dao,,,,0,uncategorized
trp200cr_ghoul_oghren,Experimental Subject,dao,,,,0,uncategorized
trp200cr_ghoul_pcmage,Experimental Subject,dao,,,,0,uncategorized
trp200cr_ghoul_pcrogue,Experimental Subject,dao,,,,0,uncategorized
trp200cr_ghoul_pcwarrior,Experimental Subject,dao,,,,0,uncategorized
trp200cr_ghoul_sigrun,Experimental Subject,dao,,,,0,uncategorized
trp200cr_ghoul_velanna,Experimental Subject,dao,,,,0,uncategorized
trp200cr_hurlock_reaver,Hurlock Dragon-Tamer,dao,,,,0,uncategorized
trp200cr_jail_key,Hurlock,dao,,,,0,uncategorized
trp200cr_jailor_1,Hurlock,dao,,,,0,uncategorized
trp200cr_jailor_2,Hurlock,dao,,,,0,uncategorized
trp200cr_jailor_3,Hurlock,dao,,,,0,uncategorized
trp200cr_jailor_4,Genlock,dao,,,,0,uncategorized
trp200cr_jailor_5,Genlock Emissary,dao,,,,0,uncategorized
trp200cr_jailor_6,Hurlock Alpha,dao,,,,0,uncategorized
trp200cr_keenan,Keenan,dao,,,,0,uncategorized
trp200cr_merchant,Armaas,dao,,,,0,uncategorized
trp200cr_necromancer,Darkspawn Necromancer,dao,,,,0,uncategorized
trp200cr_necromancer_minion,Hurlock,dao,,,,0,uncategorized
trp200cr_seranni,Seranni,dao,,,,0,uncategorized
trp200ip_altar_table,Altar,dao,,,,0,uncategorized
trp200ip_anders_gift5,Books,dao,,,,0,uncategorized
trp200ip_architect_letter,Letter,dao,,,,0,uncategorized
trp200ip_architects_chest,Chest,dao,,,,0,uncategorized
trp200ip_collapsed_tunnel,Collapsed Tunnel,dao,,,,0,uncategorized
trp200ip_door_tev_dbl_r_stc,Door,dao,,,,0,uncategorized
trp200ip_door_tev_lrg_r_stc,Door,dao,,,,0,uncategorized
trp200ip_dragon_egg_fresh,Fresh Dragon Egg,dao,,,,0,uncategorized
trp200ip_entrance,Wending Wood,dao,,,,0,uncategorized
trp200ip_exit,World Map,dao,,,,0,uncategorized
trp200ip_experiment_chest,Chest,dao,,,,0,uncategorized
trp200ip_experiment_control,Experiment Control,dao,,,,0,uncategorized
trp200ip_experiment_door,Door,dao,,,,0,uncategorized
trp200ip_experiment_lever,Lever,dao,,,,0,uncategorized
trp200ip_experiment_notes,Experiment Notes,dao,,,,0,uncategorized
trp200ip_journal_page,Journal Page,dao,,,,0,uncategorized
trp200ip_party_inventory,Chest,dao,,,,0,uncategorized
trp200ip_player_cell_door,Cell Door,dao,,,,0,uncategorized
trp200ip_prison_door,Cell Door,dao,,,,0,uncategorized
trp200ip_secret_room_chest,Chest,dao,,,,0,uncategorized
trp200ip_sigrun_spyglass,Soldier Corpse,dao,,,,0,uncategorized
trp200ip_stone_1,Stone,dao,,,,0,uncategorized
trp200ip_stone_2,Stone,dao,,,,0,uncategorized
trp200ip_trap_ballista,Ballista,dao,,,,0,uncategorized
trp200ip_trap_lever,Lever,dao,,,,0,uncategorized
trp200ip_trap_statue,Statue,dao,,,,0,uncategorized
trp200ip_velanna_gift2,Stones,dao,,,,0,uncategorized
trp_bandit1_temp1,Bandit Scavenger,dao,,,,0,uncategorized
trp_bandit1_temp2,Bandit Scavenger,dao,,,,0,uncategorized
urn000cr_cultist_1,Cultist,dao,,,,0,uncategorized
urn000cr_cultist_2,Cultist,dao,,,,0,uncategorized
urn000cr_cultist_3,Cultist,dao,,,,0,uncategorized
urn000cr_cultist_4,Cultist,dao,,,,0,uncategorized
urn000cr_cultist_archer,Cultist Archer,dao,,,,0,uncategorized
urn000cr_cultist_lake_boss,Cultist Leader,dao,,,,0,uncategorized
urn000cr_cultist_mage_1,Cultist Mage,dao,,,,0,uncategorized
urn000cr_cultist_mage_2,Cultist Mage,dao,,,,0,uncategorized
urn000cr_cultist_patrol,Cultist Reaver,dao,,,,0,uncategorized
urn000cr_cultist_reaver_1,Cultist Reaver,dao,,,,0,uncategorized
urn000cr_cultist_reaver_2,Cultist Reaver,dao,,,,0,uncategorized
urn000cr_cultist_reaver_3,Cultist Reaver,dao,,,,0,uncategorized
urn000cr_cultist_reaver_4,Cultist Reaver,dao,,,,0,uncategorized
urn000cr_cultist_reaver_5,Cultist Reaver,dao,,,,0,uncategorized
urn000ip_static_door_s,Door,dao,,,,0,uncategorized
urn100ar_cultists_village,The Village of Haven,dao,,,,0,uncategorized
urn100cr_child,Child,dao,,,,0,uncategorized
urn100cr_funeral,Villager,dao,,,,0,uncategorized
urn100cr_guard,Guard,dao,,,,0,uncategorized
urn100cr_scared_villager,Villager,dao,,,,0,uncategorized
urn100cr_villager,Villager,dao,,,,0,uncategorized
urn100cr_villager2,Villager,dao,,,,0,uncategorized
urn100cr_villager3,Villager,dao,,,,0,uncategorized
urn100ip_cod_bks_death_temp,Book,dao,,,,0,uncategorized
urn100ip_cod_hst_avvars,Book,dao,,,,0,uncategorized
urn100ip_fence,Fence,dao,,,,0,uncategorized
urn100ip_grave_01,Gravestone,dao,,,,0,uncategorized
urn100ip_grave_02,Gravestone,dao,,,,0,uncategorized
urn100ip_grave_03,Gravestone,dao,,,,0,uncategorized
urn100ip_grave_04,Gravestone,dao,,,,0,uncategorized
urn100ip_grave_05,Gravestone,dao,,,,0,uncategorized
urn100ip_grave_06,Gravestone,dao,,,,0,uncategorized
urn100ip_grave_07,Gravestone,dao,,,,0,uncategorized
urn100ip_grave_08,Gravestone,dao,,,,0,uncategorized
urn100ip_grave_09,Gravestone,dao,,,,0,uncategorized
urn100ip_grave_10,Gravestone,dao,,,,0,uncategorized
urn100ip_grave_11,Gravestone,dao,,,,0,uncategorized
urn100ip_grave_12,Gravestone,dao,,,,0,uncategorized
urn100ip_grave_13,Gravestone,dao,,,,0,uncategorized
urn100ip_grave_14,Gravestone,dao,,,,0,uncategorized
urn100ip_grave_15,Gravestone,dao,,,,0,uncategorized
urn100ip_grave_16,Gravestone,dao,,,,0,uncategorized
urn100ip_grave_17,Gravestone,dao,,,,0,uncategorized
urn100ip_grave_18,Gravestone,dao,,,,0,uncategorized
urn100ip_grave_19,Gravestone,dao,,,,0,uncategorized
urn100ip_grave_20,Gravestone,dao,,,,0,uncategorized
urn100ip_grave_21,Gravestone,dao,,,,0,uncategorized
urn100ip_grave_22,Gravestone,dao,,,,0,uncategorized
urn100ip_grave_23,Gravestone,dao,,,,0,uncategorized
urn100ip_grave_24,Gravestone,dao,,,,0,uncategorized
urn100ip_grave_25,Gravestone,dao,,,,0,uncategorized
urn100ip_grave_26,Gravestone,dao,,,,0,uncategorized
urn100ip_grave_27,Gravestone,dao,,,,0,uncategorized
urn100ip_grave_28,Gravestone,dao,,,,0,uncategorized
urn100ip_grave_29,Gravestone,dao,,,,0,uncategorized
urn100ip_grave_30,Gravestone,dao,,,,0,uncategorized
urn100ip_grave_31,Gravestone,dao,,,,0,uncategorized
urn100ip_grave_32,Gravestone,dao,,,,0,uncategorized
urn100ip_grave_33,Gravestone,dao,,,,0,uncategorized
urn100ip_grave_34,Gravestone,dao,,,,0,uncategorized
urn100ip_grave_35,Gravestone,dao,,,,0,uncategorized
urn100ip_grave_36,Gravestone,dao,,,,0,uncategorized
urn100ip_grave_37,Gravestone,dao,,,,0,uncategorized
urn100ip_grave_38,Gravestone,dao,,,,0,uncategorized
urn100ip_grave_39,Gravestone,dao,,,,0,uncategorized
urn100ip_grave_40,Gravestone,dao,,,,0,uncategorized
urn100ip_gravestone_a,Gravestone,dao,,,,0,uncategorized
urn100ip_to_chantry,Haven Chantry,dao,,,,0,uncategorized
urn100ip_to_ruined_temple,Ruined Temple,dao,,,,0,uncategorized
urn100ip_to_shop,Village Shop,dao,,,,0,uncategorized
urn100ip_to_village_house,Villager House,dao,,,,0,uncategorized
urn110ar_chantry,Haven Chantry,dao,,,,0,uncategorized
urn110cr_chantry_guard,Guard,dao,,,,0,uncategorized
urn110cr_chantry_villager,Villager,dao,,,,0,uncategorized
urn110cr_chantry_villager_2,Villager,dao,,,,0,uncategorized
urn110cr_chantry_villager_3,Villager,dao,,,,0,uncategorized
urn110cr_chantry_villager_4,Villager,dao,,,,0,uncategorized
urn110cr_chantry_villager_5,Child,dao,,,,0,uncategorized
urn110cr_eirik,Eirik,dao,,,,0,uncategorized
urn110cr_genitivi,Brother Genitivi,dao,,,,0,uncategorized
urn110cr_nuada,Nuada,dao,,,,0,uncategorized
urn110cr_suspicious_mother,Villager,dao,,,,0,uncategorized
urn110ip_book,Book of Sermons,dao,,,,0,uncategorized
urn110ip_chest,Inscribed Chest,dao,,,,0,uncategorized
urn110ip_doorway_bricked,Brick Wall,dao,,,,0,uncategorized
urn110ip_to_village,Haven Village,dao,,,,0,uncategorized
urn120ar_village_house,Villager House,dao,,,,0,uncategorized
urn120ip_altar,Bloody Altar,dao,,,,0,uncategorized
urn120ip_to_village,Haven Village,dao,,,,0,uncategorized
urn130ar_village_shop,Village Store,dao,,,,0,uncategorized
urn130cr_deadknight,Dead Knight,dao,,,,0,uncategorized
urn130cr_newshopkeep,Shopkeeper,dao,,,,0,uncategorized
urn130cr_shopkeeper,Shopkeeper,dao,,,,0,uncategorized
urn130ip_corpse,Corpse,dao,,,,0,uncategorized
urn130ip_iron_chest,Iron Chest,dao,,,,0,uncategorized
urn130ip_to_village,Haven Village,dao,,,,0,uncategorized
urn200ar_ruined_temple,Ruined Temple,dao,,,,0,uncategorized
urn200cr_ash_wraith,Bound Ash Wraith,dao,,,,0,uncategorized
urn200cr_nurse,Nurse,dao,,,,0,uncategorized
urn200cr_templeguard,Temple Guard,dao,,,,0,uncategorized
urn200cr_wounded,Wounded Cultist,dao,,,,0,uncategorized
urn200ip_ash_wraith_brazier,Brazier,dao,,,,0,uncategorized
urn200ip_ash_wraith_urn,Ornate Urn,dao,,,,0,uncategorized
urn200ip_bookshelf,Bookshelf,dao,,,,0,uncategorized
urn200ip_bronto_door,Door,dao,,,,0,uncategorized
urn200ip_chest,Ornate Chest,dao,,,,0,uncategorized
urn200ip_cod_bks_sermons,Book,dao,,,,0,uncategorized
urn200ip_cod_hst_oldgods,Book,dao,,,,0,uncategorized
urn200ip_cod_mgc_andraste,Book,dao,,,,0,uncategorized
urn200ip_container_trap,Chest,dao,,,,0,uncategorized
urn200ip_corpse,Fallen Knight,dao,,,,0,uncategorized
urn200ip_entrance,Door,dao,,,,0,uncategorized
urn200ip_iron_chest,Iron Chest,dao,,,,0,uncategorized
urn200ip_rack,Cabinet,dao,,,,0,uncategorized
urn200ip_scroll_pile,Dusty Scrolls,dao,,,,0,uncategorized
urn200ip_southeast_chest,Chest,dao,,,,0,uncategorized
urn200ip_southeast_tunnel,Door,dao,,,,0,uncategorized
urn200ip_to_mountain_top,Mountaintop,dao,,,,0,uncategorized
urn200ip_to_village,Haven Village,dao,,,,0,uncategorized
urn200ip_to_wyrmling,Wyrmling Lair,dao,,,,0,uncategorized
urn200ip_wraith_chamber,Door,dao,,,,0,uncategorized
urn200up_to_wyrmling_1,Wyrmling Lair,dao,,,,0,uncategorized
urn210ar_wyrmlings_lair,Caverns,dao,,,,0,uncategorized
urn210cr_dragonling_handler,Dragonling Handler,dao,,,,0,uncategorized
urn210cr_kolgrim,Kolgrim,dao,,,,0,uncategorized
urn210cr_lieutenant_1,Cultist Overseer,dao,,,,0,uncategorized
urn210cr_lieutenant_2,Cultist Assassin,dao,,,,0,uncategorized
urn210cr_lieutenant_3,Cultist Overseer,dao,,,,0,uncategorized
urn210ip_cod_bks_first_b_3,Book,dao,,,,0,uncategorized
urn210ip_cod_hst_frostback,Book,dao,,,,0,uncategorized
urn210ip_dragonegg,Dragon Egg,dao,,,,0,uncategorized
urn210ip_pile_of_filth,Pile of Dragon Filth,dao,,,,0,uncategorized
urn210ip_to_mountain_top,Mountaintop,dao,,,,0,uncategorized
urn210ip_to_ruined_temple,Ruined Temple,dao,,,,0,uncategorized
urn210ip_to_ruined_temple_1,Ruined Temple,dao,,,,0,uncategorized
urn220ar_mountain_top,Mountain Top,dao,,,,0,uncategorized
urn220cr_dragon,High Dragon,dao,,,,0,uncategorized
urn220ip_to_gauntlet,The Gauntlet,dao,,,,0,uncategorized
urn220ip_to_ruined_temple,Ruined Temple,dao,,,,0,uncategorized
urn220ip_to_wyrmlings_lair,Caverns,dao,,,,0,uncategorized
urn230ar_the_gauntlet,The Gauntlet,dao,,,,0,uncategorized
urn230cr_alistair,Alistair,dao,,,,0,uncategorized
urn230cr_brona,Brona,dao,,,,0,uncategorized
urn230cr_bryce,Teyrn Bryce Cousland,dao,,,,0,uncategorized
urn230cr_cathaire,Disciple Cathaire,dao,,,,0,uncategorized
urn230cr_dog,Dog,dao,,,,0,uncategorized
urn230cr_dplg_mage_f,Player,dao,,,,0,uncategorized
urn230cr_dplg_mage_f_e,Player,dao,,,,0,uncategorized
urn230cr_dplg_mage_m,Player,dao,,,,0,uncategorized
urn230cr_dplg_mage_m_e,Player,dao,,,,0,uncategorized
urn230cr_dplg_rogue_f,Player,dao,,,,0,uncategorized
urn230cr_dplg_rogue_f_d,Player,dao,,,,0,uncategorized
urn230cr_dplg_rogue_f_e,Player,dao,,,,0,uncategorized
urn230cr_dplg_rogue_m,Player,dao,,,,0,uncategorized
urn230cr_dplg_rogue_m_d,Player,dao,,,,0,uncategorized
urn230cr_dplg_rogue_m_e,Player,dao,,,,0,uncategorized
urn230cr_dplg_warrior_f,Player,dao,,,,0,uncategorized
urn230cr_dplg_warrior_f_d,Player,dao,,,,0,uncategorized
urn230cr_dplg_warrior_f_e,Player,dao,,,,0,uncategorized
urn230cr_dplg_warrior_m,Player,dao,,,,0,uncategorized
urn230cr_dplg_warrior_m_d,Player,dao,,,,0,uncategorized
urn230cr_dplg_warrior_m_e,Player,dao,,,,0,uncategorized
urn230cr_ealisay,Ealisay,dao,,,,0,uncategorized
urn230cr_guardian,Guardian,dao,,,,0,uncategorized
urn230cr_havard,Disciple Havard,dao,,,,0,uncategorized
urn230cr_hessarian,Archon Hessarian,dao,,,,0,uncategorized
urn230cr_jowan,Jowan,dao,,,,0,uncategorized
urn230cr_leliana,Leliana,dao,,,,0,uncategorized
urn230cr_leske,Leske,dao,,,,0,uncategorized
urn230cr_loghain,Loghain,dao,,,,0,uncategorized
urn230cr_maferath,General Maferath,dao,,,,0,uncategorized
urn230cr_morrigan,Morrigan,dao,,,,0,uncategorized
urn230cr_oghren,Oghren,dao,,,,0,uncategorized
urn230cr_riddle_wraith,Ash Wraith,dao,,,,0,uncategorized
urn230cr_shale,Shale,dao,,,,0,uncategorized
urn230cr_shartan,Thane Shartan,dao,,,,0,uncategorized
urn230cr_shianni,Shianni,dao,,,,0,uncategorized
urn230cr_sten,Sten,dao,,,,0,uncategorized
urn230cr_tamlen,Tamlen,dao,,,,0,uncategorized
urn230cr_trian,Prince Trian,dao,,,,0,uncategorized
urn230cr_vasilia,Lady Vasilia,dao,,,,0,uncategorized
urn230cr_wynne,Wynne,dao,,,,0,uncategorized
urn230cr_zevran,Zevran,dao,,,,0,uncategorized
urn230ip_altar,Altar,dao,,,,0,uncategorized
urn230ip_cod_bks_first_chil,Book,dao,,,,0,uncategorized
urn230ip_corpse,Unfortunate Adventurer,dao,,,,0,uncategorized
urn230ip_fire_wall,Wall of Flames,dao,,,,0,uncategorized
urn230ip_hint_statue,Inscribed Statue,dao,,,,0,uncategorized
urn230ip_invisible_blocker,Invisible Blocker,dao,,,,0,uncategorized
urn230ip_riddle_door,Metal Door,dao,metal,shield,,0,uncategorized
urn230ip_sacred_urn,Urn of Sacred Ashes,dao,,,,0,uncategorized
urn230ip_to_mountain_top,Mountaintop,dao,,,,0,uncategorized
urn230ip_to_ruined_temple,Mountaintop,dao,,,,0,uncategorized
urn230ip_vase,Vase,dao,,,,0,uncategorized
urn300cr_felsi,Felsi,dao,,,,0,uncategorized
urn300cr_inn_patron,Disgruntled Patron,dao,,,,0,uncategorized
urn300cr_innkeeper,Innkeeper,dao,,,,0,uncategorized
urn300cr_shady,Shady Patron,dao,,,,0,uncategorized
val_arm_shl_pigeon,Uncrushable Pigeon,dao,,,https://dragonage.fandom.com/wiki/Uncrushable_Pigeon,0,uncategorized
val_im_gift_chant,"The Chant of Light, Unabridged",dao,,,"https://dragonage.fandom.com/wiki/The_Chant_of_Light,_Unabridged",0,uncategorized
val_im_gift_coal,Lump of Charcoal,dao,,,https://dragonage.fandom.com/wiki/Lump_of_Charcoal,0,uncategorized
val_im_gift_mask,Orlesian Mask,dao,,,https://dragonage.fandom.com/wiki/Orlesian_Mask_(Origins),0,uncategorized
val_im_gift_muzzle,Protective Cone,dao,,,https://dragonage.fandom.com/wiki/Protective_Cone_(gift),0,uncategorized
val_im_gift_onion,Rotten Onion,dao,,,https://dragonage.fandom.com/wiki/Rotten_Onion,0,uncategorized
val_im_gift_pigeon,Uncrushable Pigeon,dao,,,https://dragonage.fandom.com/wiki/Uncrushable_Pigeon_(gift),0,uncategorized
val_im_gift_sermon,Compleat Geneaology of the Kyngs of Ferelden,dao,,,https://dragonage.fandom.com/wiki/Compleat_Geneaology_of_the_Kyngs_of_Ferelden,0,uncategorized
val_im_gift_soap,Scented Soap,dao,,,https://dragonage.fandom.com/wiki/Scented_Soap_(gift),0,uncategorized
val_im_gift_stick,Cat Lady's Hobble-Stick,dao,,,https://dragonage.fandom.com/wiki/Cat_Lady%27s_Hobble-Stick_(gift),0,uncategorized
val_im_qck_ball,Stick,dao,,,https://dragonage.fandom.com/wiki/Stick,0,uncategorized
val_im_qck_brandy,Rare Antivan Brandy,dao,,,https://dragonage.fandom.com/wiki/Rare_Antivan_Brandy,0,uncategorized
val_im_qck_doll,Alistair Doll,dao,,,https://dragonage.fandom.com/wiki/Alistair_Doll,0,uncategorized
val_im_qck_flask,Beard Flask,dao,,,https://dragonage.fandom.com/wiki/Beard_Flask,0,uncategorized
val_im_qck_horse,Grey Warden Hand Puppet,dao,,,https://dragonage.fandom.com/wiki/Grey_Warden_Hand_Puppet,0,uncategorized
val_im_qck_lute,Fat Lute,dao,,,https://dragonage.fandom.com/wiki/Fat_Lute,0,uncategorized
val_im_qck_prayer,Qunari Prayers for the Dead,dao,,,https://dragonage.fandom.com/wiki/Qunari_Prayers_for_the_Dead,0,uncategorized
val_im_qck_rock,Pet Rock,dao,,,https://dragonage.fandom.com/wiki/Pet_Rock,0,uncategorized
val_im_qck_soap,Scented Soap,dao,,,https://dragonage.fandom.com/wiki/Scented_Soap,0,uncategorized
val_ip_ball,Stick,dao,,,,0,uncategorized
val_ip_rock,Pet Rock,dao,,,,0,uncategorized
valcr_aneirin,Aneirin,dao,,,,0,uncategorized
valcr_cat,Cat,dao,,,,0,uncategorized
valcr_greagoir,Knight-Commander Greagoir,dao,,,,0,uncategorized
valcr_irving,First Enchanter Irving,dao,,,,0,uncategorized
valcr_petra,Petra,dao,,,,0,uncategorized
valcr_templar,Templar Guard,dao,,,,0,uncategorized
vgk100ar_exterior,Vigil's Keep,dao,,,,0,uncategorized
vgk100cr_amb_soldier_f,Soldier,dao,,,,0,uncategorized
vgk100cr_amb_soldier_m,Soldier,dao,,,,0,uncategorized
vgk100cr_danella_brother,Danella's Brother,dao,,,,0,uncategorized
vgk100cr_danella_father,Danella's Father,dao,,,,0,uncategorized
vgk100cr_danella_mother,Danella's Mother,dao,,,,0,uncategorized
vgk100cr_dworkin,Dworkin Glavonak,dao,,,,0,uncategorized
vgk100cr_herren,Herren,dao,,,,0,uncategorized
vgk100cr_lillith,Lillith,dao,,,,0,uncategorized
vgk100cr_maverlies,Sergeant Maverlies,dao,,,,0,uncategorized
vgk100cr_merchant,Yuriah,dao,,,,0,uncategorized
vgk100cr_patrol_f,Patrol Guard,dao,,,,0,uncategorized
vgk100cr_patrol_m,Patrol Guard,dao,,,,0,uncategorized
vgk100cr_private,Private,dao,,,,0,uncategorized
vgk100cr_riot_leader,Riot Leader,dao,,,,0,uncategorized
vgk100cr_riot_moderate,Rioter,dao,,,,0,uncategorized
vgk100cr_riot_soldier_f1,Disgruntled Soldier,dao,,,,0,uncategorized
vgk100cr_riot_soldier_f2,Disgruntled Soldier,dao,,,,0,uncategorized
vgk100cr_riot_soldier_m1,Disgruntled Soldier,dao,,,,0,uncategorized
vgk100cr_riot_soldier_m2,Disgruntled Soldier,dao,,,,0,uncategorized
vgk100cr_rioter_f1,Rioter,dao,,,,0,uncategorized
vgk100cr_rioter_f2,Rioter,dao,,,,0,uncategorized
vgk100cr_rioter_f3,Rioter,dao,,,,0,uncategorized
vgk100cr_rioter_m1,Rioter,dao,,,,0,uncategorized
vgk100cr_rioter_m2,Rioter,dao,,,,0,uncategorized
vgk100cr_rioter_m3,Rioter,dao,,,,0,uncategorized
vgk100cr_voldrik,Voldrik Glavonak,dao,,,,0,uncategorized
vgk100cr_wade,Master Wade,dao,,,,0,uncategorized
vgk100im_explsv_high_risk,Dworkin's High Explosives,dao,,,https://dragonage.fandom.com/wiki/Dworkin%27s_High_Explosives,0,uncategorized
vgk100im_explsv_moderate,Dworkin the Mad's Explosives,dao,,,https://dragonage.fandom.com/wiki/Dworkin_the_Mad%27s_Explosives,0,uncategorized
vgk100im_explsv_safe,"Dworkin's ""Safe"" Explosives",dao,,,https://dragonage.fandom.com/wiki/Dworkin%27s_%22Safe%22_Explosives,0,uncategorized
vgk100ip_anders_statue,Statue,dao,,,,0,uncategorized
vgk100ip_dragonbone,Dragonbone Rubble,dao,,,,0,uncategorized
vgk100ip_granite_deposit,Granite Deposit,dao,,,,0,uncategorized
vgk100ip_iron_ore,Iron Deposit,dao,,,,0,uncategorized
vgk100ip_lyrium_deposit,Lyrium Deposit,dao,,,,0,uncategorized
vgk100ip_silverite_ore,Silverite Deposit,dao,,,,0,uncategorized
vgk100ip_to_basement,Vigil's Keep - Basement,dao,,,,0,uncategorized
vgk100ip_to_dungeon,Vigil's Keep - Dungeon,dao,,,,0,uncategorized
vgk100ip_to_throne_room,Vigil's Keep - Throne Room,dao,,,,0,uncategorized
vgk100ip_velanna_statue,Statue,dao,,,,0,uncategorized
vgk100ip_veridium_ore,Veridium Deposit,dao,,,,0,uncategorized
vgk101ar_exterior,Vigil's Keep,dao,,,,0,uncategorized
vgk102ar_exterior,Vigil's Keep,dao,,,,0,uncategorized
vgk210ar_throne_room,Vigil's Keep - Throne Room,dao,,,,0,uncategorized
vgk210cr_alec,Alec,dao,,,,0,uncategorized
vgk210cr_danella,Danella,dao,,,,0,uncategorized
vgk210cr_derren,Ser Derren,dao,,,,0,uncategorized
vgk210cr_eddelbrek,Lord Eddelbrek,dao,,,,0,uncategorized
vgk210cr_enchanter,Ambassador Cera,dao,,,,0,uncategorized
vgk210cr_esmerelle,Bann Esmerelle,dao,,,,0,uncategorized
vgk210cr_esmerelle_crony,Ser Timothy,dao,,,,0,uncategorized
vgk210cr_fealtyf1,Lady,dao,,,,0,uncategorized
vgk210cr_fealtyf2,Lady,dao,,,,0,uncategorized
vgk210cr_fealtyf3,Lady,dao,,,,0,uncategorized
vgk210cr_fealtyf4,Lady,dao,,,,0,uncategorized
vgk210cr_fealtym1,Lord,dao,,,,0,uncategorized
vgk210cr_fealtym2,Lord,dao,,,,0,uncategorized
vgk210cr_fealtym3,Lord,dao,,,,0,uncategorized
vgk210cr_fealtym4,Lord,dao,,,,0,uncategorized
vgk210cr_garevel,Captain Garevel,dao,,,,0,uncategorized
vgk210cr_guy,Lord Guy,dao,,,,0,uncategorized
vgk210cr_guy_crony,Lady Morag,dao,,,,0,uncategorized
vgk210cr_kitten,Kitten,dao,,,,0,uncategorized
vgk210cr_liza,Lady Liza Packton,dao,,,,0,uncategorized
vgk210cr_loghain,Loghain,dao,,,,0,uncategorized
vgk210cr_messenger,Messenger,dao,,,,0,uncategorized
vgk210cr_steel_golem,Steel Golem,dao,,,,0,uncategorized
vgk210cr_tamra,Ser Tamra,dao,,,,0,uncategorized
vgk210cr_temmerly,Ser Temmerly the Ox,dao,,,,0,uncategorized
vgk210cr_temmerly_guard1,Guard,dao,,,,0,uncategorized
vgk210cr_temmerly_guard2,Guard,dao,,,,0,uncategorized
vgk210cr_varel,Seneschal Varel,dao,,,,0,uncategorized
vgk210cr_woolsey,Mistress Woolsey,dao,,,,0,uncategorized
vgk210ip_dragon_egg,Dragon Egg,dao,,,,0,uncategorized
vgk210ip_first_warden_book,Book,dao,,,,0,uncategorized
vgk210ip_justice_gift3,Books,dao,,,,0,uncategorized
vgk210ip_kristoff_chest,Kristoff's Chest,dao,,,,0,uncategorized
vgk210ip_nathaniel_portrait,Portrait of a Howe,dao,,,,0,uncategorized
vgk210ip_oghren_keg,Cask,dao,,,,0,uncategorized
vgk210ip_party_chest,Personal Storage,dao,,,,0,uncategorized
vgk210ip_sigrun_bookshelf,Bookshelf,dao,,,,0,uncategorized
vgk210ip_sigrun_gift4,Books,dao,,,,0,uncategorized
vgk210ip_to_exterior,Vigil's Keep,dao,,,,0,uncategorized
vgk210ip_to_exteriorb,Vigil's Keep,dao,,,,0,uncategorized
vgk210ip_to_exteriorc,Vigil's Keep,dao,,,,0,uncategorized
vgk210ip_vassals_book,Book,dao,,,,0,uncategorized
vgk210ip_weapon_stand,Weapon Stand,dao,,,,0,uncategorized
vgk215ar_tr_assassination,Vigil's Keep - Throne Room,dao,,,,0,uncategorized
vgk215cr_crow_assassin,Crow Assassin,dao,,,,0,uncategorized
vgk215cr_crow_bow,Crow,dao,,,,0,uncategorized
vgk215cr_crow_dual,Crow,dao,,,,0,uncategorized
vgk215cr_derren,Ser Derren,dao,,,,0,uncategorized
vgk215cr_esmerelle,Bann Esmerelle,dao,,,,0,uncategorized
vgk215cr_esmerelle_crony,Ser Timothy,dao,,,,0,uncategorized
vgk215cr_guy,Lord Guy,dao,,,,0,uncategorized
vgk215cr_guy_crony,Lady Morag,dao,,,,0,uncategorized
vgk215cr_liza,Lady Liza Packton,dao,,,,0,uncategorized
vgk215cr_temmerly,Ser Temmerly the Ox,dao,,,,0,uncategorized
vgk215ip_to_exterior,Vigil's Keep,dao,,,,0,uncategorized
vgk215ip_to_exteriorb,Vigil's Keep,dao,,,,0,uncategorized
vgk215ip_to_exteriorc,Vigil's Keep,dao,,,,0,uncategorized
vgk220ar_dungeon,Vigil's Keep - Dungeon,dao,,,,0,uncategorized
vgk220cr_cell_guard,Cell Guard,dao,,,,0,uncategorized
vgk220ip_nathaniel_gear,Prisoner's Effects,dao,,,,0,uncategorized
vgk220ip_nathaniel_jail,Cell Door,dao,,,,0,uncategorized
vgk220ip_sigrun_gift5,Supplies,dao,,,,0,uncategorized
vgk220ip_to_exterior,Vigil's Keep,dao,,,,0,uncategorized
vgk220ip_to_exteriorb,Vigil's Keep,dao,,,,0,uncategorized
vgk220ip_to_exteriorc,Vigil's Keep,dao,,,,0,uncategorized
vgk310ar_upper,Vigil's Keep - Basement,dao,,,,0,uncategorized
vgk310cr_avvar_lord_a,Avvar Lord,dao,,,,0,uncategorized
vgk310cr_avvar_lord_b,Avvar Lord,dao,,,,0,uncategorized
vgk310cr_avvar_lord_c,Avvar Lord,dao,,,,0,uncategorized
vgk310cr_dog,Mabari,dao,,,,0,uncategorized
vgk310cr_ghoul_jail_a,Prisoner Ghoul,dao,,,,0,uncategorized
vgk310cr_ghoul_jail_b,Prisoner Ghoul,dao,,,,0,uncategorized
vgk310cr_ghoul_jail_c,Prisoner Ghoul,dao,,,,0,uncategorized
vgk310cr_ghoul_jail_d,Prisoner Ghoul,dao,,,,0,uncategorized
vgk310cr_ghoul_jail_e,Prisoner Ghoul,dao,,,,0,uncategorized
vgk310cr_ghoul_jail_f,Prisoner Ghoul,dao,,,,0,uncategorized
vgk310cr_lootguards_a,Hurlock,dao,,,,0,uncategorized
vgk310cr_lootguards_b,Hurlock Emissary,dao,,,,0,uncategorized
vgk310cr_prisoner_a,Prisoner,dao,,,,0,uncategorized
vgk310cr_prisoner_b,Prisoner,dao,,,,0,uncategorized
vgk310cr_prisoner_c,Prisoner,dao,,,,0,uncategorized
vgk310cr_shriek,Shriek,dao,,,,0,uncategorized
vgk310cr_shriek_alpha,Shriek Alpha,dao,,,,0,uncategorized
vgk310cr_skel,Avvar Skeleton,dao,,,,0,uncategorized
vgk310cr_skel_archer,Skeleton Archer,dao,,,,0,uncategorized
vgk310cr_witchwraith_cl,The Dark Theurge,dao,,,,0,uncategorized
vgk310cr_worker_a,Worker,dao,,,,0,uncategorized
vgk310cr_worker_b,Worker,dao,,,,0,uncategorized
vgk310im_adria_note,Note from Adria,dao,,,,0,uncategorized
vgk310ip_anders_gift2,Knight,dao,,,,0,uncategorized
vgk310ip_bookcase,Book,dao,,,,0,uncategorized
vgk310ip_bookcase_door,Bookshelf,dao,,,,0,uncategorized
vgk310ip_chest_chantry,Chest,dao,,,,0,uncategorized
vgk310ip_chest_prison_a,Chest,dao,,,,0,uncategorized
vgk310ip_coffin_c,Avvar Sarcophagus,dao,,,,0,uncategorized
vgk310ip_coffin_deep_a,Avvar Sarcophagus,dao,,,,0,uncategorized
vgk310ip_coffin_deep_b,Avvar Sarcophagus,dao,,,,0,uncategorized
vgk310ip_coffin_deep_c,Avvar Sarcophagus,dao,,,,0,uncategorized
vgk310ip_crate_a,Crate,dao,,,,0,uncategorized
vgk310ip_door_crypt,Crypt Door,dao,,,,0,uncategorized
vgk310ip_door_crypt_a,Metal Door,dao,metal,shield,,0,uncategorized
vgk310ip_door_to_keep,Vigil's Keep,dao,,,,0,uncategorized
vgk310ip_ds_body_1,Darkspawn Corpse,dao,,,,0,uncategorized
vgk310ip_howe_family_book,Book,dao,,,,0,uncategorized
vgk310ip_howe_letter_1,Letter,dao,,,,0,uncategorized
vgk310ip_howe_letter_2,Letter,dao,,,,0,uncategorized
vgk310ip_info_crypt,Crypt Statue,dao,,,,0,uncategorized
vgk310ip_info_dcrypt,Crypt Statue,dao,,,,0,uncategorized
vgk310ip_info_warrior,Warrior Statue,dao,,,,0,uncategorized
vgk310ip_nathaniel_bow,Sack,dao,,,,0,uncategorized
vgk310ip_nathaniel_gift1,Howe Correspondence,dao,,,,0,uncategorized
vgk310ip_oghren_gift4,Crate,dao,,,,0,uncategorized
vgk310ip_rubble,Rubble,dao,,,,0,uncategorized
vgk310ip_soldier_body,Soldier Corpse,dao,,,,0,uncategorized
vgk310ip_statue_andraste,Shrine to Andraste,dao,,,,0,uncategorized
vgk310ip_torch,Torch,dao,,,,0,uncategorized
vgk310ip_trans_vgk320_a,Vigil's Keep - Deep Roads,dao,,,,0,uncategorized
vgk310ip_wine_rack_a,Wine Rack,dao,,,,0,uncategorized
vgk320cr_ghoul_a,Ravenous Ghoul,dao,,,,0,uncategorized
vgk320cr_ghoul_adria,Adria the Ghoul,dao,,,,0,uncategorized
vgk320cr_ghoul_b,Ravenous Ghoul,dao,,,,0,uncategorized
vgk320cr_ghoul_c,Ravenous Ghoul,dao,,,,0,uncategorized
vgk320cr_ghoul_d,Ravenous Ghoul,dao,,,,0,uncategorized
vgk320ip_coffin_a,Avvar Sarcophagus,dao,,,,0,uncategorized
vgk320ip_coffin_b,Avvar Sarcophagus,dao,,,,0,uncategorized
vgk320ip_mural_a,Mural,dao,,,,0,uncategorized
vgk320ip_puzzle_piece_a,Keyhole - Korth,dao,,,,0,uncategorized
vgk320ip_puzzle_piece_b,Keyhole - Haakon,dao,,,,0,uncategorized
vgk320ip_puzzle_piece_c,Keyhole - The Lady,dao,,,,0,uncategorized
vgk320ip_puzzle_piece_d,Keyhole - Kiveal,dao,,,,0,uncategorized
vgk320ip_trapdoor_container,Trapdoor,dao,,,,0,uncategorized
vgk330ar_deeproads,Vigil's Keep - Deep Roads,dao,,,,0,uncategorized
vgk330cr_gl_dagger,Genlock,dao,,,,0,uncategorized
vgk330cr_gl_mace,Genlock,dao,,,,0,uncategorized
vgk330cr_gl_sbow,Genlock,dao,,,,0,uncategorized
vgk330cr_gle_def,Genlock Emissary,dao,,,,0,uncategorized
vgk330cr_golem_steel,Steel Golem,dao,,,,0,uncategorized
vgk330cr_hexskel_a,Skeleton,dao,,,,0,uncategorized
vgk330cr_hexskel_b,Skeleton,dao,,,,0,uncategorized
vgk330cr_hl_axe,Hurlock,dao,,,,0,uncategorized
vgk330cr_hl_lbow,Hurlock,dao,,,,0,uncategorized
vgk330cr_hl_lsword,Hurlock,dao,,,,0,uncategorized
vgk330cr_hl_mace,Hurlock,dao,,,,0,uncategorized
vgk330cr_hle_bal,Hurlock Emissary,dao,,,,0,uncategorized
vgk330cr_ogre_ghost,Possessed Ogre Commander,dao,,,,0,uncategorized
vgk330cr_ogreboss,Ogre Commander,dao,,,,0,uncategorized
vgk330cr_witchwraith,The Dark Theurge,dao,,,,0,uncategorized
vgk330cr_witchwraith_cl_a,The Dark Theurge,dao,,,,0,uncategorized
vgk330ip_barrierdoor_switch,Mechanism,dao,,,,0,uncategorized
vgk330ip_body_gatekeeper,Old Bones,dao,,,,0,uncategorized
vgk330ip_container_key,Chest,dao,,,,0,uncategorized
vgk330ip_corpse_ckey,Darkspawn Corpse,dao,,,,0,uncategorized
vgk330ip_gate,Gate,dao,,,,0,uncategorized
vgk330ip_gemvien_a,Gem Cluster,dao,,,,0,uncategorized
vgk330ip_gemvien_b,Gem Cluster,dao,,,,0,uncategorized
vgk330ip_info_dwarves,Old Book,dao,,,,0,uncategorized
vgk330ip_info_gate,Plaque,dao,,,,0,uncategorized
vgk330ip_info_hex,Warrior Statue,dao,,,,0,uncategorized
vgk330ip_korth_altar,Altar,dao,,,,0,uncategorized
vgk330ip_korth_axe,Magical Axe,dao,,,,0,uncategorized
vgk330ip_korth_body,Darkspawn Corpse,dao,,,,0,uncategorized
vgk330ip_portcullis,Portcullis,dao,,,,0,uncategorized
vgk330ip_portcullis_fake,Portcullis,dao,,,,0,uncategorized
vgk330ip_runestone,Plaque,dao,,,,0,uncategorized
vgk330ip_trans_vgk310_a,Vigil's Keep - Basement,dao,,,,0,uncategorized
vgk330ip_trapdoor_a,Trapdoor,dao,,,,0,uncategorized
vgk330ip_urn_a,Urn,dao,,,,0,uncategorized
vgk330ip_urn_wraith_a,Urn,dao,,,,0,uncategorized
vgk330ip_urn_wraith_b,Urn,dao,,,,0,uncategorized
vgk330ip_urn_wraith_c,Urn,dao,,,,0,uncategorized
vgk330ip_urn_wraith_d,Urn,dao,,,,0,uncategorized
vgk330ip_velanna_gift4,Rocks,dao,,,,0,uncategorized
vgk330ip_wraith_cannon,Strange Apparatus,dao,,,,0,uncategorized
vgk400ar_siege_ext_a,Vigil's Keep,dao,,,,0,uncategorized
vgk400cr_amb_archer,Vigil's Keep Defender,dao,,,,0,uncategorized
vgk400cr_army_knight_a,Vigil's Keep Knight,dao,,,,0,uncategorized
vgk400cr_army_knight_b,Vigil's Keep Knight,dao,,,,0,uncategorized
vgk400cr_army_noble_a,Noble Warrior,dao,,,,0,uncategorized
vgk400cr_army_noble_b,Noble Rogue,dao,,,,0,uncategorized
vgk400cr_army_rogue_a,Vigil's Keep Rogue,dao,,,,0,uncategorized
vgk400cr_army_rogue_b,Vigil's Keep Rogue,dao,,,,0,uncategorized
vgk400cr_bombardier,Dworkin Glavonak,dao,,,,0,uncategorized
vgk400cr_children_food_a,Vigil's Keep Defender,dao,,,,0,uncategorized
vgk400cr_children_food_b,Vigil's Keep Defender,dao,,,,0,uncategorized
vgk400cr_derren,Ser Derren,dao,,,,0,uncategorized
vgk400cr_garevel,Captain Garevel,dao,,,,0,uncategorized
vgk400cr_herald,The Herald,dao,,,,0,uncategorized
vgk400cr_herald_dead,The Herald,dao,,,,0,uncategorized
vgk400cr_keep_defender_a_v1,Vigil's Keep Defender,dao,,,,0,uncategorized
vgk400cr_keep_defender_a_v2,Vigil's Keep Defender,dao,,,,0,uncategorized
vgk400cr_keep_defender_b_v1,Vigil's Keep Defender,dao,,,,0,uncategorized
vgk400cr_keep_defender_b_v2,Vigil's Keep Defender,dao,,,,0,uncategorized
vgk400cr_medic,Keep Medic,dao,,,,0,uncategorized
vgk400cr_shouts_a,Vigil's Keep Defender,dao,,,,0,uncategorized
vgk400cr_shouts_b,Vigil's Keep Defender,dao,,,,0,uncategorized
vgk400cr_shouts_c,Vigil's Keep Defender,dao,,,,0,uncategorized
vgk400cr_sniper,Jacen,dao,,,,0,uncategorized
vgk400cr_varel,Seneschal Varel,dao,,,,0,uncategorized
vgk500ar_siege_ext_b,Vigil's Keep,dao,,,,0,uncategorized
war_dog_a,War Dog,dao,,,,0,uncategorized
war_dog_b,War Dog,dao,,,,0,uncategorized
werewolf_a,Werewolf,dao,,,,0,uncategorized
werewolf_core,Werewolf,dao,,,,0,uncategorized
werewolf_leader,Werewolf,dao,,,,0,uncategorized
werewolf_rabid,Rabid Werewolf,dao,,,,0,uncategorized
werewolf_shadow,Shadow Wolf,dao,,,,0,uncategorized
wild_sylvan_charred,Charred Sylvan,dao,,,,0,uncategorized
wild_sylvan_core,Wild Sylvan,dao,,,,0,uncategorized
wisp,Wisp,dao,,,,0,uncategorized
wmt_camp_arch3_exit,World Map,dao,,,,0,uncategorized
wmt_camp_exit,World Map,dao,,,,0,uncategorized
wmt_cli_city_gates,Exit City Gates,dao,,,,0,uncategorized
wmt_cli_generic,City Map,dao,,,,0,uncategorized
wmt_cli_generic_doors,City Map,dao,,,,0,uncategorized
wmt_cli_to_fort,Fort Drakon,dao,,,,0,uncategorized
wmt_cli_to_market,Market District,dao,,,,0,uncategorized
wmt_drk_generic,Exit,dao,,,,0,uncategorized
wmt_rand_enc_text_blocker,Return Path,dao,,,,0,uncategorized
wmt_rand_encounter_exit,World Map,dao,,,,0,uncategorized
wmt_und_cc_to_ortan,Ortan Thaig,dao,,,,0,uncategorized
wmt_und_cc_to_ruined,Aeducan Thaig,dao,,,,0,uncategorized
wmt_und_cc_to_trenches,Dead Trenches,dao,,,,0,uncategorized
wmt_und_generic,Deep Roads,dao,,,,0,uncategorized
wmt_und_orzammar_commons,Deep Roads,dao,,,,0,uncategorized
wmt_und_ruined_to_outskirts,Deep Roads,dao,,,,0,uncategorized
wmt_und_trenches_to_anvil,Anvil of the Void,dao,,,,0,uncategorized
wmt_wow_dalish_to_forest,Brecilian Forest,dao,,,,0,uncategorized
wmt_wow_dalish_to_lot,World Map,dao,,,,0,uncategorized
wmt_wow_docks_to_red,Redcliffe Village,dao,,,,0,uncategorized
wmt_wow_elf_ruins_exit,Brecilian Forest,dao,,,,0,uncategorized
wmt_wow_generic,World Map,dao,,,,0,uncategorized
wmt_wow_lothering_east,The Brecilian Forest,dao,,,,0,uncategorized
wmt_wow_lothering_north,The Bannorn,dao,,,,0,uncategorized
wmt_wow_lothering_south,The Wilds,dao,,,,0,uncategorized
wmt_wow_lothering_west,Redcliffe Village,dao,,,,0,uncategorized
wmt_wow_orz_to_red,World Map,dao,,,,0,uncategorized
wmt_wow_red_to_docks,Lake Calenhad,dao,,,,0,uncategorized
wmt_wow_red_to_orz,Mountain Pass,dao,,,,0,uncategorized
wolf_a,Wolf,dao,,,,0,uncategorized
wolf_blight,Blight Wolf,dao,,,,0,uncategorized
wolf_blight_a,Blight Wolf,dao,,,,0,uncategorized
wrd100ip_to_broodmother,Door,dao,,,,0,uncategorized
wrd110cr_allison,Allison,dao,,,,0,uncategorized
wrd110cr_barlin,Barlin,dao,,,,0,uncategorized
wrd110cr_miriam,Elder Miriam,dao,,,,0,uncategorized
wrd_dencr_justine,Sister Justine,dao,,,,0,uncategorized
zz_banter_cailan,kcc_party_ostagar,dao,,,,0,uncategorized
zz_banter_cailan2,kcc_ostagar_narrative,dao,,,,0,uncategorized
zz_banter_debugger,Banter Debugger,dao,,,,0,uncategorized
zz_bdc100cr_debug,Dwarf Commoner Debug,dao,,,,0,uncategorized
zz_bdn100cr_lesser_noble,Lesser Noble,dao,,,,0,uncategorized
zz_bedcr000_debug,Dalish Elf Debugger,dao,,,,0,uncategorized
zz_char_creation,Character Creation,dao,,,,0,uncategorized
zz_chest_sign,Road Sign,dao,,,,0,uncategorized
zz_chest_test,Chest,dao,,,,0,uncategorized
zz_crystal_container,Shale's Crystals - Balance Reference Items,dao,,,,0,uncategorized
zz_crystal_container_00,Shale's Fire Crystals,dao,,,,0,uncategorized
zz_crystal_container_01,Shale's Ice Crystals,dao,,,,0,uncategorized
zz_crystal_container_02,Shale's Lightning Crystals,dao,,,,0,uncategorized
zz_crystal_container_03,Shale's Nature Crystals,dao,,,,0,uncategorized
zz_crystal_container_04,Shale's Spirit Crystals,dao,,,,0,uncategorized
zz_crystal_container_05,Shale's Gifts,dao,,,,0,uncategorized
zz_cutscene_roof_top,Fort Drakon - Roof,dao,,,,0,uncategorized
zz_debug_background,CLICK HERE SECOND - Character Set Up,dao,,,,0,uncategorized
zz_debug_post,COME HERE,dao,,,,0,uncategorized
zz_den200_market_cutscene,Denerim Market District,dao,,,,0,uncategorized
zz_e3_camp_chest,Chest,dao,,,,0,uncategorized
zz_gxa000cr_debug_dude,Debug Dude,dao,,,,0,uncategorized
zz_gxa000ip_equipment_chest,Equipment_Chest,dao,,,,0,uncategorized
zz_gxa000ip_gear_fighter,Fighter_Gear,dao,,,,0,uncategorized
zz_gxa000ip_gear_mag,Expansion_Mage_Gear,dao,,,,0,uncategorized
zz_gxa000ip_gear_mage,Mage_Gear,dao,,,,0,uncategorized
zz_gxa000ip_gear_rog,Expansion_Rogue_Generic_Gear,dao,,,,0,uncategorized
zz_gxa000ip_gear_rogue,Rogue_Gear,dao,,,,0,uncategorized
zz_gxa000ip_gear_war,Expansion_Warrior_Gear,dao,,,,0,uncategorized
zz_gxa000ip_recipes,Crafting_Test_Chest,dao,,,,0,uncategorized
zz_gxa000ip_spec_chest,Specialization_Test_Chest,dao,,,,0,uncategorized
zz_gxa_art_test_area,Art Test Area,dao,,,,0,uncategorized
zz_gxa_enchantment_table,Enchantment_Test_Table,dao,,,,0,uncategorized
zz_gxa_itemtestchest,Item_Test_Chest,dao,,,,0,uncategorized
zz_gxa_itemtestchest_cft,Crafting_Test_Chest,dao,,,,0,uncategorized
zz_gxa_itemtestchest_run,Rune_Test_Chest,dao,,,,0,uncategorized
zz_gxaip_art_test_area,Pull_to_Attack,dao,,,,0,uncategorized
zz_hnoble_night_cutscene,Castle Cousland,dao,,,,0,uncategorized
zz_kcc_items,Chest,dao,,,,0,uncategorized
zz_lot100im_telmanes_key,Telmanes' Key,dao,,,,0,uncategorized
zz_lot105im_bear_organs,Diseased Bear Organs,dao,,,,0,uncategorized
zz_lot105im_spider_organs,Diseased Spider Organs,dao,,,,0,uncategorized
zz_lot105im_wolf_organs,Diseased Wolf Organs,dao,,,,0,uncategorized
zz_mtn_debug,Mountain Pass Debugger,dao,,,,0,uncategorized
zz_oghren_debug,Oghren Debug,dao,,,,0,uncategorized
zz_orz100im_imrek_letter,Imrek's Letter for Bhelen,dao,,,,0,uncategorized
zz_orz530im_branka_journal,Branka's Journal,dao,,,,0,uncategorized
zz_orz560ar_shale_taig,Cadash Thaig,dao,,,,0,uncategorized
zz_orz570ar_deeproad_outskt,Deep Road Outskirts,dao,,,,0,uncategorized
zz_pc_warrior_for_clu,Ser Gilmore,dao,,,,0,uncategorized
zz_prc_items,Chest,dao,,,,0,uncategorized
zz_pre_vfx_test,Ancient Obelisk,dao,,,,0,uncategorized
zz_redcliffe_day_cutscene,Redcliffe,dao,,,,0,uncategorized
zz_shale_combat_dummy,Combat Dummy,dao,,,,0,uncategorized
zz_shale_debug,Shale Plot Debugger,dao,,,,0,uncategorized
zz_shl_wpn_balance_00,Shale's Weapon Balance 00,dao,,,,0,uncategorized
zz_shl_wpn_balance_01,Shale's Weapon Balance 01,dao,,,,0,uncategorized
zz_shl_wpn_balance_02,Shale's Weapon Balance 02,dao,,,,0,uncategorized
zz_shl_wpn_balance_03,Shale's Weapon Balance 03,dao,,,,0,uncategorized
zz_shl_wpn_balance_04,Shale's Weapon Balance 04,dao,,,,0,uncategorized
zz_shl_wpn_balance_05,Shale's Weapon Balance 05,dao,,,,0,uncategorized
zz_shl_wpn_balance_06,Shale's Weapon Balance 06,dao,,,,0,uncategorized
zz_test_container,Fractured Stone,dao,,,,0,uncategorized
zz_test_gift,Test Gift,dao,,,,0,uncategorized
zz_test_restrict2,Test Dagger,dao,,,,0,uncategorized
zz_urn000ip_to_genitivis,Genitivi's Home,dao,,,,0,uncategorized
zz_urn000ip_to_village,To Haven Village,dao,,,,0,uncategorized
zz_urn220cr_dragon,High Dragon,dao,,,,0,uncategorized
zz_vgk100ip_job_board,Mystery_Job_Board,dao,,,,0,uncategorized
zz_vgk320ip_puzchest,DEBUG_PUZZLE_CHEST,dao,,,,0,uncategorized
gen_im_cweapon_spider,Spider Fang,dao,,,,0,unusable_enemy_weapons
gen_im_cweapon_spider_nat,Poisonous Spider Fang,dao,,,,0,unusable_enemy_weapons
gen_im_cweapon_tentacle,Tentacle,dao,,,,0,unusable_enemy_weapons
bdn120cr_harrowmont,Lord Harrowmont,dao,,,,1,weapons.arrows_bolts
bdn200ip_ballista_barrel,Barrel of Ballista Bolts,dao,,,,1,weapons.arrows_bolts
bhm400ip_to_level_5,Harrowing Chamber,dao,,,,1,weapons.arrows_bolts
bhm500ar_tower_harrowing,Harrowing Chamber,dao,,,,1,weapons.arrows_bolts
bhm600ar_fade_harrowing,The Fade,dao,,,,1,weapons.arrows_bolts
bhm600ip_harrowing,Creepy Scarecrow,dao,,,,1,weapons.arrows_bolts
cir200ip_bc_harrowing,Note,dao,,,,1,weapons.arrows_bolts
cir230ip_to_harrowing,Harrowing Chamber,dao,,,,1,weapons.arrows_bolts
cir240ar_tower_harrowing,Harrowing Chamber,dao,,,,1,weapons.arrows_bolts
cs_arrow,Arrow,dao,,,,1,weapons.arrows_bolts
den911ar_narrow_1,Back Alley,dao,,,,1,weapons.arrows_bolts
den912ar_narrow_2,Back Alley,dao,,,,1,weapons.arrows_bolts
gen_im_arrow,Arrow,dao,,,,1,weapons.arrows_bolts
gen_im_arrow_flame,Flame Arrow,dao,,,,1,weapons.arrows_bolts
gen_im_arrowds_a,Arrow,dao,,,,1,weapons.arrows_bolts
gen_im_bolt,Bolt,dao,,,,1,weapons.arrows_bolts
gen_im_wep_rng_amm_and,Andraste's Arrows,dao,metal,weapon,https://dragonage.fandom.com/wiki/Andraste%27s_Arrows,1,weapons.arrows_bolts
gen_im_wep_rng_amm_elf,Elf-Flight Arrow,dao,metal,weapon,https://dragonage.fandom.com/wiki/Elf-Flight_Arrow,1,weapons.arrows_bolts
gen_im_wep_rng_amm_exp,Explosive Bolt,dao,metal,weapon,https://dragonage.fandom.com/wiki/Explosive_Bolt,1,weapons.arrows_bolts
gen_im_wep_rng_amm_far,Fire Arrow,dao,metal,weapon,https://dragonage.fandom.com/wiki/Fire_Arrow,1,weapons.arrows_bolts
gen_im_wep_rng_amm_fbl,Fire Bolt,dao,metal,weapon,https://dragonage.fandom.com/wiki/Fire_Bolt,1,weapons.arrows_bolts
gen_im_wep_rng_amm_fil,Arrow of Filth,dao,metal,weapon,https://dragonage.fandom.com/wiki/Arrow_of_Filth,1,weapons.arrows_bolts
gen_im_wep_rng_amm_iar,Ice Arrow,dao,metal,weapon,https://dragonage.fandom.com/wiki/Ice_Arrow,1,weapons.arrows_bolts
gen_im_wep_rng_amm_ibl,Ice Bolt,dao,metal,weapon,https://dragonage.fandom.com/wiki/Ice_Bolt,1,weapons.arrows_bolts
gen_im_wep_rng_amm_knk,Knockback Bolt,dao,metal,weapon,https://dragonage.fandom.com/wiki/Knockback_Bolt,1,weapons.arrows_bolts
gen_im_wep_rng_amm_sur,Sureshot Bolt,dao,metal,weapon,https://dragonage.fandom.com/wiki/Sureshot_Bolt,1,weapons.arrows_bolts
lite_orz_harrow_guard,Harrowmont Guard,dao,,,,1,weapons.arrows_bolts
orz200cr_proharrowguard,Orzammar Guard,dao,,,,1,weapons.arrows_bolts
orz300cr_crier_harrowmont,Orzammar Crier,dao,,,,1,weapons.arrows_bolts
orz300cr_harrowsupporter1,Harrowmont Supporter,dao,,,,1,weapons.arrows_bolts
orz300cr_harrowsupporter2,Harrowmont Supporter,dao,,,,1,weapons.arrows_bolts
orz300ip_to_harrowmnt,Harrowmont's Estate,dao,,,,1,weapons.arrows_bolts
orz330ar_harrowmonts_estate,Harrowmont's Estate,dao,,,,1,weapons.arrows_bolts
orz330cr_harrowguard,Harrowmont Guard,dao,,,,1,weapons.arrows_bolts
orz330cr_harrowmont,Harrowmont,dao,,,,1,weapons.arrows_bolts
orz330ip_harrow_door,Harrowmont's Study,dao,,,,1,weapons.arrows_bolts
orzcr_harrow_fanatic_1,Harrowmont Fanatic,dao,,,,1,weapons.arrows_bolts
orzcr_harrow_fanatic_2,Harrowmont Fanatic,dao,,,,1,weapons.arrows_bolts
orzcr_harrow_fanatic_3,Harrowmont Fanatic,dao,,,,1,weapons.arrows_bolts
orzcr_harrow_fanatic_4,Harrowmont Fanatic,dao,,,,1,weapons.arrows_bolts
orzcr_harrow_fanatic_5,Harrowmont Fanatic,dao,,,,1,weapons.arrows_bolts
ran800ar_hw_cir_templars,Narrow Road,dao,,,,1,weapons.arrows_bolts
urn200ip_arrowtrap,Tripwire,dao,,,,1,weapons.arrows_bolts
zz_lel500ip_arrowpoint,Shoot an Arrow at Raleigh,dao,,,,1,weapons.arrows_bolts
drk_im_wep_mel_bax_drk,Darkspawn Battleaxe,dao,metal,weapon,https://dragonage.fandom.com/wiki/Darkspawn_Battleaxe,0,weapons.battleaxes
gen_im_wep_mel_bax_bar,Barbarian Axe,dao,metal,weapon,https://dragonage.fandom.com/wiki/Barbarian_Axe,0,weapons.battleaxes
gen_im_wep_mel_bax_bax,Battleaxe,dao,metal,weapon,https://dragonage.fandom.com/wiki/Battleaxe,0,weapons.battleaxes
gen_im_wep_mel_bax_crt,Maetashear War Axe,dao,metal,weapon,https://dragonage.fandom.com/wiki/Maetashear_War_Axe,0,weapons.battleaxes
gen_im_wep_mel_bax_dal,Dal'Thanaan,dao,metal,weapon,https://dragonage.fandom.com/wiki/Dal%27Thanaan,0,weapons.battleaxes
gen_im_wep_mel_bax_drk,Darkspawn Battleaxe,dao,metal,weapon,https://dragonage.fandom.com/wiki/Darkspawn_Battleaxe_(Origins),0,weapons.battleaxes
gen_im_wep_mel_bax_grf,Griffon's Beak,dao,metal,weapon,https://dragonage.fandom.com/wiki/Griffon%27s_Beak,0,weapons.battleaxes
gen_im_wep_mel_bax_mgc,Faith's Edge,dao,metal,weapon,https://dragonage.fandom.com/wiki/Faith%27s_Edge,0,weapons.battleaxes
gen_im_wep_mel_bax_vas,Axe of the Vashoth,dao,metal,weapon,https://dragonage.fandom.com/wiki/Axe_of_the_Vashoth,0,weapons.battleaxes
prc_im_reward1,Dragonbone Cleaver,dao,,,https://dragonage.fandom.com/wiki/Dragonbone_Cleaver_(Origins),0,weapons.battleaxes
drk_im_wep_rng_cbw_drk,Darkspawn Crossbow,dao,wood,shield,https://dragonage.fandom.com/wiki/Darkspawn_Crossbow,0,weapons.crossbows
gen_im_wep_rng_cbw_ant,Antivan Crossbow,dao,wood,shield,https://dragonage.fandom.com/wiki/Antivan_Crossbow,0,weapons.crossbows
gen_im_wep_rng_cbw_ap1,Precision-Geared Recurve,dao,wood,shield,https://dragonage.fandom.com/wiki/Precision-Geared_Recurve,0,weapons.crossbows
gen_im_wep_rng_cbw_cbw,Crossbow,dao,wood,shield,https://dragonage.fandom.com/wiki/Crossbow,0,weapons.crossbows
gen_im_wep_rng_cbw_drk,Darkspawn Crossbow,dao,wood,shield,https://dragonage.fandom.com/wiki/Darkspawn_Crossbow_(Origins),0,weapons.crossbows
gen_im_wep_rng_cbw_dus,Nugbane,dao,wood,shield,https://dragonage.fandom.com/wiki/Nugbane,0,weapons.crossbows
gen_im_wep_rng_cbw_dwv,Dwarven Defender,dao,wood,shield,https://dragonage.fandom.com/wiki/Dwarven_Defender,0,weapons.crossbows
gen_im_wep_rng_cbw_imp,Imperium Crossbow,dao,wood,shield,https://dragonage.fandom.com/wiki/Imperium_Crossbow,0,weapons.crossbows
gen_im_wep_rng_cbw_slr,Sailor's Crossbow,dao,wood,shield,https://dragonage.fandom.com/wiki/Sailor%27s_Crossbow,0,weapons.crossbows
gwb_im_wep_rng_cbw_sge,Antique Warden Crossbow,dao,wood,shield,https://dragonage.fandom.com/wiki/Antique_Warden_Crossbow,0,weapons.crossbows
drk_im_wep_mel_dag_drk,Darkspawn Dagger,dao,metal,weapon,https://dragonage.fandom.com/wiki/Darkspawn_Dagger_(Darkspawn_Chronicles),0,weapons.daggers
gen_im_wep_mel_dag_crw,Crow Dagger,dao,metal,weapon,https://dragonage.fandom.com/wiki/Crow_Dagger,0,weapons.daggers
gen_im_wep_mel_dag_dag,Dagger,dao,metal,weapon,https://dragonage.fandom.com/wiki/Dagger_(Origins),0,weapons.daggers
gen_im_wep_mel_dag_dar,Dar'Misu,dao,metal,weapon,https://dragonage.fandom.com/wiki/Dar%27Misu,0,weapons.daggers
gen_im_wep_mel_dag_drk,Darkspawn Dagger,dao,metal,weapon,https://dragonage.fandom.com/wiki/Darkspawn_Dagger_(Origins),0,weapons.daggers
gen_im_wep_mel_dag_enc,Enchanted Dagger,dao,metal,weapon,https://dragonage.fandom.com/wiki/Enchanted_Dagger_(Origins),0,weapons.daggers
gen_im_wep_mel_dag_fng,Fang,dao,metal,weapon,https://dragonage.fandom.com/wiki/Fang,0,weapons.daggers
gen_im_wep_mel_dag_gry,Gift of the Grey,dao,metal,weapon,https://dragonage.fandom.com/wiki/Gift_of_the_Grey,0,weapons.daggers
gen_im_wep_mel_dag_nob,Noble's Dagger,dao,metal,weapon,https://dragonage.fandom.com/wiki/Noble%27s_Dagger,0,weapons.daggers
gen_im_wep_mel_dag_qun,Beastman's Dagger,dao,metal,weapon,https://dragonage.fandom.com/wiki/Beastman%27s_Dagger,0,weapons.daggers
gen_im_wep_mel_dag_ros,The Rose's Thorn,dao,metal,weapon,https://dragonage.fandom.com/wiki/The_Rose%27s_Thorn,0,weapons.daggers
gen_im_wep_mel_dag_thh,Thorn of the Dead Gods,dao,metal,weapon,https://dragonage.fandom.com/wiki/Thorn_of_the_Dead_Gods,0,weapons.daggers
gen_im_wep_mel_dag_thn,Thorn of the Dead Gods,dao,metal,weapon,https://dragonage.fandom.com/wiki/Thorn_of_the_Dead_Gods,0,weapons.daggers
gen_im_wep_mel_dag_ths,Thorn of the Dead Gods,dao,metal,weapon,https://dragonage.fandom.com/wiki/Thorn_of_the_Dead_Gods,0,weapons.daggers
gen_im_wep_mel_dag_var,Varathorn's Dar'Misu,dao,metal,weapon,https://dragonage.fandom.com/wiki/Varathorn%27s_Dar%27Misu,0,weapons.daggers
kcc_im_wep_mel_dag_dun,Duncan's Dagger,dao,metal,weapon,https://dragonage.fandom.com/wiki/Duncan%27s_Dagger,0,weapons.daggers
lel_im_wep_mel_dag_gry2,Young Grey Brand,dao,metal,weapon,,0,weapons.daggers
drk_im_wep_mel_gsw_drk,Darkspawn Greatsword,dao,metal,weapon,https://dragonage.fandom.com/wiki/Darkspawn_Greatsword,0,weapons.greatswords
gen_im_wep_mel_gsw_drk,Darkspawn Greatsword,dao,metal,weapon,https://dragonage.fandom.com/wiki/Darkspawn_Greatsword_(Origins),0,weapons.greatswords
gen_im_wep_mel_gsw_gsw,Greatsword,dao,metal,weapon,https://dragonage.fandom.com/wiki/Greatsword,0,weapons.greatswords
gen_im_wep_mel_gsw_jor,Balanced Greatsword,dao,metal,weapon,https://dragonage.fandom.com/wiki/Balanced_Greatsword,0,weapons.greatswords
gen_im_wep_mel_gsw_met,Meteor Sword,dao,metal,weapon,https://dragonage.fandom.com/wiki/Meteor_Sword,0,weapons.greatswords
gen_im_wep_mel_gsw_mg1,Magic Greatsword,dao,metal,weapon,https://dragonage.fandom.com/wiki/Magic_Greatsword,0,weapons.greatswords
gen_im_wep_mel_gsw_mg2,Chasind Flatblade,dao,metal,weapon,https://dragonage.fandom.com/wiki/Chasind_Flatblade,0,weapons.greatswords
gen_im_wep_mel_gsw_orn,Ornamental Sword,dao,metal,weapon,https://dragonage.fandom.com/wiki/Ornamental_Sword,0,weapons.greatswords
gen_im_wep_mel_gsw_qun,Qunari Sword,dao,metal,weapon,https://dragonage.fandom.com/wiki/Qunari_Sword,0,weapons.greatswords
gen_im_wep_mel_gsw_shp,Shaperate's Blessing,dao,metal,weapon,https://dragonage.fandom.com/wiki/Shaperate%27s_Blessing_(greatsword),0,weapons.greatswords
gen_im_wep_mel_gsw_stn,Asala,dao,metal,weapon,https://dragonage.fandom.com/wiki/Asala,0,weapons.greatswords
gen_im_wep_mel_gsw_sum,The Summer Sword,dao,metal,weapon,https://dragonage.fandom.com/wiki/The_Summer_Sword,0,weapons.greatswords
gen_im_wep_mel_gsw_yus,Yusaris,dao,metal,weapon,https://dragonage.fandom.com/wiki/Yusaris,0,weapons.greatswords
gwb_im_wep_mel_gsw_stm,Starfang,dao,metal,weapon,https://dragonage.fandom.com/wiki/Starfang_(greatsword),0,weapons.greatswords
lite_caged_sword,Ageless,dao,,,,0,weapons.greatswords
val_im_wep_mel_gsw_stn,Butterfly Sword,dao,metal,weapon,https://dragonage.fandom.com/wiki/Butterfly_Sword,0,weapons.greatswords
vgk100im_dragonbone_gswd,Vigilance,dao,,,https://dragonage.fandom.com/wiki/Vigilance_(greatsword),0,weapons.greatswords
vgk100im_drgnbn_grtswd_01,Vigilance,dao,,,https://dragonage.fandom.com/wiki/Vigilance_(greatsword),0,weapons.greatswords
vgk100im_drgnbn_grtswd_02,Vigilance,dao,,,https://dragonage.fandom.com/wiki/Vigilance_(greatsword),0,weapons.greatswords
vgk100im_drgnbn_grtswd_03,Vigilance,dao,,,https://dragonage.fandom.com/wiki/Vigilance_(greatsword),0,weapons.greatswords
vgk100im_drgnbn_grtswd_04,Vigilance,dao,,,https://dragonage.fandom.com/wiki/Vigilance_(greatsword),0,weapons.greatswords
vgk100im_drgnbn_grtswd_05,Vigilance,dao,,,https://dragonage.fandom.com/wiki/Vigilance_(greatsword),0,weapons.greatswords
vgk100im_drgnbn_grtswd_06,Vigilance,dao,,,https://dragonage.fandom.com/wiki/Vigilance_(greatsword),0,weapons.greatswords
vgk100im_drgnbn_grtswd_07,Vigilance,dao,,,https://dragonage.fandom.com/wiki/Vigilance_(greatsword),0,weapons.greatswords
vgk100im_drgnbn_grtswd_08,Vigilance,dao,,,https://dragonage.fandom.com/wiki/Vigilance_(greatsword),0,weapons.greatswords
bhm600ip_lyrium_bowl,Lyrium Bowl,dao,,,,0,weapons.longbows
den260cr_howe_sold_arch,Howe Crossbowman,dao,,,,0,weapons.longbows
drk_dwf_soldier_c,Dwarven Crossbowman,dao,,,,0,weapons.longbows
drk_hmn_war_xbow_a,Crossbowman,dao,,,,0,weapons.longbows
drk_im_wep_rng_lbw_drk,Darkspawn Longbow,dao,wood,shield,https://dragonage.fandom.com/wiki/Darkspawn_Longbow_(Darkspawn_Chronicles),0,weapons.longbows
gen_im_wep_rng_lbw_ant,Antivan Longbow,dao,wood,shield,https://dragonage.fandom.com/wiki/Antivan_Longbow,0,weapons.longbows
gen_im_wep_rng_lbw_dal,Dalish Longbow,dao,wood,shield,https://dragonage.fandom.com/wiki/Dalish_Longbow,0,weapons.longbows
gen_im_wep_rng_lbw_drk,Darkspawn Longbow,dao,wood,shield,https://dragonage.fandom.com/wiki/Darkspawn_Longbow_(Origins),0,weapons.longbows
gen_im_wep_rng_lbw_eye,Mage's Eye,dao,wood,shield,https://dragonage.fandom.com/wiki/Mage%27s_Eye,0,weapons.longbows
gen_im_wep_rng_lbw_fal,Falon'Din's Reach,dao,wood,shield,https://dragonage.fandom.com/wiki/Falon%27Din%27s_Reach,0,weapons.longbows
gen_im_wep_rng_lbw_for,Spear-Thrower,dao,wood,shield,https://dragonage.fandom.com/wiki/Spear-Thrower,0,weapons.longbows
gen_im_wep_rng_lbw_fsn,Far Song,dao,wood,shield,https://dragonage.fandom.com/wiki/Far_Song,0,weapons.longbows
gen_im_wep_rng_lbw_lbw,Longbow,dao,wood,shield,https://dragonage.fandom.com/wiki/Longbow,0,weapons.longbows
gen_im_wep_rng_lbw_maj,Marjolaine's Recurve,dao,wood,shield,https://dragonage.fandom.com/wiki/Marjolaine%27s_Recurve,0,weapons.longbows
gen_im_wep_rng_lbw_sun,Bow of the Golden Sun,dao,wood,shield,https://dragonage.fandom.com/wiki/Bow_of_the_Golden_Sun,0,weapons.longbows
gen_im_wep_rng_lbw_wlf,Wolf-Killer,dao,wood,shield,https://dragonage.fandom.com/wiki/Wolf-Killer,0,weapons.longbows
gib100cr_phase_dwf_xbw,Phantasmal Crossbowman,dao,,,,0,weapons.longbows
lel210cr_archer,Crossbowman,dao,,,,0,weapons.longbows
lel210cr_archer_m,Crossbowman,dao,,,,0,weapons.longbows
prm000im_griffbeak,Bregan's Bow (Origins),dao,,,https://dragonage.fandom.com/wiki/Bregan%27s_Bow_(Origins),0,weapons.longbows
str_im_ariane_bow,Modified Dalish Longbow,dao,,,https://dragonage.fandom.com/wiki/Modified_Dalish_Longbow,0,weapons.longbows
vgk100im_heartwood_bow,Heartwood Bow,dao,,,https://dragonage.fandom.com/wiki/Heartwood_Bow,0,weapons.longbows
drk_im_wep_lsw_war,Warden's Longsword,dao,metal,weapon,https://dragonage.fandom.com/wiki/Warden%27s_Longsword_(Darkspawn_Chronicles),0,weapons.longswords
drk_im_wep_mel_lsw_drk_,Darkspawn Longsword,dao,metal,weapon,,0,weapons.longswords
drk_im_wep_mel_lsw_saw,Saw Sword,dao,metal,weapon,https://dragonage.fandom.com/wiki/Saw_Sword_(Darkspawn_Chronicles),0,weapons.longswords
gen_im_wep_mel_lsw_arw,Spellweaver,dao,metal,weapon,https://dragonage.fandom.com/wiki/Spellweaver,0,weapons.longswords
gen_im_wep_mel_lsw_dar,Dar'Misaan,dao,metal,weapon,https://dragonage.fandom.com/wiki/Dar%27Misaan,0,weapons.longswords
gen_im_wep_mel_lsw_drk,Darkspawn Longsword,dao,metal,weapon,https://dragonage.fandom.com/wiki/Darkspawn_Longsword_(Origins),0,weapons.longswords
gen_im_wep_mel_lsw_dwv,Dwarven Longsword,dao,metal,weapon,https://dragonage.fandom.com/wiki/Dwarven_Longsword_(Origins),0,weapons.longswords
gen_im_wep_mel_lsw_fam,Family Sword,dao,metal,weapon,https://dragonage.fandom.com/wiki/Family_Sword,0,weapons.longswords
gen_im_wep_mel_lsw_fdb,Fine Dwarven Blade,dao,metal,weapon,https://dragonage.fandom.com/wiki/Fine_Dwarven_Blade,0,weapons.longswords
gen_im_wep_mel_lsw_gor,Gorim's Sword,dao,metal,weapon,https://dragonage.fandom.com/wiki/Gorim%27s_Sword,0,weapons.longswords
gen_im_wep_mel_lsw_hon,Topsider's Honor,dao,metal,weapon,https://dragonage.fandom.com/wiki/Topsider%27s_Honor,0,weapons.longswords
gen_im_wep_mel_lsw_hro,Dwyn's Sword,dao,metal,weapon,https://dragonage.fandom.com/wiki/Dwyn%27s_Sword,0,weapons.longswords
gen_im_wep_mel_lsw_lsw,Longsword,dao,metal,weapon,https://dragonage.fandom.com/wiki/Longsword,0,weapons.longswords
gen_im_wep_mel_lsw_mar,King Maric's Blade,dao,metal,weapon,https://dragonage.fandom.com/wiki/King_Maric%27s_Blade,0,weapons.longswords
gen_im_wep_mel_lsw_mes,Ser Garlen's Sword,dao,metal,weapon,https://dragonage.fandom.com/wiki/Ser_Garlen%27s_Sword,0,weapons.longswords
gen_im_wep_mel_lsw_oth,Oathkeeper,dao,metal,weapon,https://dragonage.fandom.com/wiki/Oathkeeper,0,weapons.longswords
gen_im_wep_mel_lsw_rev,Keening Blade,dao,metal,weapon,https://dragonage.fandom.com/wiki/Keening_Blade,0,weapons.longswords
gen_im_wep_mel_lsw_rwd,The Green Blade,dao,metal,weapon,https://dragonage.fandom.com/wiki/The_Green_Blade,0,weapons.longswords
gen_im_wep_mel_lsw_saw,Saw Sword,dao,metal,weapon,https://dragonage.fandom.com/wiki/Saw_Sword_(Origins),0,weapons.longswords
gen_im_wep_mel_lsw_sw2,Imperial Edge,dao,metal,weapon,https://dragonage.fandom.com/wiki/Imperial_Edge,0,weapons.longswords
gen_im_wep_mel_lsw_unl,Longsword,dao,metal,weapon,https://dragonage.fandom.com/wiki/Longsword,0,weapons.longswords
gen_im_wep_mel_lsw_war,Warden's Longsword,dao,metal,weapon,https://dragonage.fandom.com/wiki/Warden%27s_Longsword_(Origins),0,weapons.longswords
gib_im_wep_mel_lsw_001,Dumat's Spine,dao,metal,weapon,https://dragonage.fandom.com/wiki/Dumat%27s_Spine,0,weapons.longswords
gwb201ip_sword,Sword,dao,,,,0,weapons.longswords
gwb_im_wep_mel_lsw_ast,Asturian's Might,dao,metal,weapon,https://dragonage.fandom.com/wiki/Asturian%27s_Might,0,weapons.longswords
gwb_im_wep_mel_lsw_stm,Starfang,dao,metal,weapon,https://dragonage.fandom.com/wiki/Starfang_(longsword),0,weapons.longswords
kcc_im_wep_mel_lsw_dun,Duncan's Sword,dao,metal,weapon,https://dragonage.fandom.com/wiki/Duncan%27s_Sword,0,weapons.longswords
kcc_im_wep_mel_lsw_mar,Maric's Blade,dao,metal,weapon,https://dragonage.fandom.com/wiki/Maric%27s_Blade,0,weapons.longswords
prc_im_wep_mel_lsw_drk_dao,Blightblood,dao,metal,weapon,https://dragonage.fandom.com/wiki/Blightblood_(Origins),0,weapons.longswords
ran120cr_hired_sword_a,Hired Swordsman,dao,,,,0,weapons.longswords
ran120cr_hired_sword_b,Hired Swordsman,dao,,,,0,weapons.longswords
ran120cr_hired_sword_c,Hired Swordsman,dao,,,,0,weapons.longswords
ran120cr_hired_sword_d,Hired Swordsman,dao,,,,0,weapons.longswords
ran120cr_hired_sword_e,Hired Swordsman,dao,,,,0,weapons.longswords
ran120cr_hired_sword_f,Hired Swordsman,dao,,,,0,weapons.longswords
trp100ip_sword,Fereldan Sword,dao,,,,0,weapons.longswords
val_im_gift_skull,Butterfly Sword,dao,,,https://dragonage.fandom.com/wiki/Butterfly_Sword_(gift),0,weapons.longswords
vgk100im_dragonbone_lngswd,Vigilance,dao,,,https://dragonage.fandom.com/wiki/Vigilance_(longsword),0,weapons.longswords
vgk100im_drgnbn_lngswd_01,Vigilance,dao,,,https://dragonage.fandom.com/wiki/Vigilance_(longsword),0,weapons.longswords
vgk100im_drgnbn_lngswd_02,Vigilance,dao,,,https://dragonage.fandom.com/wiki/Vigilance_(longsword),0,weapons.longswords
vgk100im_drgnbn_lngswd_03,Vigilance,dao,,,https://dragonage.fandom.com/wiki/Vigilance_(longsword),0,weapons.longswords
vgk100im_drgnbn_lngswd_04,Vigilance,dao,,,https://dragonage.fandom.com/wiki/Vigilance_(longsword),0,weapons.longswords
vgk100im_drgnbn_lngswd_05,Vigilance,dao,,,https://dragonage.fandom.com/wiki/Vigilance_(longsword),0,weapons.longswords
vgk100im_drgnbn_lngswd_06,Vigilance,dao,,,https://dragonage.fandom.com/wiki/Vigilance_(longsword),0,weapons.longswords
vgk100im_drgnbn_lngswd_07,Vigilance,dao,,,https://dragonage.fandom.com/wiki/Vigilance_(longsword),0,weapons.longswords
vgk100im_drgnbn_lngswd_08,Vigilance,dao,,,https://dragonage.fandom.com/wiki/Vigilance_(longsword),0,weapons.longswords
zz_scavenger_temp,Scavenger (Sten Sword Quest Temp),dao,,,,0,weapons.longswords
zz_test_tier_7_weapon,Longsword,dao,,,,0,weapons.longswords
zz_test_tier_8_weapon,Longsword,dao,,,,0,weapons.longswords
zz_test_tier_9_weapon,Longsword,dao,,,,0,weapons.longswords
zzz_gen_im_wep_mel_lsw,Sword of Ogre Strength,dao,metal,weapon,,0,weapons.longswords
drk_im_wep_mel_mac_drk,Darkspawn Mace,dao,metal,weapon,https://dragonage.fandom.com/wiki/Darkspawn_Mace_(Darkspawn_Chronicles),0,weapons.maces
gen_im_wep_mel_mac_aed,Aeducan Mace,dao,metal,weapon,https://dragonage.fandom.com/wiki/Aeducan_Mace,0,weapons.maces
gen_im_wep_mel_mac_bar,Barbarian Mace,dao,metal,weapon,https://dragonage.fandom.com/wiki/Barbarian_Mace,0,weapons.maces
gen_im_wep_mel_mac_bra,Vanguard,dao,metal,weapon,https://dragonage.fandom.com/wiki/Vanguard,0,weapons.maces
gen_im_wep_mel_mac_chv,Chevalier's Mace,dao,metal,weapon,https://dragonage.fandom.com/wiki/Chevalier%27s_Mace,0,weapons.maces
gen_im_wep_mel_mac_drk,Darkspawn Mace,dao,metal,weapon,https://dragonage.fandom.com/wiki/Darkspawn_Mace_(Origins),0,weapons.maces
gen_im_wep_mel_mac_dwv,Dwarven Mace,dao,metal,weapon,https://dragonage.fandom.com/wiki/Dwarven_Mace,0,weapons.maces
gen_im_wep_mel_mac_end,Endrin's Mace,dao,metal,weapon,https://dragonage.fandom.com/wiki/Endrin%27s_Mace,0,weapons.maces
gen_im_wep_mel_mac_gry,High Constable's Mace,dao,metal,weapon,https://dragonage.fandom.com/wiki/High_Constable%27s_Mace,0,weapons.maces
gen_im_wep_mel_mac_lan,Engraved Mace,dao,metal,weapon,https://dragonage.fandom.com/wiki/Engraved_Mace,0,weapons.maces
gen_im_wep_mel_mac_mac,Mace,dao,metal,weapon,https://dragonage.fandom.com/wiki/Mace,0,weapons.maces
gen_im_wep_mel_mac_mgc,Liberator's Mace,dao,metal,weapon,https://dragonage.fandom.com/wiki/Liberator%27s_Mace,0,weapons.maces
gen_im_wep_mel_mac_shp,Shaperate's Blessing,dao,metal,weapon,https://dragonage.fandom.com/wiki/Shaperate%27s_Blessing_(mace),0,weapons.maces
gib_im_wep_mac,The Reaper's Cudgel,dao,metal,weapon,https://dragonage.fandom.com/wiki/The_Reaper%27s_Cudgel_(Golems_of_Amgarrak),0,weapons.maces
lit_im_wep_mel_mac_bar,Barbarian Mace,dao,metal,weapon,,0,weapons.maces
prc_im_gib_wep_mac_dao,The Reaper's Cudgel,dao,metal,weapon,https://dragonage.fandom.com/wiki/The_Reaper%27s_Cudgel_(Origins),0,weapons.maces
gen_im_wep_mal_cha,Chasind Great Maul,dao,metal,weapon,https://dragonage.fandom.com/wiki/Chasind_Great_Maul,0,weapons.mauls
gen_im_wep_mal_for,Forge Master's Hammer,dao,metal,weapon,https://dragonage.fandom.com/wiki/Forge_Master%27s_Hammer,0,weapons.mauls
gen_im_wep_mal_new,Thorval's Luck,dao,metal,weapon,https://dragonage.fandom.com/wiki/Thorval%27s_Luck,0,weapons.mauls
gen_im_wep_mel_mal_cha,Chasind Crusher,dao,metal,weapon,https://dragonage.fandom.com/wiki/Chasind_Crusher,0,weapons.mauls
gen_im_wep_mel_mal_dmd,Diamond Maul,dao,metal,weapon,https://dragonage.fandom.com/wiki/Diamond_Maul,0,weapons.mauls
gen_im_wep_mel_mal_drk,Darkspawn Maul,dao,metal,weapon,https://dragonage.fandom.com/wiki/Darkspawn_Maul_(Origins),0,weapons.mauls
gen_im_wep_mel_mal_exl,Exalted Maul,dao,metal,weapon,https://dragonage.fandom.com/wiki/Exalted_Maul,0,weapons.mauls
gen_im_wep_mel_mal_hvy,Heavy Maul,dao,metal,weapon,https://dragonage.fandom.com/wiki/Heavy_Maul,0,weapons.mauls
gen_im_wep_mel_mal_mal,Maul,dao,metal,weapon,https://dragonage.fandom.com/wiki/Maul,0,weapons.mauls
gen_im_wep_mel_mal_spk,Spiked Maul,dao,metal,weapon,https://dragonage.fandom.com/wiki/Spiked_Maul,0,weapons.mauls
gen_im_wep_mel_mal_tri,Trian's Maul,dao,metal,weapon,https://dragonage.fandom.com/wiki/Trian%27s_Maul,0,weapons.mauls
trp200im_wep_mel_mal,Leg-Crusher,dao,metal,weapon,https://dragonage.fandom.com/wiki/Leg-Crusher,0,weapons.mauls
drk_im_wep_rng_sbw_drk,Darkspawn Shortbow,dao,wood,shield,https://dragonage.fandom.com/wiki/Darkspawn_Shortbow_(Darkspawn_Chronicles),0,weapons.shortbows
gen_im_wep_rng_sbw_drk,Darkspawn Shortbow,dao,wood,shield,https://dragonage.fandom.com/wiki/Darkspawn_Shortbow_(Origins),0,weapons.shortbows
gen_im_wep_rng_sbw_mgc,The Fox's Bow,dao,wood,shield,https://dragonage.fandom.com/wiki/The_Fox%27s_Bow,0,weapons.shortbows
gen_im_wep_rng_sbw_new,The Dark Moon,dao,wood,shield,https://dragonage.fandom.com/wiki/The_Dark_Moon,0,weapons.shortbows
gen_im_wep_rng_sbw_orl,Orlesian Bow,dao,wood,shield,https://dragonage.fandom.com/wiki/Orlesian_Bow,0,weapons.shortbows
gen_im_wep_rng_sbw_sbw,Shortbow,dao,wood,shield,https://dragonage.fandom.com/wiki/Shortbow,0,weapons.shortbows
gen_im_wep_rng_sbw_sct,Scout's Bow,dao,wood,shield,https://dragonage.fandom.com/wiki/Scout%27s_Bow,0,weapons.shortbows
gen_im_wep_rng_sbw_stl,Whitewood Bow,dao,wood,shield,https://dragonage.fandom.com/wiki/Whitewood_Bow,0,weapons.shortbows
gen_im_wep_rng_sbw_wld,Wilds Bow,dao,wood,shield,https://dragonage.fandom.com/wiki/Wilds_Bow,0,weapons.shortbows
drk_im_wep_mag_sta_drk,Darkspawn Staff,dao,wood,weapon,https://dragonage.fandom.com/wiki/Darkspawn_Staff_(Darkspawn_Chronicles),0,weapons.staves
drk_im_wep_mag_sta_gen,Malign Staff,dao,wood,weapon,https://dragonage.fandom.com/wiki/Malign_Staff_(Darkspawn_Chronicles),0,weapons.staves
gen_im_gift_pwood,Piece of Wood,dao,,,https://dragonage.fandom.com/wiki/Piece_of_Wood,0,weapons.staves
gen_im_wep_mag_sta_aco,Acolyte's Staff,dao,wood,weapon,https://dragonage.fandom.com/wiki/Acolyte%27s_Staff_(Origins),0,weapons.staves
gen_im_wep_mag_sta_bhs,Blackened Heartwood Staff,dao,wood,weapon,https://dragonage.fandom.com/wiki/Blackened_Heartwood_Staff,0,weapons.staves
gen_im_wep_mag_sta_drk,Darkspawn Staff,dao,wood,weapon,https://dragonage.fandom.com/wiki/Darkspawn_Staff_(Origins),0,weapons.staves
gen_im_wep_mag_sta_fi1,Torch of Embers,dao,wood,weapon,https://dragonage.fandom.com/wiki/Torch_of_Embers,0,weapons.staves
gen_im_wep_mag_sta_fi2,Pyromancer's Brand,dao,wood,weapon,https://dragonage.fandom.com/wiki/Pyromancer%27s_Brand,0,weapons.staves
gen_im_wep_mag_sta_gen,Malign Staff,dao,wood,weapon,https://dragonage.fandom.com/wiki/Malign_Staff_(Origins),0,weapons.staves
gen_im_wep_mag_sta_har,Harrowmont's Staff,dao,wood,weapon,https://dragonage.fandom.com/wiki/Harrowmont%27s_Staff,0,weapons.staves
gen_im_wep_mag_sta_ic1,Wintersbreath,dao,wood,weapon,https://dragonage.fandom.com/wiki/Wintersbreath_(Origins),0,weapons.staves
gen_im_wep_mag_sta_li1,Lightning Rod,dao,wood,weapon,https://dragonage.fandom.com/wiki/Lightning_Rod,0,weapons.staves
gen_im_wep_mag_sta_li2,Heaven's Wrath,dao,wood,weapon,https://dragonage.fandom.com/wiki/Heaven%27s_Wrath,0,weapons.staves
gen_im_wep_mag_sta_mag,Staff of the Ephemeral Order,dao,wood,weapon,https://dragonage.fandom.com/wiki/Staff_of_the_Ephemeral_Order,0,weapons.staves
gen_im_wep_mag_sta_mgc,Magic Staff,dao,wood,weapon,https://dragonage.fandom.com/wiki/Magic_Staff,0,weapons.staves
gen_im_wep_mag_sta_mgs,Magister's Staff,dao,wood,weapon,https://dragonage.fandom.com/wiki/Magister%27s_Staff,0,weapons.staves
gen_im_wep_mag_sta_mld,Staff of the Magister Lord,dao,wood,weapon,https://dragonage.fandom.com/wiki/Staff_of_the_Magister_Lord,0,weapons.staves
gen_im_wep_mag_sta_mor,Enchanter's Staff,dao,wood,weapon,https://dragonage.fandom.com/wiki/Enchanter%27s_Staff,0,weapons.staves
gen_im_wep_mag_sta_oak,Oak Branch,dao,wood,weapon,https://dragonage.fandom.com/wiki/Oak_Branch,0,weapons.staves
gen_im_wep_mag_sta_po1,Sylvan's Mercy,dao,wood,weapon,https://dragonage.fandom.com/wiki/Sylvan%27s_Mercy,0,weapons.staves
gen_im_wep_mag_sta_shp,Shaperate's Blessing,dao,wood,weapon,https://dragonage.fandom.com/wiki/Shaperate%27s_Blessing_(staff),0,weapons.staves
gwb_im_wep_mag_sta_icy,Winter's Breath,dao,wood,weapon,https://dragonage.fandom.com/wiki/Winter%27s_Breath,0,weapons.staves
kcc_im_wep_mag_sta_crp,Corrupted Magister's Staff,dao,wood,weapon,https://dragonage.fandom.com/wiki/Corrupted_Magister%27s_Staff,0,weapons.staves
lel_im_wep_mag_sta_01,Sketch's Split-Shaft,dao,wood,weapon,https://dragonage.fandom.com/wiki/Sketch%27s_Split-Shaft,0,weapons.staves
str_im_wep_mag_sta_aco,Magic Staff,dao,wood,weapon,https://dragonage.fandom.com/wiki/Magic_Staff,0,weapons.staves
val_im_wep_mag_sta_cat,Cat Lady's Hobble-Stick,dao,wood,weapon,https://dragonage.fandom.com/wiki/Cat_Lady%27s_Hobble-Stick,0,weapons.staves
gen_im_wep_mel_axe_ash,Ash Warrior Axe,dao,metal,weapon,https://dragonage.fandom.com/wiki/Ash_Warrior_Axe,0,weapons.waraxes
gen_im_wep_mel_axe_axe,Axe,dao,metal,weapon,https://dragonage.fandom.com/wiki/Axe,0,weapons.waraxes
gen_im_wep_mel_axe_dal,Dal'Thanu,dao,metal,weapon,https://dragonage.fandom.com/wiki/Dal%27Thanu,0,weapons.waraxes
gen_im_wep_mel_axe_dey,Deygan's Dal'Thanu,dao,metal,weapon,https://dragonage.fandom.com/wiki/Deygan%27s_Dal%27Thanu,0,weapons.waraxes
gen_im_wep_mel_axe_drk,Darkspawn Waraxe,dao,metal,weapon,https://dragonage.fandom.com/wiki/Darkspawn_Waraxe_(Origins),0,weapons.waraxes
gen_im_wep_mel_axe_dss,Bloodline,dao,metal,weapon,https://dragonage.fandom.com/wiki/Bloodline_(Origins),0,weapons.waraxes
gen_im_wep_mel_axe_dwv,Dwarven Waraxe,dao,metal,weapon,https://dragonage.fandom.com/wiki/Dwarven_Waraxe,0,weapons.waraxes
gen_im_wep_mel_axe_gry,Axe of the Grey,dao,metal,weapon,https://dragonage.fandom.com/wiki/Axe_of_the_Grey,0,weapons.waraxes
gen_im_wep_mel_axe_how,Biteback Axe,dao,metal,weapon,https://dragonage.fandom.com/wiki/Biteback_Axe,0,weapons.waraxes
gen_im_wep_mel_axe_new,Aodh,dao,metal,weapon,https://dragonage.fandom.com/wiki/Aodh,0,weapons.waraxes
gen_im_wep_mel_axe_spi,Axameter,dao,metal,weapon,https://dragonage.fandom.com/wiki/Axameter,0,weapons.waraxes
gen_im_wep_mel_axe_ves,The Veshialle,dao,metal,weapon,https://dragonage.fandom.com/wiki/The_Veshialle,0,weapons.waraxes
